レース場,レース番号,レース種別,艇番,登録番号,選手名,年齢,支部,体重,級別,全国勝率,全国2連対率,当地勝率,当地2連対率,モーター番号,モーター2連対率,ボート番号,ボート2連対率
大村,1,予選,1,3025,山口哲治,60,長崎,51,B1,4.09,18.60,4.90,25.00,12,15.38,60,25.00
大村,1,予選,2,4272,大場広孝,40,福岡,56,B1,5.09,31.03,4.54,21.62,78,0.00,47,27.78
大村,1,予選,3,4954,内山峻輔,27,東京,53,B1,4.68,31.82,4.00,30.00,44,17.65,18,53.33
大村,1,予選,4,3571,寺本武司,50,長崎,52,B1,4.12,20.62,4.22,22.12,41,31.58,71,55.56
大村,1,予選,5,5144,中尾彩香,21,福岡,49,B1,2.65,9.57,2.15,3.85,31,59.09,25,12.50
大村,1,予選,6,3928,林　恵祐,46,福岡,60,B1,4.01,21.57,4.40,25.58,71,0.00,54,45.45
大村,2,予選,1,4552,杉山勝匡,33,佐賀,51,B1,5.29,32.71,4.26,26.32,17,35.71,20,15.38
大村,2,予選,2,3361,岡部　浩,53,徳島,51,B1,4.81,26.04,4.13,25.00,25,47.06,15,28.57
大村,2,予選,3,4733,赤井　睦,33,徳島,47,B2,3.00,14.29,0.00,0.00,34,45.00,59,21.43
大村,2,予選,4,5128,坪井爽佑,25,三重,55,B1,2.41,5.80,1.82,0.00,39,42.11,24,40.00
大村,2,予選,5,3499,市川哲也,53,広島,51,A1,6.22,45.95,7.00,60.71,43,31.58,63,57.14
大村,2,予選,6,4551,三川昂暁,33,福岡,53,A2,5.61,38.84,5.59,36.96,11,70.59,66,28.57
大村,3,予選,1,4440,萩原知哉,35,東京,54,B1,3.71,15.56,0.00,0.00,27,14.29,62,0.00
大村,3,予選,2,3572,安田政彦,50,兵庫,54,A1,6.22,44.52,6.39,38.78,28,13.33,64,50.00
大村,3,予選,3,4709,岡村将也,33,福岡,53,B1,5.32,38.71,5.09,29.41,21,21.43,56,50.00
大村,3,予選,4,5203,神里琴音,18,福岡,45,B2,2.23,1.33,4.14,14.29,26,43.75,45,50.00
大村,3,予選,5,4367,山口修路,36,福岡,51,B1,4.53,20.00,5.00,28.33,35,35.00,17,47.06
大村,3,予選,6,3522,長溝一生,53,佐賀,54,A2,5.45,35.37,6.43,47.83,72,28.57,55,53.85
大村,4,予選,1,4496,内堀　学,35,東京,54,B1,5.47,36.84,7.10,44.83,37,26.32,70,57.14
大村,4,予選,2,4872,山下流心,29,広島,52,A1,5.96,38.85,0.00,0.00,75,7.69,52,45.00
大村,4,予選,3,4070,中村亮太,41,長崎,51,A1,6.84,54.10,7.22,56.92,73,28.57,12,40.00
大村,4,予選,4,4941,孫崎百世,33,滋賀,45,B1,5.41,30.12,5.57,42.86,40,11.76,19,47.06
大村,4,予選,5,4632,長尾京志,33,福岡,53,B1,4.42,19.74,5.14,27.91,13,33.33,26,33.33
大村,4,予選,6,4043,桐本康臣,42,三重,53,A2,6.50,44.27,6.50,42.86,32,50.00,61,71.43
大村,5,予選,1,3505,山田竜一,51,東京,53,A2,5.46,34.62,5.45,31.82,20,31.25,16,53.33
大村,5,予選,2,3928,林　恵祐,46,福岡,60,B1,4.01,21.57,4.40,25.58,71,0.00,54,45.45
大村,5,予選,3,4174,赤坂俊輔,39,長崎,52,A1,6.52,47.66,7.49,56.45,22,56.25,13,21.43
大村,5,予選,4,4555,富永大一,33,福岡,54,B1,4.62,27.63,4.35,20.00,81,35.71,50,15.38
大村,5,予選,5,3742,宮地秀祈,48,福岡,51,B1,5.24,28.95,6.33,46.67,24,56.25,49,28.57
大村,5,予選,6,3303,渡辺　豊,54,東京,55,A2,5.42,33.86,4.92,29.17,77,0.00,57,28.57
大村,6,予選,1,4381,田路朋史,37,兵庫,52,A2,5.85,42.59,3.67,11.11,18,56.25,69,37.50
大村,6,予選,2,4140,梶野学志,41,東京,53,A1,6.53,46.46,6.68,40.91,19,21.43,48,44.44
大村,6,予選,3,3741,松尾基成,48,福岡,56,B1,4.09,17.36,4.45,22.77,38,35.00,65,28.57
大村,6,予選,4,3361,岡部　浩,53,徳島,51,B1,4.81,26.04,4.13,25.00,25,47.06,15,28.57
大村,6,予選,5,4954,内山峻輔,27,東京,53,B1,4.68,31.82,4.00,30.00,44,17.65,18,53.33
大村,6,予選,6,4288,永田啓二,37,福岡,53,A1,6.77,50.48,7.15,50.75,80,33.33,67,12.50
大村,7,予選,1,4515,藤田浩人,36,佐賀,54,A2,5.88,42.28,6.25,40.91,33,40.00,58,16.67
大村,7,予選,2,4440,萩原知哉,35,東京,54,B1,3.71,15.56,0.00,0.00,27,14.29,62,0.00
大村,7,予選,3,4330,奈須啓太,38,福岡,53,A1,6.36,46.67,6.20,44.44,15,33.33,14,28.57
大村,7,予選,4,3514,山一鉄也,55,福岡,52,A2,5.68,37.41,6.45,44.93,74,37.50,11,20.00
大村,7,予選,5,4272,大場広孝,40,福岡,56,B1,5.09,31.03,4.54,21.62,78,0.00,47,27.78
大村,7,予選,6,5128,坪井爽佑,25,三重,55,B1,2.41,5.80,1.82,0.00,39,42.11,24,40.00
大村,8,予選,1,3470,新田芳美,52,徳島,46,B2,5.32,31.58,5.05,26.32,30,6.25,53,65.00
大村,8,予選,2,4941,孫崎百世,33,滋賀,45,B1,5.41,30.12,5.57,42.86,40,11.76,19,47.06
大村,8,予選,3,5144,中尾彩香,21,福岡,49,B1,2.65,9.57,2.15,3.85,31,59.09,25,12.50
大村,8,予選,4,4017,向井美鈴,42,山口,44,A2,5.46,34.92,5.56,44.44,16,14.29,22,21.43
大村,8,予選,5,3551,藤田美代,50,福岡,44,B1,4.90,23.33,4.17,13.79,14,20.00,23,27.27
大村,8,予選,6,5203,神里琴音,18,福岡,45,B2,2.23,1.33,4.14,14.29,26,43.75,45,50.00
大村,9,予選特賞,1,3747,國崎良春,47,福岡,52,A2,4.91,26.88,4.75,19.44,76,20.00,46,17.65
大村,9,予選特賞,2,4632,長尾京志,33,福岡,53,B1,4.42,19.74,5.14,27.91,13,33.33,26,33.33
大村,9,予選特賞,3,3572,安田政彦,50,兵庫,54,A1,6.22,44.52,6.39,38.78,28,13.33,64,50.00
大村,9,予選特賞,4,3025,山口哲治,60,長崎,51,B1,4.09,18.60,4.90,25.00,12,15.38,60,25.00
大村,9,予選特賞,5,4555,富永大一,33,福岡,54,B1,4.62,27.63,4.35,20.00,81,35.71,50,15.38
大村,9,予選特賞,6,3984,坂口　周,44,三重,53,A1,5.99,42.05,6.11,22.22,36,22.22,68,21.43
大村,10,予選特賞,1,4872,山下流心,29,広島,52,A1,5.96,38.85,0.00,0.00,75,7.69,52,45.00
大村,10,予選特賞,2,4437,中田元泰,36,香川,56,A1,6.02,38.89,6.53,50.00,23,33.33,51,29.41
大村,10,予選特賞,3,3303,渡辺　豊,54,東京,55,A2,5.42,33.86,4.92,29.17,77,0.00,57,28.57
大村,10,予選特賞,4,3741,松尾基成,48,福岡,56,B1,4.09,17.36,4.45,22.77,38,35.00,65,28.57
大村,10,予選特賞,5,3743,林　美憲,47,徳島,52,A1,7.08,54.20,7.65,58.06,29,66.67,21,28.57
大村,10,予選特賞,6,4355,小川広大,38,福岡,57,B1,4.47,22.86,3.51,13.51,79,23.08,72,12.50
大村,11,予選特選,1,4140,梶野学志,41,東京,53,A1,6.53,46.46,6.68,40.91,19,21.43,48,44.44
大村,11,予選特選,2,4552,杉山勝匡,33,佐賀,51,B1,5.29,32.71,4.26,26.32,17,35.71,20,15.38
大村,11,予選特選,3,3505,山田竜一,51,東京,53,A2,5.46,34.62,5.45,31.82,20,31.25,16,53.33
大村,11,予選特選,4,4709,岡村将也,33,福岡,53,B1,5.32,38.71,5.09,29.41,21,21.43,56,50.00
大村,11,予選特選,5,4070,中村亮太,41,長崎,51,A1,6.84,54.10,7.22,56.92,73,28.57,12,40.00
大村,11,予選特選,6,4330,奈須啓太,38,福岡,53,A1,6.36,46.67,6.20,44.44,15,33.33,14,28.57
大村,12,予選特選,1,4174,赤坂俊輔,39,長崎,52,A1,6.52,47.66,7.49,56.45,22,56.25,13,21.43
大村,12,予選特選,2,4043,桐本康臣,42,三重,53,A2,6.50,44.27,6.50,42.86,32,50.00,61,71.43
大村,12,予選特選,3,4288,永田啓二,37,福岡,53,A1,6.77,50.48,7.15,50.75,80,33.33,67,12.50
大村,12,予選特選,4,3522,長溝一生,53,佐賀,54,A2,5.45,35.37,6.43,47.83,72,28.57,55,53.85
大村,12,予選特選,5,4515,藤田浩人,36,佐賀,54,A2,5.88,42.28,6.25,40.91,33,40.00,58,16.67
大村,12,予選特選,6,4017,向井美鈴,42,山口,44,A2,5.46,34.92,5.56,44.44,16,14.29,22,21.43
福岡,1,予選,1,4051,清水敦揮,41,岡山,55,A2,6.29,47.19,5.53,31.91,45,35.29,111,12.50
福岡,1,予選,2,3306,武田正紀,54,埼玉,56,B1,4.51,23.33,0.00,0.00,29,20.00,173,0.00
福岡,1,予選,3,4394,永嶋裕一,36,福岡,59,B1,3.59,11.76,4.90,27.12,31,41.18,102,25.00
福岡,1,予選,4,5131,江藤敦宏,23,福岡,52,B1,2.91,8.33,1.75,0.00,49,61.11,174,41.67
福岡,1,予選,5,4697,國弘翔平,35,福岡,49,B1,4.83,31.19,5.32,36.17,30,20.00,169,50.00
福岡,1,予選,6,4406,幸野史明,37,福岡,51,B1,4.21,17.70,4.76,18.67,54,22.22,143,28.57
福岡,2,予選,1,4693,松下誉士,38,福岡,53,B1,4.20,20.21,4.44,23.23,63,73.33,119,12.50
福岡,2,予選,2,4704,河野　大,34,徳島,51,A1,6.51,46.67,6.12,50.00,36,40.00,115,73.68
福岡,2,予選,3,2912,尾崎鉄也,66,長崎,57,B1,3.43,15.63,3.89,26.56,65,18.75,125,37.50
福岡,2,予選,4,4705,吉川勇作,33,長崎,54,B1,4.52,27.36,4.28,16.28,60,62.50,108,33.33
福岡,2,予選,5,3623,深川真二,48,佐賀,50,A1,7.27,58.91,6.64,48.00,75,0.00,109,46.15
福岡,2,予選,6,3904,森　貴洋,45,大阪,55,A1,6.29,43.90,6.68,53.57,13,23.53,171,72.73
福岡,3,予選,1,4403,木下大將,37,福岡,53,A1,5.94,35.37,6.24,46.94,19,27.78,113,50.00
福岡,3,予選,2,4092,岡部大輔,41,佐賀,53,A2,5.99,45.32,5.63,37.21,44,43.75,126,43.75
福岡,3,予選,3,3869,井芹大志,46,福岡,54,B1,4.60,28.72,3.67,7.14,17,41.18,166,0.00
福岡,3,予選,4,4294,古賀繁輝,36,佐賀,56,A1,5.81,43.04,6.79,51.16,38,68.42,164,55.56
福岡,3,予選,5,5239,上野俊樹,22,福岡,51,B2,1.59,0.00,1.17,0.00,37,46.15,127,16.67
福岡,3,予選,6,3593,横井光弘,53,長崎,57,B1,4.40,15.73,4.42,17.81,50,44.44,116,18.18
福岡,4,予選,1,3350,藤本佳史,54,山口,53,A2,5.39,33.68,5.00,29.55,15,33.33,124,26.67
福岡,4,予選,2,4653,小野達哉,36,大阪,52,A1,6.63,49.19,5.80,45.10,59,33.33,101,0.00
福岡,4,予選,3,4691,水原　慎,39,徳島,50,B1,4.55,22.50,4.88,30.00,69,37.50,165,44.44
福岡,4,予選,4,3849,中岡正彦,44,香川,53,A1,6.44,49.21,6.42,58.33,62,28.57,172,16.67
福岡,4,予選,5,5214,田中宏典,23,佐賀,59,B2,1.27,0.00,1.00,0.00,32,0.00,123,17.65
福岡,4,予選,6,4251,川崎誠志,39,山口,52,B1,4.74,31.48,4.59,28.21,28,7.14,161,0.00
福岡,5,予選,1,4201,佐竹友樹,39,埼玉,52,B1,4.71,27.00,5.10,20.00,18,50.00,163,62.50
福岡,5,予選,2,4259,真庭明志,38,長崎,53,A2,5.68,38.97,5.89,41.54,48,37.50,107,7.14
福岡,5,予選,3,4056,小西英輝,43,福井,53,B1,4.74,29.27,2.63,6.25,34,47.06,162,33.33
福岡,5,予選,4,4189,川上　剛,41,福岡,55,A1,6.30,45.12,6.15,38.14,67,22.22,167,33.33
福岡,5,予選,5,5131,江藤敦宏,23,福岡,52,B1,2.91,8.33,1.75,0.00,49,61.11,174,41.67
福岡,5,予選,6,5048,眞鳥康太,28,長崎,56,B1,4.33,19.61,3.74,13.04,20,11.76,117,31.58
福岡,6,予選,1,3906,飯山晃三,44,長崎,57,B1,4.80,33.93,5.15,32.79,61,37.50,118,33.33
福岡,6,予選,2,2912,尾崎鉄也,66,長崎,57,B1,3.43,15.63,3.89,26.56,65,18.75,125,37.50
福岡,6,予選,3,4558,宮野　仁,32,岡山,53,B1,5.38,30.00,4.94,27.08,73,50.00,155,44.44
福岡,6,予選,4,3574,大神康司,49,福岡,52,A2,6.09,46.85,6.32,47.68,14,8.33,168,44.44
福岡,6,予選,5,3872,岡田憲行,46,大阪,53,A2,5.96,37.84,6.04,46.15,52,29.41,104,31.25
福岡,6,予選,6,4394,永嶋裕一,36,福岡,59,B1,3.59,11.76,4.90,27.12,31,41.18,102,25.00
福岡,7,予選,1,4747,山戸信二,36,長崎,52,B1,3.76,13.33,3.41,9.38,22,21.05,128,20.00
福岡,7,予選,2,3853,岩崎正哉,49,福岡,57,A2,5.92,43.10,6.77,55.07,21,23.53,170,50.00
福岡,7,予選,3,4697,國弘翔平,35,福岡,49,B1,4.83,31.19,5.32,36.17,30,20.00,169,50.00
福岡,7,予選,4,3833,中辻博訓,47,福井,54,A1,6.89,50.00,0.00,0.00,53,6.25,103,73.33
福岡,7,予選,5,3561,池田真治,54,岡山,52,B1,4.30,23.40,4.58,31.58,46,26.67,160,0.00
福岡,7,予選,6,4705,吉川勇作,33,長崎,54,B1,4.52,27.36,4.28,16.28,60,62.50,108,33.33
福岡,8,予選,1,4092,岡部大輔,41,佐賀,53,A2,5.99,45.32,5.63,37.21,44,43.75,126,43.75
福岡,8,予選,2,3904,森　貴洋,45,大阪,55,A1,6.29,43.90,6.68,53.57,13,23.53,171,72.73
福岡,8,予選,3,3901,松田憲幸,45,山口,52,A2,5.41,37.60,6.25,45.00,64,18.75,110,6.67
福岡,8,予選,4,4406,幸野史明,37,福岡,51,B1,4.21,17.70,4.76,18.67,54,22.22,143,28.57
福岡,8,予選,5,4691,水原　慎,39,徳島,50,B1,4.55,22.50,4.88,30.00,69,37.50,165,44.44
福岡,8,予選,6,5239,上野俊樹,22,福岡,51,B2,1.59,0.00,1.17,0.00,37,46.15,127,16.67
福岡,9,予選特賞,1,4942,柴田朋哉,32,福岡,52,B1,4.35,15.69,4.47,23.96,16,37.50,121,44.44
福岡,9,予選特賞,2,4294,古賀繁輝,36,佐賀,56,A1,5.81,43.04,6.79,51.16,38,68.42,164,55.56
福岡,9,予選特賞,3,4201,佐竹友樹,39,埼玉,52,B1,4.71,27.00,5.10,20.00,18,50.00,163,62.50
福岡,9,予選特賞,4,4693,松下誉士,38,福岡,53,B1,4.20,20.21,4.44,23.23,63,73.33,119,12.50
福岡,9,予選特賞,5,5240,高橋龍治,22,福岡,57,B2,1.49,0.00,0.00,0.00,51,50.00,122,16.67
福岡,9,予選特賞,6,3849,中岡正彦,44,香川,53,A1,6.44,49.21,6.42,58.33,62,28.57,172,16.67
福岡,10,予選特賞,1,3427,大賀広幸,55,山口,52,A1,5.99,39.80,5.88,42.31,66,23.08,106,26.67
福岡,10,予選特賞,2,3574,大神康司,49,福岡,52,A2,6.09,46.85,6.32,47.68,14,8.33,168,44.44
福岡,10,予選特賞,3,4037,別府正幸,43,埼玉,56,A2,5.08,32.65,5.59,37.84,47,46.67,112,33.33
福岡,10,予選特賞,4,5048,眞鳥康太,28,長崎,56,B1,4.33,19.61,3.74,13.04,20,11.76,117,31.58
福岡,10,予選特賞,5,3869,井芹大志,46,福岡,54,B1,4.60,28.72,3.67,7.14,17,41.18,166,0.00
福岡,10,予選特賞,6,4704,河野　大,34,徳島,51,A1,6.51,46.67,6.12,50.00,36,40.00,115,73.68
福岡,11,予選特選,1,3623,深川真二,48,佐賀,50,A1,7.27,58.91,6.64,48.00,75,0.00,109,46.15
福岡,11,予選特選,2,4056,小西英輝,43,福井,53,B1,4.74,29.27,2.63,6.25,34,47.06,162,33.33
福岡,11,予選特選,3,4051,清水敦揮,41,岡山,55,A2,6.29,47.19,5.53,31.91,45,35.29,111,12.50
福岡,11,予選特選,4,4653,小野達哉,36,大阪,52,A1,6.63,49.19,5.80,45.10,59,33.33,101,0.00
福岡,11,予選特選,5,3906,飯山晃三,44,長崎,57,B1,4.80,33.93,5.15,32.79,61,37.50,118,33.33
福岡,11,予選特選,6,3853,岩崎正哉,49,福岡,57,A2,5.92,43.10,6.77,55.07,21,23.53,170,50.00
福岡,12,福岡選抜,1,4189,川上　剛,41,福岡,55,A1,6.30,45.12,6.15,38.14,67,22.22,167,33.33
福岡,12,福岡選抜,2,4403,木下大將,37,福岡,53,A1,5.94,35.37,6.24,46.94,19,27.78,113,50.00
福岡,12,福岡選抜,3,3833,中辻博訓,47,福井,54,A1,6.89,50.00,0.00,0.00,53,6.25,103,73.33
福岡,12,福岡選抜,4,4558,宮野　仁,32,岡山,53,B1,5.38,30.00,4.94,27.08,73,50.00,155,44.44
福岡,12,福岡選抜,5,3350,藤本佳史,54,山口,53,A2,5.39,33.68,5.00,29.55,15,33.33,124,26.67
福岡,12,福岡選抜,6,3901,松田憲幸,45,山口,52,A2,5.41,37.60,6.25,45.00,64,18.75,110,6.67
若松,1,一般戦,1,4282,黄金井裕,38,埼玉,50,B2,4.31,15.38,0.00,0.00,23,38.10,52,26.67
若松,1,一般戦,2,4738,清埜翔子,30,埼玉,48,B1,5.92,43.18,4.16,21.05,52,25.75,72,24.00
若松,1,一般戦,3,3177,宮本紀美,58,東京,50,B1,4.31,15.46,5.44,44.44,2,31.85,53,46.15
若松,1,一般戦,4,4744,伊藤玲奈,29,福岡,46,B1,4.38,19.05,3.58,0.00,16,35.54,15,54.84
若松,1,一般戦,5,5193,米丸乃絵,20,福岡,48,B1,2.04,1.41,1.72,0.00,18,35.23,27,65.22
若松,1,一般戦,6,4510,坂本奈央,33,福岡,47,B2,4.16,10.53,3.78,11.11,26,30.41,26,29.03
若松,2,一般戦,1,3357,福島陽子,53,岡山,48,B1,4.87,28.57,4.32,14.63,11,32.95,30,58.62
若松,2,一般戦,2,3182,久保田美,57,群馬,48,B1,3.30,14.06,2.91,0.00,30,30.19,45,44.44
若松,2,一般戦,3,3801,五反田忍,48,大阪,51,A2,5.84,47.47,5.25,40.00,46,36.09,16,48.28
若松,2,一般戦,4,3845,中谷朋子,45,兵庫,45,A2,6.14,41.86,5.91,40.91,60,36.53,17,29.41
若松,2,一般戦,5,5198,奥村明日,20,福岡,46,B2,1.78,0.00,1.13,0.00,49,39.76,20,75.00
若松,2,一般戦,6,4224,大橋栄里,40,福岡,47,B1,5.10,35.04,5.65,36.84,22,38.24,68,28.00
若松,3,一般戦,1,4569,中澤宏奈,34,東京,47,B1,5.03,33.05,4.92,36.84,55,41.57,67,40.91
若松,3,一般戦,2,4878,西岡育未,27,徳島,46,B1,4.32,16.13,4.52,18.52,39,32.76,57,53.13
若松,3,一般戦,3,3175,渡辺千草,58,東京,49,A2,5.55,34.26,5.30,26.67,28,38.82,25,19.35
若松,3,一般戦,4,3618,海野ゆか,48,広島,44,A1,6.07,40.98,6.54,46.15,58,42.42,43,28.57
若松,3,一般戦,5,4947,間庭菜摘,29,福岡,48,B1,5.44,29.75,3.67,6.67,13,37.95,64,44.83
若松,3,一般戦,6,5200,筒井美琴,20,福岡,51,B2,1.41,2.17,1.09,0.00,44,33.96,60,33.33
若松,4,一般戦,1,4965,福岡泉水,24,兵庫,50,B2,3.77,17.86,0.00,0.00,45,34.32,71,33.33
若松,4,一般戦,2,5194,大久保佑,20,埼玉,45,B1,2.12,1.96,1.75,0.00,48,26.47,28,42.11
若松,4,一般戦,3,4843,深尾巴恵,29,群馬,48,B2,4.31,25.00,2.22,0.00,10,34.55,69,48.28
若松,4,一般戦,4,4825,倉持莉々,28,東京,49,A1,6.80,50.44,4.55,18.18,50,27.98,33,36.67
若松,4,一般戦,5,4447,深川麻奈,35,福岡,49,B1,4.92,33.57,5.04,31.58,37,42.44,59,35.48
若松,4,一般戦,6,4546,浜田亜理,34,埼玉,47,A2,7.24,60.48,6.80,60.00,35,29.83,36,27.27
若松,5,進入固定戦隊,1,4349,犬童千秋,36,福岡,50,A2,5.18,29.29,5.49,34.88,27,31.93,63,28.13
若松,5,進入固定戦隊,2,4746,大豆生蒼,27,埼玉,49,A2,5.84,46.15,5.50,50.00,4,40.12,55,38.46
若松,5,進入固定戦隊,3,5019,柴田百恵,22,静岡,44,B1,4.43,21.00,4.00,15.79,9,28.83,11,46.67
若松,5,進入固定戦隊,4,4804,高田ひか,27,三重,48,A1,6.73,44.86,4.27,27.27,38,35.26,66,48.00
若松,5,進入固定戦隊,5,4791,黒澤めぐ,32,東京,49,B1,5.58,38.95,6.03,46.67,1,34.78,31,41.94
若松,5,進入固定戦隊,6,5003,来田衣織,26,兵庫,52,B1,4.43,23.91,4.45,17.24,5,34.34,34,53.57
若松,6,一般戦,1,4373,若狭奈美,34,岡山,47,A2,6.03,43.96,2.43,0.00,25,28.22,48,26.67
若松,6,一般戦,2,4479,矢野真梨,34,山口,46,B1,4.25,22.22,4.11,22.22,17,29.81,19,34.48
若松,6,一般戦,3,4998,中村かな,28,東京,44,A2,6.08,42.42,5.15,35.00,36,35.20,22,35.71
若松,6,一般戦,4,3604,武藤綾子,51,福岡,49,B1,4.79,25.49,4.50,12.00,56,38.82,56,40.00
若松,6,一般戦,5,4961,西橋奈未,26,福井,46,A2,6.32,42.55,0.00,0.00,31,31.58,50,32.14
若松,6,一般戦,6,5198,奥村明日,20,福岡,46,B2,1.78,0.00,1.13,0.00,49,39.76,20,75.00
若松,7,一般戦,1,4289,落合直子,37,大阪,47,A1,6.77,55.00,7.90,70.00,43,34.50,21,40.00
若松,7,一般戦,2,4244,鈴木成美,35,静岡,44,B1,4.95,27.88,5.59,37.93,47,36.14,42,40.63
若松,7,一般戦,3,4947,間庭菜摘,29,福岡,48,B1,5.44,29.75,3.67,6.67,13,37.95,64,44.83
若松,7,一般戦,4,4885,大山千広,26,福岡,47,A1,6.87,50.67,6.64,42.22,7,42.13,40,32.26
若松,7,一般戦,5,4738,清埜翔子,30,埼玉,48,B1,5.92,43.18,4.16,21.05,52,25.75,72,24.00
若松,7,一般戦,6,4590,渡邉優美,29,福岡,49,A1,5.82,36.89,6.64,53.57,34,41.34,49,34.38
若松,8,エイトビート,1,4443,津田裕絵,35,山口,48,A2,5.50,36.70,4.74,30.43,41,30.38,38,48.39
若松,8,エイトビート,2,4372,原田佑実,34,大阪,46,A1,6.87,56.10,5.52,33.33,51,28.30,75,32.26
若松,8,エイトビート,3,3845,中谷朋子,45,兵庫,45,A2,6.14,41.86,5.91,40.91,60,36.53,17,29.41
若松,8,エイトビート,4,3357,福島陽子,53,岡山,48,B1,4.87,28.57,4.32,14.63,11,32.95,30,58.62
若松,8,エイトビート,5,4744,伊藤玲奈,29,福岡,46,B1,4.38,19.05,3.58,0.00,16,35.54,15,54.84
若松,8,エイトビート,6,4891,寺島美里,32,東京,46,B1,4.13,19.13,2.50,0.00,14,38.69,70,46.15
若松,9,準優勝戦,1,4546,浜田亜理,34,埼玉,47,A2,7.24,60.48,6.80,60.00,35,29.83,36,27.27
若松,9,準優勝戦,2,4804,高田ひか,27,三重,48,A1,6.73,44.86,4.27,27.27,38,35.26,66,48.00
若松,9,準優勝戦,3,4825,倉持莉々,28,東京,49,A1,6.80,50.44,4.55,18.18,50,27.98,33,36.67
若松,9,準優勝戦,4,3175,渡辺千草,58,東京,49,A2,5.55,34.26,5.30,26.67,28,38.82,25,19.35
若松,9,準優勝戦,5,4569,中澤宏奈,34,東京,47,B1,5.03,33.05,4.92,36.84,55,41.57,67,40.91
若松,9,準優勝戦,6,4349,犬童千秋,36,福岡,50,A2,5.18,29.29,5.49,34.88,27,31.93,63,28.13
若松,10,準優勝戦,1,4961,西橋奈未,26,福井,46,A2,6.32,42.55,0.00,0.00,31,31.58,50,32.14
若松,10,準優勝戦,2,4791,黒澤めぐ,32,東京,49,B1,5.58,38.95,6.03,46.67,1,34.78,31,41.94
若松,10,準優勝戦,3,3618,海野ゆか,48,広島,44,A1,6.07,40.98,6.54,46.15,58,42.42,43,28.57
若松,10,準優勝戦,4,4746,大豆生蒼,27,埼玉,49,A2,5.84,46.15,5.50,50.00,4,40.12,55,38.46
若松,10,準優勝戦,5,4373,若狭奈美,34,岡山,47,A2,6.03,43.96,2.43,0.00,25,28.22,48,26.67
若松,10,準優勝戦,6,4289,落合直子,37,大阪,47,A1,6.77,55.00,7.90,70.00,43,34.50,21,40.00
若松,11,準優勝戦,1,4885,大山千広,26,福岡,47,A1,6.87,50.67,6.64,42.22,7,42.13,40,32.26
若松,11,準優勝戦,2,4447,深川麻奈,35,福岡,49,B1,4.92,33.57,5.04,31.58,37,42.44,59,35.48
若松,11,準優勝戦,3,4590,渡邉優美,29,福岡,49,A1,5.82,36.89,6.64,53.57,34,41.34,49,34.38
若松,11,準優勝戦,4,4372,原田佑実,34,大阪,46,A1,6.87,56.10,5.52,33.33,51,28.30,75,32.26
若松,11,準優勝戦,5,4998,中村かな,28,東京,44,A2,6.08,42.42,5.15,35.00,36,35.20,22,35.71
若松,11,準優勝戦,6,4878,西岡育未,27,徳島,46,B1,4.32,16.13,4.52,18.52,39,32.76,57,53.13
若松,12,一般戦,1,3801,五反田忍,48,大阪,51,A2,5.84,47.47,5.25,40.00,46,36.09,16,48.28
若松,12,一般戦,2,4224,大橋栄里,40,福岡,47,B1,5.10,35.04,5.65,36.84,22,38.24,68,28.00
若松,12,一般戦,3,3604,武藤綾子,51,福岡,49,B1,4.79,25.49,4.50,12.00,56,38.82,56,40.00
若松,12,一般戦,4,4443,津田裕絵,35,山口,48,A2,5.50,36.70,4.74,30.43,41,30.38,38,48.39
若松,12,一般戦,5,5019,柴田百恵,22,静岡,44,B1,4.43,21.00,4.00,15.79,9,28.83,11,46.67
若松,12,一般戦,6,5194,大久保佑,20,埼玉,45,B1,2.12,1.96,1.75,0.00,48,26.47,28,42.11
下関,1,予選,1,4246,喜多那由,40,静岡,49,B1,4.47,23.86,3.79,7.14,25,16.07,12,36.76
下関,1,予選,2,3444,香月大介,52,福岡,52,B1,3.79,18.56,3.95,23.68,57,36.07,53,32.86
下関,1,予選,3,3506,宮西真昭,51,佐賀,54,B1,4.04,15.69,3.93,16.67,35,28.75,25,20.00
下関,1,予選,4,4668,楠本晃嗣,37,福岡,51,B1,3.60,14.04,3.65,21.74,48,26.67,43,28.99
下関,1,予選,5,4624,高田　明,37,佐賀,51,A2,5.12,40.00,5.49,37.21,28,28.33,51,44.93
下関,1,予選,6,4226,村田浩司,39,山口,54,B1,3.99,16.35,5.04,30.43,68,52.38,27,38.81
下関,2,予選,1,4567,上村慎太,34,山口,50,B1,4.58,25.00,4.34,17.83,50,37.14,36,31.91
下関,2,予選,2,4368,山口隆史,36,福岡,51,B1,4.53,19.49,4.67,8.33,11,23.64,15,22.03
下関,2,予選,3,3998,冨成謙児,43,佐賀,52,B1,4.53,21.00,4.98,26.83,24,25.71,54,30.88
下関,2,予選,4,4842,山下昂大,30,岡山,53,B1,5.54,29.57,5.32,28.00,39,46.48,58,44.12
下関,2,予選,5,4248,岡本　大,40,長崎,54,B1,4.10,17.95,5.27,29.73,62,27.69,21,33.82
下関,2,予選,6,3809,吉田　光,47,佐賀,49,B1,5.10,34.26,5.00,34.21,17,30.99,29,39.71
下関,3,予選,1,4404,岸蔭　亮,37,兵庫,50,B1,4.13,28.57,5.44,36.00,41,58.46,45,43.48
下関,3,予選,2,4268,和合俊介,36,福岡,59,B1,3.81,16.28,4.48,27.59,43,41.79,34,38.24
下関,3,予選,3,3784,中島友和,45,佐賀,53,A2,5.63,39.18,5.17,33.73,38,31.82,39,31.43
下関,3,予選,4,4089,妹尾忠幸,41,岡山,53,A1,6.48,44.62,5.95,36.36,46,25.00,18,16.92
下関,3,予選,5,5079,大石真央,24,静岡,45,B1,4.86,28.46,4.61,27.78,34,34.33,41,28.57
下関,3,予選,6,3726,桂林　寛,51,福岡,54,B1,4.53,23.20,5.20,30.00,33,42.62,50,21.67
下関,4,予選,1,3949,今出晋二,46,岡山,57,B1,4.15,17.00,4.13,20.00,36,36.49,17,40.30
下関,4,予選,2,4116,川田正人,41,徳島,52,A2,5.48,38.02,5.12,26.92,15,16.67,11,31.34
下関,4,予選,3,3539,金子順一,54,山口,53,B1,4.30,23.62,4.74,26.21,26,39.39,23,21.67
下関,4,予選,4,3527,中嶋誠一,51,長崎,51,A2,5.75,35.97,6.42,37.50,70,30.67,63,22.73
下関,4,予選,5,4232,笠　雅雄,39,福岡,58,B1,4.08,16.90,4.00,25.00,55,40.68,44,44.12
下関,4,予選,6,4063,市橋卓士,42,徳島,55,A1,6.35,42.07,6.98,45.24,73,24.05,66,49.25
下関,5,予選,1,4096,石橋道友,40,長崎,52,A1,6.90,51.43,6.63,43.75,54,33.82,31,46.38
下関,5,予選,2,4027,松江秀徳,44,佐賀,54,A2,5.39,33.33,5.65,35.29,23,31.15,59,32.81
下関,5,予選,3,5078,山川波乙,24,三重,46,B1,4.28,25.00,1.00,0.00,14,27.42,28,23.44
下関,5,予選,4,4736,高倉和士,31,福岡,53,A1,6.57,48.94,6.20,41.82,31,34.43,40,21.31
下関,5,予選,5,3444,香月大介,52,福岡,52,B1,3.79,18.56,3.95,23.68,57,36.07,53,32.86
下関,5,予選,6,4323,山田佑樹,35,岡山,56,A2,5.26,34.62,5.08,31.25,12,33.80,20,33.33
下関,6,予選,1,4102,益田啓司,43,福岡,51,A1,6.90,56.94,5.88,40.63,29,47.95,56,36.76
下関,6,予選,2,3612,馬袋義則,49,兵庫,54,A1,6.45,50.41,6.58,52.63,18,22.73,42,34.33
下関,6,予選,3,4668,楠本晃嗣,37,福岡,51,B1,3.60,14.04,3.65,21.74,48,26.67,43,28.99
下関,6,予選,4,4567,上村慎太,34,山口,50,B1,4.58,25.00,4.34,17.83,50,37.14,36,31.91
下関,6,予選,5,3349,吉田一郎,54,長崎,51,A2,6.63,50.96,6.52,47.83,16,40.00,65,34.29
下関,6,予選,6,3233,小畑実成,55,岡山,53,A2,5.24,31.25,5.48,36.36,65,36.21,37,44.78
下関,7,ふく〜る特賞,1,3054,北川幸典,59,広島,57,A2,5.91,42.99,5.37,42.11,71,34.33,26,37.68
下関,7,ふく〜る特賞,2,4248,岡本　大,40,長崎,54,B1,4.10,17.95,5.27,29.73,62,27.69,21,33.82
下関,7,ふく〜る特賞,3,5079,大石真央,24,静岡,45,B1,4.86,28.46,4.61,27.78,34,34.33,41,28.57
下関,7,ふく〜る特賞,4,4831,羽野直也,27,福岡,54,A1,7.35,45.30,7.12,48.00,66,31.43,47,32.86
下関,7,ふく〜る特賞,5,4472,尾嶋一広,35,兵庫,56,A1,6.30,44.44,6.82,48.89,67,39.74,30,40.58
下関,7,ふく〜る特賞,6,3506,宮西真昭,51,佐賀,54,B1,4.04,15.69,3.93,16.67,35,28.75,16,26.03
下関,8,予選,1,4015,前野竜一,42,山口,59,A1,6.12,46.24,5.70,35.82,53,49.18,32,30.43
下関,8,予選,2,3539,金子順一,54,山口,53,B1,4.30,23.62,4.74,26.21,26,39.39,23,21.67
下関,8,予選,3,3879,中村　格,49,岡山,58,B1,3.79,16.07,4.05,13.64,59,47.69,68,30.00
下関,8,予選,4,4624,高田　明,37,佐賀,51,A2,5.12,40.00,5.49,37.21,28,28.33,51,44.93
下関,8,予選,5,4268,和合俊介,36,福岡,59,B1,3.81,16.28,4.48,27.59,43,41.79,34,38.24
下関,8,予選,6,4368,山口隆史,36,福岡,51,B1,4.53,19.49,4.67,8.33,11,23.64,15,22.03
下関,9,シーモ戦,1,4884,勝浦真帆,26,岡山,49,B1,4.78,27.94,5.48,28.57,21,28.26,55,27.54
下関,9,シーモ戦,2,3943,三松直美,43,岡山,65,B1,4.33,21.35,4.00,18.18,49,44.26,49,38.24
下関,9,シーモ戦,3,3674,岸　恵子,49,徳島,49,B1,5.76,42.71,4.65,32.35,51,28.79,35,26.47
下関,9,シーモ戦,4,5078,山川波乙,24,三重,46,B1,4.28,25.00,1.00,0.00,14,27.42,28,23.44
下関,9,シーモ戦,5,4984,森下愛梨,25,静岡,52,B1,5.29,34.25,4.11,22.22,63,20.59,62,28.57
下関,9,シーモ戦,6,5231,寺田空詩,18,山口,45,B2,1.40,0.00,1.80,0.00,58,22.64,33,26.67
下関,10,予選特賞,1,4736,高倉和士,31,福岡,53,A1,6.57,48.94,6.20,41.82,31,34.43,40,21.31
下関,10,予選特賞,2,3809,吉田　光,47,佐賀,49,B1,5.10,34.26,5.00,34.21,17,30.99,29,39.71
下関,10,予選特賞,3,3233,小畑実成,55,岡山,53,A2,5.24,31.25,5.48,36.36,65,36.21,37,44.78
下関,10,予選特賞,4,4246,喜多那由,40,静岡,49,B1,4.47,23.86,3.79,7.14,25,16.07,12,36.76
下関,10,予選特賞,5,4404,岸蔭　亮,37,兵庫,50,B1,4.13,28.57,5.44,36.00,41,58.46,45,43.48
下関,10,予選特賞,6,4434,田中辰彦,36,広島,54,A2,6.01,40.82,6.00,44.90,42,47.76,72,39.13
下関,11,予選特選,1,3612,馬袋義則,49,兵庫,54,A1,6.45,50.41,6.58,52.63,18,22.73,42,34.33
下関,11,予選特選,2,3726,桂林　寛,51,福岡,54,B1,4.53,23.20,5.20,30.00,33,42.62,50,21.67
下関,11,予選特選,3,3054,北川幸典,59,広島,57,A2,5.91,42.99,5.37,42.11,71,34.33,26,37.68
下関,11,予選特選,4,4027,松江秀徳,44,佐賀,54,A2,5.39,33.33,5.65,35.29,23,31.15,59,32.81
下関,11,予選特選,5,4842,山下昂大,30,岡山,53,B1,5.54,29.57,5.32,28.00,39,46.48,58,44.12
下関,11,予選特選,6,4116,川田正人,41,徳島,52,A2,5.48,38.02,5.12,26.92,15,16.67,11,31.34
下関,12,ドリーム戦,1,4831,羽野直也,27,福岡,54,A1,7.35,45.30,7.12,48.00,66,31.43,47,32.86
下関,12,ドリーム戦,2,4063,市橋卓士,42,徳島,55,A1,6.35,42.07,6.98,45.24,73,24.05,66,49.25
下関,12,ドリーム戦,3,4015,前野竜一,42,山口,59,A1,6.12,46.24,5.70,35.82,53,49.18,32,30.43
下関,12,ドリーム戦,4,4096,石橋道友,40,長崎,52,A1,6.90,51.43,6.63,43.75,54,33.82,31,46.38
下関,12,ドリーム戦,5,4102,益田啓司,43,福岡,51,A1,6.90,56.94,5.88,40.63,29,47.95,56,36.76
下関,12,ドリーム戦,6,4089,妹尾忠幸,41,岡山,53,A1,6.48,44.62,5.95,36.36,46,25.00,18,16.92
鳴門,1,とるならなる,1,4497,桑原　悠,35,長崎,50,A1,6.79,50.89,6.64,50.00,75,29.51,34,31.75
鳴門,1,とるならなる,2,4986,西山祐希,25,兵庫,52,B2,2.71,5.45,2.63,9.38,62,29.23,66,28.13
鳴門,1,とるならなる,3,5033,藤原孝斗,24,愛知,55,B1,3.89,19.42,0.00,0.00,68,33.93,60,31.34
鳴門,1,とるならなる,4,4664,東口　晃,38,福井,53,B1,3.12,9.68,3.63,25.00,28,27.40,25,25.71
鳴門,1,とるならなる,5,4636,赤池修平,32,徳島,52,B1,4.20,22.43,4.41,28.95,74,25.00,59,22.58
鳴門,1,とるならなる,6,5212,西川拓利,23,福岡,55,B2,1.33,0.00,1.11,0.00,12,31.82,63,39.66
鳴門,2,どーなるなる,1,4451,松崎祐太,34,福岡,52,A1,6.62,49.26,7.59,59.46,39,31.58,55,33.87
鳴門,2,どーなるなる,2,3502,渡邉英児,53,静岡,53,A2,5.57,37.84,7.10,50.00,11,34.92,11,34.38
鳴門,2,どーなるなる,3,4708,半田尚也,33,広島,54,B1,3.59,8.62,3.97,9.38,38,32.35,29,28.26
鳴門,2,どーなるなる,4,4976,金山立樹,28,東京,53,B1,4.86,22.34,0.00,0.00,10,17.24,71,17.65
鳴門,2,どーなるなる,5,4142,平野和明,41,愛知,53,A2,5.56,33.85,6.53,46.67,67,21.21,32,27.42
鳴門,2,どーなるなる,6,3787,天野　誠,50,岡山,53,B1,4.33,28.00,4.25,25.00,37,40.00,23,28.13
鳴門,3,どきどきなる,1,4702,三浦敬太,35,東京,52,A1,6.11,42.98,6.17,38.89,29,36.23,16,22.81
鳴門,3,どきどきなる,2,4518,大須賀友,35,愛知,53,A2,5.83,39.67,4.29,28.57,66,33.33,81,41.10
鳴門,3,どきどきなる,3,3935,岩津徹郎,44,岡山,55,B1,4.85,25.00,5.42,27.27,24,22.41,33,40.00
鳴門,3,どきどきなる,4,3692,竹腰正樹,51,福井,53,B1,4.44,24.04,3.35,4.35,14,27.40,74,30.77
鳴門,3,どきどきなる,5,4669,井上　茂,37,福岡,54,B1,4.41,22.58,4.59,23.53,33,28.33,26,48.53
鳴門,3,どきどきなる,6,4002,古結　宏,44,兵庫,52,A1,7.17,59.87,6.42,42.31,50,40.00,69,26.47
鳴門,4,とにかくなる,1,4209,藤田竜弘,39,静岡,57,A2,5.39,33.33,5.65,35.29,81,13.56,21,28.57
鳴門,4,とにかくなる,2,4393,田中孝明,36,福岡,54,B1,4.56,21.95,3.91,11.43,61,21.54,67,33.96
鳴門,4,とにかくなる,3,4391,松田祐季,36,福井,53,A1,6.79,50.00,6.70,49.06,70,33.33,73,23.44
鳴門,4,とにかくなる,4,4735,角山雄哉,31,兵庫,54,B1,4.42,23.23,3.81,9.38,18,28.33,12,35.38
鳴門,4,とにかくなる,5,4553,坪口竜也,33,長崎,54,A2,5.92,35.71,5.45,31.03,22,43.75,17,26.98
鳴門,4,とにかくなる,6,4163,山崎裕司,40,広島,51,A2,5.24,34.15,6.16,41.94,58,33.33,14,24.00
鳴門,5,予選,1,4152,深水慎一,42,東京,53,A2,5.96,42.16,6.18,36.36,34,22.22,75,29.41
鳴門,5,予選,2,4596,葛原大陽,39,徳島,51,A2,5.73,33.05,6.18,42.97,76,30.77,37,28.81
鳴門,5,予選,3,4905,土井祥伍,27,大阪,54,B1,4.46,28.00,4.39,22.22,60,38.71,77,25.81
鳴門,5,予選,4,4060,島田一生,43,福岡,57,B1,4.59,31.07,5.27,33.33,78,22.86,70,37.68
鳴門,5,予選,5,4565,西村豪洋,34,愛知,53,B1,4.58,19.35,6.67,46.67,16,35.14,24,32.81
鳴門,5,予選,6,4055,吉田俊彦,44,兵庫,52,A1,7.13,53.69,6.17,36.96,36,25.00,82,17.91
鳴門,6,予選,1,4316,山口裕太,38,広島,53,B1,4.13,22.95,4.27,26.92,82,25.81,83,27.87
鳴門,6,予選,2,5089,前田　翔,22,愛知,50,A2,6.16,40.18,4.79,17.24,17,33.33,65,47.95
鳴門,6,予選,3,3959,坪井康晴,44,静岡,53,A1,6.59,36.21,0.00,0.00,51,27.12,80,26.67
鳴門,6,予選,4,3787,天野　誠,50,岡山,53,B1,4.33,28.00,4.25,25.00,37,40.00,23,28.13
鳴門,6,予選,5,5212,西川拓利,23,福岡,55,B2,1.33,0.00,1.11,0.00,12,31.82,63,39.66
鳴門,6,予選,6,3439,大平誉史,53,大阪,53,A2,6.01,49.28,5.67,36.11,32,25.81,53,41.10
鳴門,7,予選,1,3935,岩津徹郎,44,岡山,55,B1,4.85,25.00,5.42,27.27,24,22.41,33,40.00
鳴門,7,予選,2,4708,半田尚也,33,広島,54,B1,3.59,8.62,3.97,9.38,38,32.35,29,28.26
鳴門,7,予選,3,4728,山口　亮,34,東京,55,B1,5.24,32.71,0.00,0.00,71,18.33,31,29.03
鳴門,7,予選,4,4184,渡邊雄一,36,大阪,51,A1,6.49,46.03,7.19,55.22,72,26.56,62,31.25
鳴門,7,予選,5,4986,西山祐希,25,兵庫,52,B2,2.71,5.45,2.63,9.38,62,29.23,66,28.13
鳴門,7,予選,6,4236,松村　敏,38,福岡,54,A1,6.83,52.89,0.00,0.00,21,22.95,20,18.03
鳴門,8,予選,1,4636,赤池修平,32,徳島,52,B1,4.20,22.43,4.41,28.95,74,25.00,59,22.58
鳴門,8,予選,2,4976,金山立樹,28,東京,53,B1,4.86,22.34,0.00,0.00,10,17.24,71,17.65
鳴門,8,予選,3,4518,大須賀友,35,愛知,53,A2,5.83,39.67,4.29,28.57,66,33.33,81,41.10
鳴門,8,予選,4,4816,村松修二,31,広島,53,A1,6.82,46.92,6.46,54.29,59,35.59,78,21.15
鳴門,8,予選,5,4209,藤田竜弘,39,静岡,57,A2,5.39,33.33,5.65,35.29,81,13.56,21,28.57
鳴門,8,予選,6,3982,福田　理,44,岡山,56,B1,4.36,25.68,4.51,24.32,55,26.79,84,38.03
鳴門,9,特賞,1,3692,竹腰正樹,51,福井,53,B1,4.44,24.04,3.35,4.35,14,27.40,74,30.77
鳴門,9,特賞,2,5033,藤原孝斗,24,愛知,55,B1,3.89,19.42,0.00,0.00,68,33.93,60,31.34
鳴門,9,特賞,3,4163,山崎裕司,40,広島,51,A2,5.24,34.15,6.16,41.94,58,33.33,14,24.00
鳴門,9,特賞,4,4451,松崎祐太,34,福岡,52,A1,6.62,49.26,7.59,59.46,39,31.58,55,33.87
鳴門,9,特賞,5,4596,葛原大陽,39,徳島,51,A2,5.73,33.05,6.18,42.97,76,30.77,37,28.81
鳴門,9,特賞,6,5247,大森　翼,20,兵庫,49,B2,1.28,0.00,0.00,0.00,27,26.87,64,21.88
鳴門,10,特賞,1,4142,平野和明,41,愛知,53,A2,5.56,33.85,6.53,46.67,67,21.21,32,27.42
鳴門,10,特賞,2,4735,角山雄哉,31,兵庫,54,B1,4.42,23.23,3.81,9.38,18,28.33,12,35.38
鳴門,10,特賞,3,3439,大平誉史,53,大阪,53,A2,6.01,49.28,5.67,36.11,32,25.81,53,41.10
鳴門,10,特賞,4,4702,三浦敬太,35,東京,52,A1,6.11,42.98,6.17,38.89,29,36.23,16,22.81
鳴門,10,特賞,5,4664,東口　晃,38,福井,53,B1,3.12,9.68,3.63,25.00,28,27.40,25,25.71
鳴門,10,特賞,6,4060,島田一生,43,福岡,57,B1,4.59,31.07,5.27,33.33,78,22.86,70,37.68
鳴門,11,特選,1,4184,渡邊雄一,36,大阪,51,A1,6.49,46.03,7.19,55.22,72,26.56,62,31.25
鳴門,11,特選,2,4002,古結　宏,44,兵庫,52,A1,7.17,59.87,6.42,42.31,50,40.00,69,26.47
鳴門,11,特選,3,4553,坪口竜也,33,長崎,54,A2,5.92,35.71,5.45,31.03,22,43.75,17,26.98
鳴門,11,特選,4,4152,深水慎一,42,東京,53,A2,5.96,42.16,6.18,36.36,34,22.22,75,29.41
鳴門,11,特選,5,5089,前田　翔,22,愛知,50,A2,6.16,40.18,4.79,17.24,17,33.33,65,47.95
鳴門,11,特選,6,3502,渡邉英児,53,静岡,53,A2,5.57,37.84,7.10,50.00,11,34.92,11,34.38
鳴門,12,ドリーム戦,1,3959,坪井康晴,44,静岡,53,A1,6.59,36.21,0.00,0.00,51,27.12,80,26.67
鳴門,12,ドリーム戦,2,4055,吉田俊彦,44,兵庫,52,A1,7.13,53.69,6.17,36.96,36,25.00,82,17.91
鳴門,12,ドリーム戦,3,4236,松村　敏,38,福岡,54,A1,6.83,52.89,0.00,0.00,21,22.95,20,18.03
鳴門,12,ドリーム戦,4,4497,桑原　悠,35,長崎,50,A1,6.79,50.89,6.64,50.00,75,29.51,34,31.75
鳴門,12,ドリーム戦,5,4391,松田祐季,36,福井,53,A1,6.79,50.00,6.70,49.06,70,33.33,73,23.44
鳴門,12,ドリーム戦,6,4816,村松修二,31,広島,53,A1,6.82,46.92,6.46,54.29,59,35.59,78,21.15
尼崎,1,朝からセンプ,1,4674,池田剛規,34,福岡,52,B1,4.99,30.77,4.94,29.03,22,30.86,58,30.77
尼崎,1,朝からセンプ,2,4890,石川　諒,33,山口,52,B1,5.01,27.63,2.72,3.45,23,24.32,44,34.78
尼崎,1,朝からセンプ,3,3995,重野哲之,43,静岡,54,A1,6.07,41.73,7.10,56.10,7,22.54,14,35.71
尼崎,1,朝からセンプ,4,4917,岩橋裕馬,33,兵庫,52,B1,3.68,11.11,4.46,24.47,33,30.38,72,42.03
尼崎,1,朝からセンプ,5,4360,庄司孝輔,37,静岡,53,B1,4.99,27.10,5.43,42.86,38,32.05,49,21.13
尼崎,1,朝からセンプ,6,5197,中野仁照,20,愛知,54,B1,2.31,5.49,1.25,0.00,41,52.05,59,44.29
尼崎,2,予選,1,4750,井上尚悟,35,大阪,52,B1,4.46,17.20,4.25,12.50,21,25.00,35,27.03
尼崎,2,予選,2,3535,渡　修平,49,兵庫,50,B1,3.88,17.33,4.33,24.18,54,40.26,13,36.00
尼崎,2,予選,3,4216,星　栄爾,37,静岡,53,A2,6.87,54.96,5.52,32.26,44,31.65,65,49.28
尼崎,2,予選,4,3813,佐藤大介,46,愛知,53,A1,6.84,54.21,6.71,53.66,42,21.21,62,41.03
尼崎,2,予選,5,4861,田中宏樹,34,福岡,52,B1,4.93,28.57,4.53,26.32,8,23.44,64,26.76
尼崎,2,予選,6,5238,笹木香吾,22,山口,54,B2,1.42,0.00,0.00,0.00,3,38.03,39,43.48
尼崎,3,予選,1,4656,大崎　翔,35,兵庫,58,A2,4.81,28.44,5.10,33.33,4,48.00,24,30.77
尼崎,3,予選,2,4228,吉田慎二,39,愛知,57,B1,4.95,30.87,0.00,0.00,27,18.31,38,21.13
尼崎,3,予選,3,4047,吉永浩則,42,大阪,55,B1,4.35,22.22,4.85,25.93,20,31.17,73,43.94
尼崎,3,予選,4,4000,松本博昭,45,広島,54,A2,5.84,39.29,5.91,36.36,59,35.80,55,35.71
尼崎,3,予選,5,3909,佐々木康,48,静岡,56,A1,6.13,45.65,7.17,61.11,57,36.71,23,24.66
尼崎,3,予選,6,5249,三木晴斗,20,徳島,55,B2,1.24,0.00,0.00,0.00,46,22.54,56,35.06
尼崎,4,予選,1,3295,濱村芳宏,55,徳島,52,B1,5.14,36.67,4.79,28.85,51,43.59,37,28.95
尼崎,4,予選,2,4207,松下一也,39,静岡,55,A1,5.96,41.51,6.10,37.93,16,29.17,69,26.92
尼崎,4,予選,3,5137,川原　涼,22,愛知,53,B1,3.34,8.05,0.00,0.00,5,30.99,28,43.06
尼崎,4,予選,4,4389,伊藤喜智,36,大阪,52,B1,4.65,29.27,0.00,0.00,28,43.84,43,38.36
尼崎,4,予選,5,4563,齋藤真之,34,岡山,53,B1,3.93,19.12,0.00,0.00,34,30.38,25,28.95
尼崎,4,予選,6,3554,仲口博崇,49,愛知,52,A1,7.10,53.15,6.63,50.00,55,27.50,70,45.33
尼崎,5,予選,1,4256,渡辺浩司,38,福岡,52,A1,6.84,47.54,8.00,66.67,31,36.25,40,52.00
尼崎,5,予選,2,3432,宮迫暢彦,54,大阪,54,B1,4.54,26.77,4.83,30.00,25,37.66,41,48.53
尼崎,5,予選,3,5199,垂水　悠,20,徳島,56,B1,2.54,9.57,0.00,0.00,14,34.72,45,42.67
尼崎,5,予選,4,4081,樋口範政,43,愛知,56,B1,4.30,18.87,3.94,11.76,19,35.80,21,38.57
尼崎,5,予選,5,4302,西野翔太,39,広島,51,A1,6.34,48.78,5.96,48.89,24,35.06,42,30.43
尼崎,5,予選,6,4523,中村辰也,34,長崎,53,A2,6.07,46.85,5.59,36.36,26,45.45,20,36.62
尼崎,6,昼どきピンク,1,3443,森　秋光,52,岡山,53,A2,5.59,38.26,6.00,38.10,39,51.32,16,26.09
尼崎,6,昼どきピンク,2,3730,塩崎優司,50,愛知,51,B1,4.70,23.20,4.81,30.77,43,17.81,74,21.74
尼崎,6,昼どきピンク,3,5135,仲　航太,22,東京,54,B1,3.92,17.59,0.00,0.00,61,39.39,27,18.84
尼崎,6,昼どきピンク,4,4305,金子拓矢,38,群馬,53,A1,6.83,50.00,6.83,53.33,40,24.68,63,33.33
尼崎,6,昼どきピンク,5,4917,岩橋裕馬,33,兵庫,52,B1,3.68,11.11,4.46,24.47,33,30.38,72,42.03
尼崎,6,昼どきピンク,6,3895,堀本裕也,46,愛知,48,B1,4.56,22.69,3.11,0.00,49,43.75,36,20.29
尼崎,7,予選,1,3641,一瀬　明,51,東京,53,A1,6.50,46.58,0.00,0.00,36,40.51,18,22.06
尼崎,7,予選,2,4113,木村浩士,41,群馬,54,A2,5.09,29.17,6.75,41.67,9,36.00,15,43.59
尼崎,7,予選,3,4750,井上尚悟,35,大阪,52,B1,4.46,17.20,4.25,12.50,21,25.00,35,27.03
尼崎,7,予選,4,5197,中野仁照,20,愛知,54,B1,2.31,5.49,1.25,0.00,41,52.05,59,44.29
尼崎,7,予選,5,4067,永井　源,42,愛知,52,A1,6.24,45.58,6.86,50.00,29,25.93,19,43.84
尼崎,7,予選,6,3544,豊田訓靖,53,静岡,52,B1,4.52,29.17,2.81,0.00,11,27.85,30,29.58
尼崎,8,予選,1,4228,吉田慎二,39,愛知,57,B1,4.95,30.87,0.00,0.00,27,18.31,38,21.13
尼崎,8,予選,2,3997,北村征嗣,43,大阪,54,A1,6.36,43.80,7.43,60.71,10,25.97,75,23.53
尼崎,8,予選,3,4674,池田剛規,34,福岡,52,B1,4.99,30.77,4.94,29.03,22,30.86,58,30.77
尼崎,8,予選,4,3659,藤生雄人,47,群馬,54,A2,5.98,39.62,4.13,12.50,12,7.04,54,25.68
尼崎,8,予選,5,4389,伊藤喜智,36,大阪,52,B1,4.65,29.27,0.00,0.00,28,43.84,43,38.36
尼崎,8,予選,6,3813,佐藤大介,46,愛知,53,A1,6.84,54.21,6.71,53.66,42,21.21,62,41.03
尼崎,9,予選特賞,1,3290,倉谷和信,58,大阪,54,A2,5.71,44.19,6.17,50.00,62,43.24,52,45.07
尼崎,9,予選特賞,2,3295,濱村芳宏,55,徳島,52,B1,5.14,36.67,4.79,28.85,51,43.59,37,28.95
尼崎,9,予選特賞,3,3957,大谷直弘,45,愛知,54,A2,5.85,39.55,5.70,32.56,60,44.74,29,42.86
尼崎,9,予選特賞,4,4360,庄司孝輔,37,静岡,53,B1,4.99,27.10,5.43,42.86,38,32.05,49,21.13
尼崎,9,予選特賞,5,3929,杢野誓良,46,愛知,50,B1,4.25,19.19,4.40,25.00,32,45.21,46,19.72
尼崎,9,予選特賞,6,4302,西野翔太,39,広島,51,A1,6.34,48.78,5.96,48.89,24,35.06,42,30.43
尼崎,10,予選特賞,1,4000,松本博昭,45,広島,54,A2,5.84,39.29,5.91,36.36,59,35.80,55,35.71
尼崎,10,予選特賞,2,4861,田中宏樹,34,福岡,52,B1,4.93,28.57,4.53,26.32,8,23.44,64,26.76
尼崎,10,予選特賞,3,4207,松下一也,39,静岡,55,A1,5.96,41.51,6.10,37.93,16,29.17,69,26.92
尼崎,10,予選特賞,4,3895,堀本裕也,46,愛知,48,B1,4.56,22.69,3.11,0.00,49,43.75,36,20.29
尼崎,10,予選特賞,5,4788,小池哲也,33,大阪,54,A2,5.99,42.27,5.83,41.67,6,12.68,33,19.12
尼崎,10,予選特賞,6,4890,石川　諒,33,山口,52,B1,5.01,27.63,2.72,3.45,23,24.32,44,34.78
尼崎,11,予選特選,1,4067,永井　源,42,愛知,52,A1,6.24,45.58,6.86,50.00,29,25.93,19,43.84
尼崎,11,予選特選,2,3443,森　秋光,52,岡山,53,A2,5.59,38.26,6.00,38.10,39,51.32,16,26.09
尼崎,11,予選特選,3,4523,中村辰也,34,長崎,53,A2,6.07,46.85,5.59,36.36,26,45.45,20,36.62
尼崎,11,予選特選,4,4656,大崎　翔,35,兵庫,58,A2,4.81,28.44,5.10,33.33,4,48.00,24,30.77
尼崎,11,予選特選,5,4216,星　栄爾,37,静岡,53,A2,6.87,54.96,5.52,32.26,44,31.65,65,49.28
尼崎,11,予選特選,6,3995,重野哲之,43,静岡,54,A1,6.07,41.73,7.10,56.10,7,22.54,14,35.71
尼崎,12,マンスリー選,1,3997,北村征嗣,43,大阪,54,A1,6.36,43.80,7.43,60.71,10,25.97,75,23.53
尼崎,12,マンスリー選,2,3554,仲口博崇,49,愛知,52,A1,7.10,53.15,6.63,50.00,55,27.50,70,45.33
尼崎,12,マンスリー選,3,3909,佐々木康,48,静岡,56,A1,6.13,45.65,7.17,61.11,57,36.71,23,24.66
尼崎,12,マンスリー選,4,4256,渡辺浩司,38,福岡,52,A1,6.84,47.54,8.00,66.67,31,36.25,40,52.00
尼崎,12,マンスリー選,5,3641,一瀬　明,51,東京,53,A1,6.50,46.58,0.00,0.00,36,40.51,34,25.30
尼崎,12,マンスリー選,6,4305,金子拓矢,38,群馬,53,A1,6.83,50.00,6.83,53.33,40,24.68,63,33.33
三国,1,みくにあさイ,1,4188,久田敏之,41,群馬,52,A1,6.91,50.78,8.06,66.67,36,23.88,27,23.94
三国,1,みくにあさイ,2,4951,新田洋一,28,広島,54,B1,4.37,19.83,4.59,25.93,39,21.21,20,22.22
三国,1,みくにあさイ,3,3488,柳田英明,55,東京,53,B1,5.57,36.76,5.97,40.00,32,28.57,55,30.99
三国,1,みくにあさイ,4,4329,小松卓司,39,福岡,52,B1,4.55,25.64,5.00,27.78,25,17.74,12,27.54
三国,1,みくにあさイ,5,4968,宮崎光基,31,徳島,55,B2,2.69,11.11,2.26,4.35,16,30.49,54,44.44
三国,1,みくにあさイ,6,4054,福嶋智之,44,岡山,54,B1,5.19,32.67,5.07,40.00,59,13.33,29,48.05
三国,2,みくにあさガ,1,4540,相原利章,34,東京,52,A2,5.66,36.89,4.59,13.64,48,30.86,69,41.89
三国,2,みくにあさガ,2,3854,吉川元浩,49,兵庫,52,A1,7.26,54.48,7.81,64.29,14,24.32,34,31.17
三国,2,みくにあさガ,3,4068,幸田智裕,42,静岡,55,B1,5.24,29.41,5.16,24.32,28,19.40,36,34.21
三国,2,みくにあさガ,4,4325,新出浩司,39,大阪,53,B1,5.49,35.56,0.00,0.00,19,32.47,11,32.47
三国,2,みくにあさガ,5,3501,川上昇平,53,長崎,55,B1,4.62,24.56,5.00,20.00,41,27.54,67,22.22
三国,2,みくにあさガ,6,4683,向井田直,31,広島,48,B2,4.46,24.39,4.00,12.77,53,23.44,35,33.33
三国,3,みくにあさズ,1,4908,上田龍星,27,大阪,52,A1,6.77,50.00,7.16,56.45,65,33.75,66,34.18
三国,3,みくにあさズ,2,3761,山本光雄,50,滋賀,56,B1,4.91,32.05,4.68,29.41,13,41.56,40,25.00
三国,3,みくにあさズ,3,4512,高野哲史,33,兵庫,51,A1,6.71,49.66,6.40,35.00,31,36.36,45,26.98
三国,3,みくにあさズ,4,4666,日笠勝弘,38,大阪,52,B1,4.08,23.26,0.00,0.00,57,35.00,22,26.39
三国,3,みくにあさズ,5,4374,永田義紘,38,広島,51,B1,4.46,24.47,3.93,17.24,70,26.32,28,34.62
三国,3,みくにあさズ,6,5166,仲道大輔,22,愛知,49,B2,2.80,2.00,2.23,4.55,49,24.69,49,32.43
三国,4,みくにあさ推,1,3961,谷村一哉,43,山口,58,A1,6.83,52.52,7.33,57.14,56,24.66,51,25.68
三国,4,みくにあさ推,2,3933,山地正樹,46,岡山,56,A1,6.51,51.22,6.32,35.71,20,31.94,52,27.42
三国,4,みくにあさ推,3,4593,小坂宗司,41,大阪,52,A2,6.02,40.46,5.74,37.70,43,32.91,24,51.28
三国,4,みくにあさ推,4,3482,金子猛志,51,群馬,58,B1,5.77,38.06,4.90,24.14,18,31.58,53,27.03
三国,4,みくにあさ推,5,4234,野相弘司,38,福岡,59,B1,4.98,27.59,5.41,41.18,17,27.54,65,41.56
三国,4,みくにあさ推,6,3781,秋元　誠,46,福井,55,B1,4.21,21.98,4.68,28.95,50,42.47,23,52.00
三国,5,予選,1,4007,榮田将彦,43,山口,49,B1,4.48,28.57,4.20,22.73,27,26.67,25,34.18
三国,5,予選,2,3630,黒田誠司,52,静岡,54,B1,3.99,16.22,4.27,21.21,11,30.77,39,27.27
三国,5,予選,3,4293,鈴木智啓,36,愛知,58,A2,5.19,29.41,0.00,0.00,26,22.00,48,30.38
三国,5,予選,4,5229,吉川晴人,19,滋賀,55,B2,1.60,2.74,1.11,0.00,30,31.17,42,29.11
三国,5,予選,5,4266,長田頼宗,37,東京,54,A1,7.12,50.00,7.70,60.87,34,28.21,71,36.84
三国,5,予選,6,4022,待鳥雄紀,42,福岡,57,A2,6.00,37.29,5.69,37.14,64,18.18,57,23.08
三国,6,予選,1,3462,竹上真司,55,岡山,53,B1,4.73,27.27,7.25,50.00,66,28.57,47,42.11
三国,6,予選,2,4683,向井田直,31,広島,48,B2,4.46,24.39,4.00,12.77,53,23.44,35,33.33
三国,6,予選,3,4352,下條雄太,36,長崎,52,A1,7.02,52.89,7.33,70.00,67,32.47,72,42.86
三国,6,予選,4,4654,篠田優也,36,兵庫,54,A2,6.07,40.74,5.55,30.61,55,25.64,32,24.56
三国,6,予選,5,4230,濱崎直矢,39,埼玉,54,A1,6.74,52.14,6.59,56.82,40,27.71,46,35.21
三国,6,予選,6,3587,武田信一,49,徳島,61,B1,4.56,26.73,4.80,25.00,45,31.25,64,25.00
三国,7,予選,1,4968,宮崎光基,31,徳島,55,B2,2.69,11.11,2.26,4.35,16,30.49,54,44.44
三国,7,予選,2,4068,幸田智裕,42,静岡,55,B1,5.24,29.41,5.16,24.32,28,19.40,36,34.21
三国,7,予選,3,4158,木場雄二,41,山口,55,A2,5.20,31.96,3.25,12.50,37,30.67,43,24.24
三国,7,予選,4,3877,松浦博人,45,東京,56,B1,5.11,28.85,6.44,56.25,12,32.14,16,44.12
三国,7,予選,5,4908,上田龍星,27,大阪,52,A1,6.77,50.00,7.16,56.45,65,33.75,66,34.18
三国,7,予選,6,3629,浅見昌克,52,埼玉,52,A2,5.00,27.78,5.43,40.00,58,51.25,41,21.54
三国,8,予選,1,3796,長野道臣,49,静岡,54,B1,5.54,37.63,4.34,18.57,54,33.73,26,31.65
三国,8,予選,2,3781,秋元　誠,46,福井,55,B1,4.21,21.98,4.68,28.95,50,42.47,23,52.00
三国,8,予選,3,4771,下寺秀和,29,広島,54,A2,6.33,46.94,6.57,46.43,60,35.53,33,26.09
三国,8,予選,4,4188,久田敏之,41,群馬,52,A1,6.91,50.78,8.06,66.67,36,23.88,27,23.94
三国,8,予選,5,4278,藤岡俊介,39,兵庫,51,A1,6.69,50.74,5.89,32.43,63,27.50,68,34.62
三国,8,予選,6,4118,宇佐見淳,41,愛知,54,A2,5.67,34.26,6.08,37.50,33,24.19,50,15.25
三国,9,予選特賞,1,4329,小松卓司,39,福岡,52,B1,4.55,25.64,5.00,27.78,25,17.74,12,27.54
三国,9,予選特賞,2,3548,室田泰史,52,福井,54,A2,5.37,34.95,6.08,44.96,69,48.78,58,34.21
三国,9,予選特賞,3,3596,河上年昭,52,埼玉,55,B1,4.91,26.15,4.33,19.05,47,18.97,60,30.00
三国,9,予選特賞,4,4593,小坂宗司,41,大阪,52,A2,6.02,40.46,5.74,37.70,43,32.91,24,51.28
三国,9,予選特賞,5,4293,鈴木智啓,36,愛知,58,A2,5.19,29.41,0.00,0.00,26,22.00,48,30.38
三国,9,予選特賞,6,3854,吉川元浩,49,兵庫,52,A1,7.26,54.48,7.81,64.29,14,24.32,34,31.17
三国,10,予選特賞,1,4666,日笠勝弘,38,大阪,52,B1,4.08,23.26,0.00,0.00,57,35.00,22,26.39
三国,10,予選特賞,2,4054,福嶋智之,44,岡山,54,B1,5.19,32.67,5.07,40.00,59,13.33,29,48.05
三国,10,予選特賞,3,4022,待鳥雄紀,42,福岡,57,A2,6.00,37.29,5.69,37.14,64,18.18,57,23.08
三国,10,予選特賞,4,4352,下條雄太,36,長崎,52,A1,7.02,52.89,7.33,70.00,67,32.47,72,42.86
三国,10,予選特賞,5,4540,相原利章,34,東京,52,A2,5.66,36.89,4.59,13.64,48,30.86,69,41.89
三国,10,予選特賞,6,3933,山地正樹,46,岡山,56,A1,6.51,51.22,6.32,35.71,20,31.94,52,27.42
三国,11,記者特選,1,4654,篠田優也,36,兵庫,54,A2,6.07,40.74,5.55,30.61,55,25.64,32,24.56
三国,11,記者特選,2,3501,川上昇平,53,長崎,55,B1,4.62,24.56,5.00,20.00,41,27.54,67,22.22
三国,11,記者特選,3,3629,浅見昌克,52,埼玉,52,A2,5.00,27.78,5.43,40.00,58,51.25,41,21.54
三国,11,記者特選,4,3961,谷村一哉,43,山口,58,A1,6.83,52.52,7.33,57.14,56,24.66,51,25.68
三国,11,記者特選,5,4007,榮田将彦,43,山口,49,B1,4.48,28.57,4.20,22.73,27,26.67,25,34.18
三国,11,記者特選,6,4512,高野哲史,33,兵庫,51,A1,6.71,49.66,6.40,35.00,31,36.36,45,26.98
三国,12,カニ坊選抜,1,4266,長田頼宗,37,東京,54,A1,7.12,50.00,7.70,60.87,34,28.21,71,36.84
三国,12,カニ坊選抜,2,4325,新出浩司,39,大阪,53,B1,5.49,35.56,0.00,0.00,19,32.47,11,32.47
三国,12,カニ坊選抜,3,4230,濱崎直矢,39,埼玉,54,A1,6.74,52.14,6.59,56.82,40,27.71,46,35.21
三国,12,カニ坊選抜,4,3761,山本光雄,50,滋賀,56,B1,4.91,32.05,4.68,29.41,13,41.56,40,25.00
三国,12,カニ坊選抜,5,4158,木場雄二,41,山口,55,A2,5.20,31.96,3.25,12.50,37,30.67,43,24.24
三国,12,カニ坊選抜,6,4771,下寺秀和,29,広島,54,A2,6.33,46.94,6.57,46.43,60,35.53,33,26.09
津,1,ツッキーレー,1,3713,伊藤誠二,47,愛知,54,A1,6.88,53.85,6.20,43.66,72,26.63,34,37.57
津,1,ツッキーレー,2,4511,中岡健人,33,香川,59,B1,4.93,26.96,0.00,0.00,60,28.44,49,34.44
津,1,ツッキーレー,3,4780,マイケ田,36,東京,52,B1,5.06,31.91,4.56,25.00,69,33.68,12,36.41
津,1,ツッキーレー,4,3637,齋藤和政,51,愛知,54,B1,4.92,31.82,4.28,23.26,49,29.96,76,32.69
津,1,ツッキーレー,5,3553,平池仁志,50,香川,56,B1,4.58,22.88,3.30,10.00,26,33.77,48,33.82
津,1,ツッキーレー,6,4607,鶴田勇雄,33,福岡,53,B1,5.34,30.77,4.38,12.50,17,33.99,24,30.88
津,2,予選,1,4431,石塚裕介,36,三重,53,B1,4.96,34.07,5.58,39.19,61,25.64,17,39.37
津,2,予選,2,5066,鈴木孝明,23,埼玉,53,B1,5.34,32.35,4.09,16.28,29,34.36,27,35.56
津,2,予選,3,4989,石原　翼,25,静岡,52,A2,5.90,44.05,5.60,30.00,65,25.00,55,40.09
津,2,予選,4,4049,荒川健太,41,三重,56,A1,6.06,45.07,6.61,48.30,54,29.69,61,34.91
津,2,予選,5,4299,中島浩哉,39,長崎,58,B1,5.28,33.67,0.00,0.00,40,38.27,52,36.84
津,2,予選,6,4423,坂口貴彦,33,岡山,55,B1,5.02,30.28,4.76,32.00,52,31.66,22,33.50
津,3,予選,1,4505,島田賢人,34,埼玉,57,B1,6.17,47.83,6.77,60.00,41,35.06,26,34.42
津,3,予選,2,4134,杉山貴博,42,東京,54,A1,5.35,36.25,0.00,0.00,24,46.61,66,36.49
津,3,予選,3,4040,廣瀬将亨,43,兵庫,57,A2,5.24,33.85,6.17,42.55,63,36.92,21,25.13
津,3,予選,4,3921,川村正輝,47,福井,51,B1,4.85,30.28,5.46,37.50,16,37.82,35,36.49
津,3,予選,5,3710,吉永泰弘,48,香川,53,B1,5.05,28.83,4.14,0.00,33,50.25,57,35.08
津,3,予選,6,4415,下出卓矢,35,福井,56,A1,6.34,50.36,8.13,62.50,43,33.20,29,33.48
津,4,予選,1,4105,松下直也,42,兵庫,53,B1,4.98,28.35,5.00,25.00,73,31.14,15,35.68
津,4,予選,2,3690,河合三弘,51,愛知,53,B1,5.20,32.22,4.87,23.08,20,25.12,68,39.39
津,4,予選,3,4384,鶴本崇文,37,大阪,52,A1,6.48,47.29,6.95,55.26,34,42.86,47,42.55
津,4,予選,4,4587,木田峰由,31,福井,53,A2,5.56,38.97,4.19,31.25,62,40.28,58,32.56
津,4,予選,5,4340,土性雅也,37,三重,55,B1,4.51,24.00,5.31,32.14,14,36.82,59,33.65
津,4,予選,6,3944,山口裕二,43,長崎,53,A1,6.70,50.76,4.89,22.22,53,41.28,60,40.38
津,5,５ールドレー,1,4172,森定晃史,39,岡山,51,A1,6.42,46.85,6.00,40.00,44,34.05,20,32.08
津,5,５ールドレー,2,4508,野間大樹,33,大阪,50,B1,4.84,26.47,3.85,7.69,70,35.11,39,35.96
津,5,５ールドレー,3,4520,高倉孝太,35,福井,50,B1,5.27,38.18,5.00,22.58,66,29.85,19,32.56
津,5,５ールドレー,4,4618,乃村康友,39,三重,54,B1,5.38,34.51,5.70,35.92,56,27.72,71,36.02
津,5,５ールドレー,5,4474,渡辺　崇,34,福岡,55,B1,5.13,26.88,0.00,0.00,64,38.46,13,33.49
津,5,５ールドレー,6,4375,照屋厚仁,38,兵庫,53,B1,4.94,29.11,4.89,33.33,25,30.73,74,37.08
津,6,予選,1,4241,大串重幸,37,長崎,54,B1,5.25,33.33,0.00,0.00,46,41.12,31,31.25
津,6,予選,2,4099,吉永則雄,43,大阪,52,A2,6.43,49.57,0.00,0.00,50,31.56,14,35.23
津,6,予選,3,4635,峰重力也,32,岡山,53,B1,4.86,38.10,0.00,0.00,23,31.25,32,35.92
津,6,予選,4,4299,中島浩哉,39,長崎,58,B1,5.28,33.67,0.00,0.00,40,38.27,52,36.84
津,6,予選,5,3563,堤　昇,52,静岡,53,B1,5.79,41.96,5.41,33.33,18,49.26,51,34.93
津,6,予選,6,4024,井口佳典,44,三重,51,A1,7.39,53.85,8.90,81.00,37,37.57,37,31.82
津,7,予選,1,5066,鈴木孝明,23,埼玉,53,B1,5.34,32.35,4.09,16.28,29,34.36,27,35.56
津,7,予選,2,3848,川上聡介,45,愛知,56,B1,4.84,29.31,5.01,29.17,19,29.91,28,32.80
津,7,予選,3,3915,繁野谷圭,48,大阪,52,A1,6.57,46.09,5.54,28.57,28,33.33,53,31.42
津,7,予選,4,4415,下出卓矢,35,福井,56,A1,6.34,50.36,8.13,62.50,43,33.20,29,33.48
津,7,予選,5,4633,森　智也,33,兵庫,50,B1,5.09,27.94,4.90,27.50,32,46.49,72,33.64
津,7,予選,6,4903,吉田凌太,28,愛知,50,A2,5.66,33.33,5.44,38.46,12,25.84,43,44.51
津,8,予選,1,3546,中里昌志,53,埼玉,50,B1,5.10,29.31,6.12,42.42,45,43.98,63,33.94
津,8,予選,2,4049,荒川健太,41,三重,56,A1,6.06,45.07,6.61,48.30,54,29.69,61,34.91
津,8,予選,3,4607,鶴田勇雄,33,福岡,53,B1,5.34,30.77,4.38,12.50,17,33.99,24,30.88
津,8,予選,4,4460,後藤翔之,36,東京,58,A1,6.71,54.46,7.32,62.16,59,26.14,36,40.00
津,8,予選,5,4754,松尾　充,33,三重,50,A2,6.24,43.38,6.49,49.70,13,24.36,64,31.91
津,8,予選,6,3690,河合三弘,51,愛知,53,B1,5.20,32.22,4.87,23.08,20,25.12,68,39.39
津,9,予選,1,4474,渡辺　崇,34,福岡,55,B1,5.13,26.88,0.00,0.00,64,38.46,13,33.49
津,9,予選,2,3637,齋藤和政,51,愛知,54,B1,4.92,31.82,4.28,23.26,49,29.96,76,32.69
津,9,予選,3,4856,豊田健士,26,三重,53,A1,6.83,44.06,6.99,52.46,30,32.11,62,34.45
津,9,予選,4,4431,石塚裕介,36,三重,53,B1,4.96,34.07,5.58,39.19,61,25.64,17,39.37
津,9,予選,5,4587,木田峰由,31,福井,53,A2,5.56,38.97,4.19,31.25,62,40.28,58,32.56
津,9,予選,6,4134,杉山貴博,42,東京,54,A1,5.35,36.25,0.00,0.00,24,46.61,66,36.49
津,10,予選特賞,1,4040,廣瀬将亨,43,兵庫,57,A2,5.24,33.85,6.17,42.55,63,36.92,21,25.13
津,10,予選特賞,2,4261,岡　祐臣,38,三重,54,A1,6.18,47.19,6.28,44.37,39,41.95,45,38.33
津,10,予選特賞,3,3713,伊藤誠二,47,愛知,54,A1,6.88,53.85,6.20,43.66,72,26.63,34,37.57
津,10,予選特賞,4,4269,杉山裕也,36,愛知,54,A2,6.38,46.88,6.03,40.00,58,33.33,56,32.86
津,10,予選特賞,5,4508,野間大樹,33,大阪,50,B1,4.84,26.47,3.85,7.69,70,35.11,39,35.96
津,10,予選特賞,6,4635,峰重力也,32,岡山,53,B1,4.86,38.10,0.00,0.00,23,31.25,32,35.92
津,11,予選特選,1,3347,矢後　剛,55,東京,55,A2,5.63,33.65,5.54,30.51,15,33.03,54,40.08
津,11,予選特選,2,3944,山口裕二,43,長崎,53,A1,6.70,50.76,4.89,22.22,53,41.28,60,40.38
津,11,予選特選,3,3848,川上聡介,45,愛知,56,B1,4.84,29.31,5.01,29.17,19,29.91,28,32.80
津,11,予選特選,4,4024,井口佳典,44,三重,51,A1,7.39,53.85,8.90,81.00,37,37.57,37,31.82
津,11,予選特選,5,3921,川村正輝,47,福井,51,B1,4.85,30.28,5.46,37.50,16,37.82,35,36.49
津,11,予選特選,6,4989,石原　翼,25,静岡,52,A2,5.90,44.05,5.60,30.00,65,25.00,55,40.09
津,12,ツッキー選抜,1,4460,後藤翔之,36,東京,58,A1,6.71,54.46,7.32,62.16,59,26.14,36,40.00
津,12,ツッキー選抜,2,4384,鶴本崇文,37,大阪,52,A1,6.48,47.29,6.95,55.26,34,42.86,47,42.55
津,12,ツッキー選抜,3,4903,吉田凌太,28,愛知,50,A2,5.66,33.33,5.44,38.46,12,25.84,43,44.51
津,12,ツッキー選抜,4,4172,森定晃史,39,岡山,51,A1,6.42,46.85,6.00,40.00,44,34.05,20,32.08
津,12,ツッキー選抜,5,4099,吉永則雄,43,大阪,52,A2,6.43,49.57,0.00,0.00,50,31.56,14,35.23
津,12,ツッキー選抜,6,4511,中岡健人,33,香川,59,B1,4.93,26.96,0.00,0.00,60,28.44,49,34.44
蒲郡,1,一般戦,1,4792,杉村賢也,32,東京,51,B1,3.70,18.60,2.94,12.50,49,72.73,17,50.00
蒲郡,1,一般戦,2,4785,木幡純也,34,愛知,52,B1,3.77,13.10,3.93,20.93,68,0.00,22,45.45
蒲郡,1,一般戦,3,3863,海老澤泰,48,東京,56,B1,4.84,24.04,4.53,18.87,41,11.11,70,40.00
蒲郡,1,一般戦,4,5254,羽田妃希,19,愛知,47,B2,1.72,0.00,0.00,0.00,20,33.33,64,45.45
蒲郡,1,一般戦,5,4231,鈴木裕隆,39,愛知,56,B1,4.19,26.32,5.33,35.90,48,22.22,69,20.00
蒲郡,1,一般戦,6,4417,服部　剛,35,静岡,53,B1,5.18,26.51,5.48,28.57,31,42.86,72,9.09
蒲郡,2,一般戦,1,4630,岩永雅人,35,愛知,51,B1,4.91,28.81,4.89,26.79,17,11.11,30,0.00
蒲郡,2,一般戦,2,4594,谷川祐一,40,滋賀,52,A2,6.11,43.10,5.26,29.23,69,33.33,76,27.27
蒲郡,2,一般戦,3,4979,中野夢斗,26,愛知,53,B1,4.82,32.65,4.82,27.74,37,27.27,66,33.33
蒲郡,2,一般戦,4,4432,黄金井力,36,埼玉,57,B1,5.17,25.23,4.80,20.00,11,50.00,67,36.36
蒲郡,2,一般戦,5,5025,粟田　祥,27,徳島,57,B1,2.98,11.11,0.00,0.00,67,36.36,27,54.55
蒲郡,2,一般戦,6,4913,清水さく,26,愛知,47,B1,3.43,11.11,4.41,22.03,18,25.00,31,11.11
蒲郡,3,一般戦,1,4626,伊藤紘章,36,愛知,51,B1,5.31,36.76,2.00,5.56,32,33.33,74,58.33
蒲郡,3,一般戦,2,4931,木谷賢太,26,香川,53,A2,6.03,42.28,4.31,18.75,36,11.11,25,30.00
蒲郡,3,一般戦,3,3885,久田　武,48,愛知,53,A2,5.10,28.89,6.02,34.09,71,42.86,12,50.00
蒲郡,3,一般戦,4,4258,関根彰人,38,埼玉,52,B1,4.90,21.11,4.03,10.34,46,45.45,68,40.00
蒲郡,3,一般戦,5,4625,渡邊裕貴,36,静岡,52,B1,4.47,21.35,4.04,16.00,64,21.05,57,50.00
蒲郡,3,一般戦,6,5052,赤井星璃,27,大阪,50,B1,3.89,17.46,1.88,0.00,39,50.00,60,11.11
蒲郡,4,一般戦,1,4303,牧原　崇,39,愛知,52,B1,4.70,20.69,5.16,27.42,40,22.22,24,54.55
蒲郡,4,一般戦,2,3952,中澤和志,46,埼玉,53,A1,6.69,47.46,6.63,55.00,30,21.05,11,16.67
蒲郡,4,一般戦,3,4794,和田拓也,32,兵庫,53,A2,5.95,42.00,0.00,0.00,15,0.00,20,72.73
蒲郡,4,一般戦,4,3981,今坂晃広,44,静岡,52,B1,4.51,25.71,5.20,36.67,73,50.00,13,8.33
蒲郡,4,一般戦,5,4712,冨好祐真,32,兵庫,54,B1,3.66,15.52,0.00,0.00,62,70.00,58,22.22
蒲郡,4,一般戦,6,3977,山本兼士,45,大阪,48,B1,5.16,33.33,4.55,27.27,74,45.45,55,26.67
蒲郡,5,一般戦,1,4790,柳内敬太,32,兵庫,52,A2,5.48,34.02,3.63,12.50,66,33.33,14,16.67
蒲郡,5,一般戦,2,4611,今井美亜,31,福井,48,B1,5.21,31.51,6.55,44.83,38,20.00,19,11.11
蒲郡,5,一般戦,3,3902,蜷川哲平,45,東京,54,A1,5.97,39.71,6.02,43.75,47,11.11,28,58.33
蒲郡,5,一般戦,4,3072,西田　靖,60,東京,54,B1,4.61,27.72,4.53,19.44,52,90.91,73,40.00
蒲郡,5,一般戦,5,4823,中村桃佳,29,香川,45,A1,7.12,56.41,6.78,52.17,50,22.22,32,22.22
蒲郡,5,一般戦,6,4231,鈴木裕隆,39,愛知,56,B1,4.19,26.32,5.33,35.90,48,22.22,69,20.00
蒲郡,6,一般戦,1,4240,今井裕梨,38,群馬,45,A2,5.63,38.14,4.70,29.63,19,20.00,71,30.00
蒲郡,6,一般戦,2,4649,和田操拓,38,滋賀,50,A2,5.41,25.53,5.60,26.67,63,40.91,18,60.00
蒲郡,6,一般戦,3,5025,粟田　祥,27,徳島,57,B1,2.98,11.11,0.00,0.00,67,36.36,27,54.55
蒲郡,6,一般戦,4,4659,木下翔太,31,大阪,55,A1,6.65,50.00,6.20,48.78,70,40.00,23,40.00
蒲郡,6,一般戦,5,5254,羽田妃希,19,愛知,47,B2,1.72,0.00,0.00,0.00,20,33.33,64,45.45
蒲郡,6,一般戦,6,3896,上田洋平,45,滋賀,50,A2,5.62,32.20,6.60,60.00,51,50.00,40,26.32
蒲郡,7,一般戦,1,3436,柏野幸二,53,岡山,50,A2,6.20,45.76,5.71,23.81,43,60.00,56,22.22
蒲郡,7,一般戦,2,4258,関根彰人,38,埼玉,52,B1,4.90,21.11,4.03,10.34,46,45.45,68,40.00
蒲郡,7,一般戦,3,4417,服部　剛,35,静岡,53,B1,5.18,26.51,5.48,28.57,31,42.86,72,9.09
蒲郡,7,一般戦,4,4785,木幡純也,34,愛知,52,B1,3.77,13.10,3.93,20.93,68,0.00,22,45.45
蒲郡,7,一般戦,5,4979,中野夢斗,26,愛知,53,B1,4.82,32.65,4.82,27.74,37,27.27,66,33.33
蒲郡,7,一般戦,6,4625,渡邊裕貴,36,静岡,52,B1,4.47,21.35,4.04,16.00,64,21.05,57,50.00
蒲郡,8,一般戦,1,3541,三嶌誠司,54,香川,53,A1,6.55,47.46,6.50,45.83,16,0.00,43,15.00
蒲郡,8,一般戦,2,3863,海老澤泰,48,東京,56,B1,4.84,24.04,4.53,18.87,41,11.11,70,40.00
蒲郡,8,一般戦,3,4931,木谷賢太,26,香川,53,A2,6.03,42.28,4.31,18.75,36,11.11,25,30.00
蒲郡,8,一般戦,4,4792,杉村賢也,32,東京,51,B1,3.70,18.60,2.94,12.50,49,72.73,17,50.00
蒲郡,8,一般戦,5,3981,今坂晃広,44,静岡,52,B1,4.51,25.71,5.20,36.67,73,50.00,13,8.33
蒲郡,8,一般戦,6,4432,黄金井力,36,埼玉,57,B1,5.17,25.23,4.80,20.00,11,50.00,67,36.36
蒲郡,9,一般特選,1,3885,久田　武,48,愛知,53,A2,5.10,28.89,6.02,34.09,71,42.86,12,50.00
蒲郡,9,一般特選,2,3072,西田　靖,60,東京,54,B1,4.61,27.72,4.53,19.44,52,90.91,73,40.00
蒲郡,9,一般特選,3,4594,谷川祐一,40,滋賀,52,A2,6.11,43.10,5.26,29.23,69,33.33,76,27.27
蒲郡,9,一般特選,4,4794,和田拓也,32,兵庫,53,A2,5.95,42.00,0.00,0.00,15,0.00,20,72.73
蒲郡,9,一般特選,5,3902,蜷川哲平,45,東京,54,A1,5.97,39.71,6.02,43.75,47,11.11,28,58.33
蒲郡,9,一般特選,6,4712,冨好祐真,32,兵庫,54,B1,3.66,15.52,0.00,0.00,62,70.00,58,22.22
蒲郡,10,選抜戦,1,4823,中村桃佳,29,香川,45,A1,7.12,56.41,6.78,52.17,50,22.22,32,22.22
蒲郡,10,選抜戦,2,3436,柏野幸二,53,岡山,50,A2,6.20,45.76,5.71,23.81,43,60.00,56,22.22
蒲郡,10,選抜戦,3,4630,岩永雅人,35,愛知,51,B1,4.91,28.81,4.89,26.79,17,11.11,30,0.00
蒲郡,10,選抜戦,4,3952,中澤和志,46,埼玉,53,A1,6.69,47.46,6.63,55.00,30,21.05,11,16.67
蒲郡,10,選抜戦,5,4240,今井裕梨,38,群馬,45,A2,5.63,38.14,4.70,29.63,19,20.00,71,30.00
蒲郡,10,選抜戦,6,4611,今井美亜,31,福井,48,B1,5.21,31.51,6.55,44.83,38,20.00,19,11.11
蒲郡,11,選抜戦,1,4659,木下翔太,31,大阪,55,A1,6.65,50.00,6.20,48.78,70,40.00,23,40.00
蒲郡,11,選抜戦,2,4626,伊藤紘章,36,愛知,51,B1,5.31,36.76,2.00,5.56,32,33.33,74,58.33
蒲郡,11,選抜戦,3,3541,三嶌誠司,54,香川,53,A1,6.55,47.46,6.50,45.83,16,0.00,43,15.00
蒲郡,11,選抜戦,4,4790,柳内敬太,32,兵庫,52,A2,5.48,34.02,3.63,12.50,66,33.33,14,16.67
蒲郡,11,選抜戦,5,4303,牧原　崇,39,愛知,52,B1,4.70,20.69,5.16,27.42,40,22.22,24,54.55
蒲郡,11,選抜戦,6,4649,和田操拓,38,滋賀,50,A2,5.41,25.53,5.60,26.67,63,40.91,18,60.00
蒲郡,12,優勝戦,1,3999,大瀧明日,42,愛知,46,A1,6.12,46.81,6.62,46.15,14,0.00,21,90.91
蒲郡,12,優勝戦,2,4166,吉田拡郎,40,岡山,53,A1,7.56,61.61,6.90,55.00,35,36.36,59,60.00
蒲郡,12,優勝戦,3,4033,伊藤将吉,43,静岡,53,A1,6.30,44.37,6.71,47.92,33,25.00,63,90.00
蒲郡,12,優勝戦,4,3534,野澤大二,50,東京,55,A2,5.75,38.60,4.00,25.00,12,23.08,16,22.22
蒲郡,12,優勝戦,5,3966,作間　章,43,東京,52,A1,6.41,47.15,7.17,58.62,45,25.00,26,27.27
蒲郡,12,優勝戦,6,4714,喜多須杏,31,徳島,48,A2,4.83,26.98,4.88,12.50,65,33.33,15,50.00
多摩川,1,まつりだｏｎ,1,4052,興津　藍,41,徳島,50,A2,5.62,35.29,0.00,0.00,58,28.57,45,26.19
多摩川,1,まつりだｏｎ,2,3569,増田　進,51,東京,53,B1,4.27,20.34,4.02,18.18,18,23.40,36,17.78
多摩川,1,まつりだｏｎ,3,4093,吉田宗弘,41,東京,49,B1,4.54,24.47,5.34,33.96,16,20.00,50,26.09
多摩川,1,まつりだｏｎ,4,4808,松尾　拓,33,三重,51,A2,5.63,32.67,7.58,58.33,46,24.44,39,37.50
多摩川,1,まつりだｏｎ,5,4581,吉村　誠,33,静岡,51,B1,5.81,34.65,6.10,46.34,60,33.33,37,30.43
多摩川,1,まつりだｏｎ,6,5253,藤井太雅,19,東京,54,B2,1.04,0.00,1.13,0.00,65,23.91,24,29.55
多摩川,2,一般,1,4550,石岡将太,33,群馬,57,B1,4.90,26.09,4.87,28.26,66,33.33,57,33.33
多摩川,2,一般,2,4383,竹田吉行,37,徳島,52,A2,5.35,32.67,0.00,0.00,36,35.90,63,28.57
多摩川,2,一般,3,4887,富澤祐作,35,群馬,53,B1,5.18,33.96,4.92,30.65,71,25.00,65,37.21
多摩川,2,一般,4,3889,須藤隆雄,47,群馬,58,B1,4.63,28.00,4.76,26.83,28,30.23,52,26.67
多摩川,2,一般,5,3655,本橋克洋,48,群馬,55,A2,5.80,44.92,5.62,36.17,61,20.93,48,38.30
多摩川,2,一般,6,5226,藤田俊祐,20,東京,54,B1,2.53,2.60,2.00,0.00,39,23.68,69,25.00
多摩川,3,一般,1,4695,尾崎雄二,36,長崎,53,B1,4.37,15.19,3.50,0.00,15,35.00,35,35.00
多摩川,3,一般,2,3964,宮地博士,43,長崎,55,B1,4.45,22.64,0.00,0.00,67,34.04,74,16.28
多摩川,3,一般,3,3955,眞田英二,45,徳島,51,A2,6.30,45.60,5.50,40.00,11,60.42,23,31.25
多摩川,3,一般,4,4167,片岡秀樹,40,徳島,57,B1,4.93,24.58,0.00,0.00,35,35.71,73,20.00
多摩川,3,一般,5,4797,中山　将,30,三重,56,A2,5.13,35.00,5.94,41.18,74,22.92,70,54.76
多摩川,3,一般,6,4641,磯村　匠,31,東京,51,B1,4.63,22.81,4.98,30.23,53,42.55,40,41.30
多摩川,4,一般,1,4273,佐藤　旭,40,静岡,53,B1,5.25,33.90,3.68,14.63,68,45.65,60,42.55
多摩川,4,一般,2,4684,楠原翔太,31,福岡,55,A2,5.73,35.92,5.45,27.27,63,22.22,41,30.61
多摩川,4,一般,3,3331,新美恵一,54,愛知,52,A2,6.23,42.50,7.00,48.57,41,35.00,31,46.81
多摩川,4,一般,4,3340,池田雷太,57,東京,54,B1,4.05,21.79,4.15,21.28,27,26.19,27,35.56
多摩川,4,一般,5,5175,島崎丈一,18,東京,56,B2,1.57,1.85,1.29,0.00,59,33.33,66,38.30
多摩川,4,一般,6,5172,田村　慶,21,徳島,52,B1,3.87,15.73,0.00,0.00,45,17.02,53,31.91
多摩川,5,一般,1,5082,一色凌雅,23,愛知,57,B1,3.62,12.24,3.11,5.56,14,21.28,43,24.44
多摩川,5,一般,2,3880,浅見宗孝,49,埼玉,55,B1,5.18,30.43,5.49,32.84,29,41.30,83,26.83
多摩川,5,一般,3,3686,鳥居塚孝,47,群馬,51,A1,5.98,41.98,5.78,42.59,32,35.00,72,29.79
多摩川,5,一般,4,4706,三浦洋次,33,愛知,47,A1,6.05,40.63,5.37,31.58,73,30.95,78,53.66
多摩川,5,一般,5,3532,柴田　光,50,群馬,55,A1,6.83,51.69,6.22,46.67,19,25.53,80,35.71
多摩川,5,一般,6,5190,大月遊雅,21,東京,52,B2,1.99,2.90,1.41,0.00,75,29.79,56,28.89
多摩川,6,一般,1,3569,増田　進,51,東京,53,B1,4.27,20.34,4.02,18.18,18,23.40,36,17.78
多摩川,6,一般,2,4421,森作広大,34,東京,56,B1,4.30,16.28,4.76,20.69,54,34.15,77,34.78
多摩川,6,一般,3,4333,村田友也,38,徳島,64,B1,3.85,20.21,0.00,0.00,47,17.50,29,40.54
多摩川,6,一般,4,4550,石岡将太,33,群馬,57,B1,4.90,26.09,4.87,28.26,66,33.33,57,33.33
多摩川,6,一般,5,4369,丹下　将,36,愛知,59,A2,5.57,37.00,6.30,50.00,48,34.78,85,25.81
多摩川,6,一般,6,4863,三浦裕貴,33,東京,52,B1,4.70,21.78,4.05,17.54,43,31.25,30,40.82
多摩川,7,一般,1,4093,吉田宗弘,41,東京,49,B1,4.54,24.47,5.34,33.96,16,20.00,50,26.09
多摩川,7,一般,2,4797,中山　将,30,三重,56,A2,5.13,35.00,5.94,41.18,74,22.92,70,54.76
多摩川,7,一般,3,3964,宮地博士,43,長崎,55,B1,4.45,22.64,0.00,0.00,67,34.04,74,16.28
多摩川,7,一般,4,4887,富澤祐作,35,群馬,53,B1,5.18,33.96,4.92,30.65,71,25.00,65,37.21
多摩川,7,一般,5,4366,前沢丈史,36,東京,55,A1,6.69,50.38,6.41,35.29,72,37.78,22,9.52
多摩川,7,一般,6,3852,澤　大介,49,三重,52,A2,6.13,47.13,4.44,25.00,17,28.21,25,37.50
多摩川,8,一般,1,3340,池田雷太,57,東京,54,B1,4.05,21.79,4.15,21.28,27,26.19,27,35.56
多摩川,8,一般,2,4695,尾崎雄二,36,長崎,53,B1,4.37,15.19,3.50,0.00,15,35.00,35,35.00
多摩川,8,一般,3,4167,片岡秀樹,40,徳島,57,B1,4.93,24.58,0.00,0.00,35,35.71,73,20.00
多摩川,8,一般,4,4383,竹田吉行,37,徳島,52,A2,5.35,32.67,0.00,0.00,36,35.90,63,28.57
多摩川,8,一般,5,5253,藤井太雅,19,東京,54,B2,1.04,0.00,1.13,0.00,65,23.91,24,29.55
多摩川,8,一般,6,5175,島崎丈一,18,東京,56,B2,1.57,1.85,1.29,0.00,59,33.33,66,38.30
多摩川,9,静波まつり選,1,4641,磯村　匠,31,東京,51,B1,4.63,22.81,4.98,30.23,53,42.55,40,41.30
多摩川,9,静波まつり選,2,4581,吉村　誠,33,静岡,51,B1,5.81,34.65,6.10,46.34,60,33.33,37,30.43
多摩川,9,静波まつり選,3,3889,須藤隆雄,47,群馬,58,B1,4.63,28.00,4.76,26.83,28,30.23,52,26.67
多摩川,9,静波まつり選,4,3686,鳥居塚孝,47,群馬,51,A1,5.98,41.98,5.78,42.59,32,35.00,72,29.79
多摩川,9,静波まつり選,5,4684,楠原翔太,31,福岡,55,A2,5.73,35.92,5.45,27.27,63,22.22,41,30.61
多摩川,9,静波まつり選,6,5082,一色凌雅,23,愛知,57,B1,3.62,12.24,3.11,5.56,14,21.28,43,24.44
多摩川,10,選抜戦,1,3532,柴田　光,50,群馬,55,A1,6.83,51.69,6.22,46.67,19,25.53,80,35.71
多摩川,10,選抜戦,2,3655,本橋克洋,48,群馬,55,A2,5.80,44.92,5.62,36.17,61,20.93,48,38.30
多摩川,10,選抜戦,3,4706,三浦洋次,33,愛知,47,A1,6.05,40.63,5.37,31.58,73,30.95,78,53.66
多摩川,10,選抜戦,4,3331,新美恵一,54,愛知,52,A2,6.23,42.50,7.00,48.57,41,35.00,31,46.81
多摩川,10,選抜戦,5,4421,森作広大,34,東京,56,B1,4.30,16.28,4.76,20.69,54,34.15,77,34.78
多摩川,10,選抜戦,6,4052,興津　藍,41,徳島,50,A2,5.62,35.29,0.00,0.00,58,28.57,45,26.19
多摩川,11,選抜戦,1,4366,前沢丈史,36,東京,55,A1,6.69,50.38,6.41,35.29,72,37.78,22,9.52
多摩川,11,選抜戦,2,4369,丹下　将,36,愛知,59,A2,5.57,37.00,6.30,50.00,48,34.78,85,25.81
多摩川,11,選抜戦,3,4808,松尾　拓,33,三重,51,A2,5.63,32.67,7.58,58.33,46,24.44,39,37.50
多摩川,11,選抜戦,4,3955,眞田英二,45,徳島,51,A2,6.30,45.60,5.50,40.00,11,60.42,23,31.25
多摩川,11,選抜戦,5,3880,浅見宗孝,49,埼玉,55,B1,5.18,30.43,5.49,32.84,29,41.30,83,26.83
多摩川,11,選抜戦,6,4273,佐藤　旭,40,静岡,53,B1,5.25,33.90,3.68,14.63,68,45.65,60,42.55
多摩川,12,優勝戦,1,4547,中田竜太,34,埼玉,52,A1,7.28,54.62,5.51,36.73,38,25.00,84,38.10
多摩川,12,優勝戦,2,4492,本多宏和,35,愛知,51,A1,7.32,60.64,7.73,66.67,40,26.83,67,36.84
多摩川,12,優勝戦,3,3613,角谷健吾,49,東京,50,A1,6.85,53.91,6.91,56.52,69,29.79,82,30.23
多摩川,12,優勝戦,4,4019,笠原　亮,42,静岡,53,A1,7.07,53.01,6.94,55.56,13,35.56,59,29.55
多摩川,12,優勝戦,5,3679,飯島昌弘,49,埼玉,53,A1,6.31,44.44,5.77,35.85,44,21.74,68,36.17
多摩川,12,優勝戦,6,4793,金子　萌,32,静岡,51,A2,5.38,36.56,6.60,56.90,12,21.74,54,29.55
平和島,1,予選,1,4835,橋本　明,34,広島,54,B1,4.56,20.51,4.78,33.33,40,20.00,41,31.82
平和島,1,予選,2,4800,小寺拳人,29,福井,56,B1,3.95,15.38,3.00,0.00,52,42.86,43,33.33
平和島,1,予選,3,3769,佐竹恒彦,48,滋賀,52,A2,5.37,32.18,5.71,29.03,71,29.17,61,26.09
平和島,1,予選,4,5153,佐藤ほの,26,東京,46,B2,3.05,10.81,1.56,0.00,19,40.74,68,26.67
平和島,1,予選,5,4035,杉江浩明,43,愛知,51,B1,4.18,26.40,4.82,33.33,67,23.81,74,46.15
平和島,1,予選,6,4484,稲生夏季,32,東京,49,B1,4.77,23.91,4.98,23.40,70,21.05,39,38.10
平和島,2,予選,1,3920,正木聖賢,47,広島,52,A1,6.70,55.70,7.29,71.43,30,43.48,59,29.17
平和島,2,予選,2,4981,牧山敦也,26,佐賀,52,B1,4.34,26.44,3.63,12.50,43,29.17,67,26.09
平和島,2,予選,3,3283,窪田好弘,55,福井,53,B1,3.94,24.04,2.25,12.50,23,47.37,69,45.83
平和島,2,予選,4,3392,小森信雄,56,三重,52,B1,4.44,25.84,4.35,20.41,46,29.03,65,48.00
平和島,2,予選,5,4730,土屋実沙,33,静岡,47,B1,4.32,20.63,5.86,47.62,31,41.38,31,15.38
平和島,2,予選,6,5204,宇恵有香,25,三重,45,B2,2.23,3.80,1.33,0.00,18,35.00,73,26.09
平和島,3,予選,1,3207,田村美和,56,東京,53,B1,4.43,25.00,4.66,25.42,11,35.71,48,37.50
平和島,3,予選,2,4057,松井賢治,43,兵庫,53,A2,5.44,34.44,6.12,47.06,10,43.75,72,13.04
平和島,3,予選,3,4918,川島拓郎,33,静岡,53,B1,4.54,25.49,5.16,31.25,74,28.57,44,36.36
平和島,3,予選,4,4943,八木治樹,31,愛知,52,B1,4.46,17.95,5.21,42.86,64,26.09,52,25.00
平和島,3,予選,5,4836,大谷健太,33,埼玉,52,B1,4.71,25.81,4.94,29.17,15,28.57,38,47.83
平和島,3,予選,6,3656,伯母芳恒,48,東京,56,B1,5.12,32.74,5.95,43.51,13,38.10,66,22.22
平和島,4,予選,1,3834,細川明人,47,岡山,56,B1,4.69,21.90,0.00,0.00,60,22.73,57,60.00
平和島,4,予選,2,4429,豊田泰洋,36,広島,59,B1,3.99,22.22,0.00,0.00,34,52.38,50,36.00
平和島,4,予選,3,4489,岩川仁士,35,大阪,54,B1,4.95,30.09,4.63,36.84,66,41.67,35,40.00
平和島,4,予選,4,5114,小林孝彰,22,福井,53,B1,3.53,16.50,4.00,22.22,72,4.76,75,38.10
平和島,4,予選,5,4356,長岡良也,38,兵庫,51,A1,6.90,51.61,5.94,41.18,65,70.83,34,30.43
平和島,4,予選,6,3346,宮本裕之,55,兵庫,52,B1,4.34,25.49,6.28,37.93,51,26.09,56,4.35
平和島,5,予選,1,3993,永井聖美,43,東京,47,B1,6.08,43.82,4.95,36.84,33,15.00,60,72.00
平和島,5,予選,2,4407,鹿島敏弘,36,群馬,57,B1,4.77,23.23,4.73,25.40,53,28.00,63,26.09
平和島,5,予選,3,4677,片橋幸貴,34,滋賀,54,A2,4.92,30.61,6.00,44.44,21,33.33,55,40.00
平和島,5,予選,4,4992,廣瀬篤哉,24,滋賀,56,B1,4.25,20.78,4.71,14.29,58,30.43,46,40.00
平和島,5,予選,5,4800,小寺拳人,29,福井,56,B1,3.95,15.38,3.00,0.00,52,42.86,43,33.33
平和島,5,予選,6,4645,上村純一,42,群馬,53,A1,6.08,42.42,5.87,38.46,14,42.86,58,37.50
平和島,6,予選,1,3859,多羅尾達,49,東京,52,B1,5.26,36.07,3.62,17.24,27,29.03,37,30.43
平和島,6,予選,2,3685,荒井輝年,48,岡山,58,A1,5.97,43.24,7.50,60.00,73,17.39,54,35.00
平和島,6,予選,3,4035,杉江浩明,43,愛知,51,B1,4.18,26.40,4.82,33.33,67,23.81,74,46.15
平和島,6,予選,4,4730,土屋実沙,33,静岡,47,B1,4.32,20.63,5.86,47.62,31,41.38,31,15.38
平和島,6,予選,5,3289,高橋淳美,59,大阪,46,B1,4.49,24.49,3.94,17.65,49,33.33,45,50.00
平和島,6,予選,6,3736,岡本　猛,48,大阪,53,B1,4.76,27.43,6.20,45.00,26,47.62,47,53.57
平和島,7,予選,1,4619,伏田裕隆,39,東京,52,B1,5.16,33.33,4.57,31.15,20,20.83,62,50.00
平和島,7,予選,2,4943,八木治樹,31,愛知,52,B1,4.46,17.95,5.21,42.86,64,26.09,52,25.00
平和島,7,予選,3,5153,佐藤ほの,26,東京,46,B2,3.05,10.81,1.56,0.00,19,40.74,68,26.67
平和島,7,予選,4,4822,百武　翔,29,佐賀,51,A2,5.31,31.63,4.90,30.00,12,7.69,32,48.00
平和島,7,予選,5,5204,宇恵有香,25,三重,45,B2,2.23,3.80,1.33,0.00,18,35.00,73,26.09
平和島,7,予選,6,3422,服部幸男,51,静岡,56,A1,6.76,50.78,4.83,30.95,47,15.00,53,28.00
平和島,8,予選,1,4639,雑賀勇貴,31,大阪,54,B1,5.53,35.56,4.71,25.00,68,47.62,71,13.64
平和島,8,予選,2,5114,小林孝彰,22,福井,53,B1,3.53,16.50,4.00,22.22,72,4.76,75,38.10
平和島,8,予選,3,3251,平石和男,56,埼玉,50,A2,5.32,33.33,5.85,35.90,54,29.17,49,33.33
平和島,8,予選,4,4981,牧山敦也,26,佐賀,52,B1,4.34,26.44,3.63,12.50,43,29.17,67,26.09
平和島,8,予選,5,3207,田村美和,56,東京,53,B1,4.43,25.00,4.66,25.42,11,35.71,48,37.50
平和島,8,予選,6,3721,守田俊介,46,滋賀,53,A1,7.18,56.59,7.23,36.36,37,33.33,33,39.13
平和島,9,予選特賞,1,4836,大谷健太,33,埼玉,52,B1,4.71,25.81,4.94,29.17,15,28.57,38,47.83
平和島,9,予選特賞,2,4075,中野次郎,41,東京,53,A1,7.63,53.04,7.04,48.72,61,39.13,70,17.24
平和島,9,予選特賞,3,4484,稲生夏季,32,東京,49,B1,4.77,23.91,4.98,23.40,70,21.05,10,40.63
平和島,9,予選特賞,4,4677,片橋幸貴,34,滋賀,54,A2,4.92,30.61,6.00,44.44,21,33.33,55,40.00
平和島,9,予選特賞,5,3814,金子貴志,46,福井,52,A2,5.61,35.81,4.67,25.00,56,30.43,40,37.50
平和島,9,予選特賞,6,4429,豊田泰洋,36,広島,59,B1,3.99,22.22,0.00,0.00,34,52.38,50,36.00
平和島,10,予選特賞,1,4076,杉田篤光,43,静岡,52,A2,5.68,35.71,5.37,28.57,44,10.71,51,15.00
平和島,10,予選特賞,2,3920,正木聖賢,47,広島,52,A1,6.70,55.70,7.29,71.43,30,43.48,59,29.17
平和島,10,予選特賞,3,3834,細川明人,47,岡山,56,B1,4.69,21.90,0.00,0.00,60,22.73,27,50.00
平和島,10,予選特賞,4,4918,川島拓郎,33,静岡,53,B1,4.54,25.49,5.16,31.25,74,28.57,44,36.36
平和島,10,予選特賞,5,3859,多羅尾達,49,東京,52,B1,5.26,36.07,3.62,17.24,27,29.03,37,30.43
平和島,10,予選特賞,6,3769,佐竹恒彦,48,滋賀,52,A2,5.37,32.18,5.71,29.03,71,29.17,61,26.09
平和島,11,予選特選,1,4057,松井賢治,43,兵庫,53,A2,5.44,34.44,6.12,47.06,10,43.75,72,13.04
平和島,11,予選特選,2,4645,上村純一,42,群馬,53,A1,6.08,42.42,5.87,38.46,14,42.86,58,37.50
平和島,11,予選特選,3,4835,橋本　明,34,広島,54,B1,4.56,20.51,4.78,33.33,40,20.00,41,31.82
平和島,11,予選特選,4,3289,高橋淳美,59,大阪,46,B1,4.49,24.49,3.94,17.65,49,33.33,45,50.00
平和島,11,予選特選,5,3283,窪田好弘,55,福井,53,B1,3.94,24.04,2.25,12.50,23,47.37,69,45.83
平和島,11,予選特選,6,4090,中村　尊,41,埼玉,53,A1,6.22,45.19,6.51,51.11,17,15.00,36,30.00
平和島,12,記者選抜,1,4356,長岡良也,38,兵庫,51,A1,6.90,51.61,5.94,41.18,65,70.83,34,30.43
平和島,12,記者選抜,2,3656,伯母芳恒,48,東京,56,B1,5.12,32.74,5.95,43.51,13,38.10,66,22.22
平和島,12,記者選抜,3,3392,小森信雄,56,三重,52,B1,4.44,25.84,4.35,20.41,46,29.03,65,48.00
平和島,12,記者選抜,4,4619,伏田裕隆,39,東京,52,B1,5.16,33.33,4.57,31.15,20,20.83,62,50.00
平和島,12,記者選抜,5,3251,平石和男,56,埼玉,50,A2,5.32,33.33,5.85,35.90,54,29.17,49,33.33
平和島,12,記者選抜,6,3685,荒井輝年,48,岡山,58,A1,5.97,43.24,7.50,60.00,73,17.39,54,35.00
江戸川,1,予選,1,3874,山本寛久,46,岡山,52,A2,6.54,45.71,6.87,52.63,58,31.82,25,28.57
江戸川,1,予選,2,4370,山口達也,35,岡山,56,A1,7.02,53.54,6.06,50.00,37,46.67,14,35.56
江戸川,1,予選,3,4468,大池佑来,35,東京,52,A1,6.26,41.05,7.85,64.04,51,28.89,26,41.46
江戸川,1,予選,4,4575,戸塚邦好,33,東京,52,A2,5.73,37.74,5.99,43.84,53,34.88,49,33.33
江戸川,1,予選,5,5018,竹下大樹,23,福岡,53,A2,6.29,42.86,0.00,0.00,61,32.61,35,33.33
江戸川,1,予選,6,3956,横澤剛治,45,静岡,58,A2,6.35,44.20,7.17,44.44,39,24.39,56,31.25
江戸川,2,予選,1,4652,酒見峻介,37,佐賀,51,A2,5.80,41.86,4.38,23.08,62,32.50,46,34.00
江戸川,2,予選,2,4928,栗城　匠,27,東京,51,A1,6.08,41.98,6.21,43.66,25,39.53,47,25.64
江戸川,2,予選,3,4500,山田康二,34,佐賀,52,A1,7.54,65.74,5.44,25.93,64,48.89,36,29.17
江戸川,2,予選,4,3868,尾形栄治,46,東京,54,A2,5.15,34.40,6.25,44.72,31,32.56,31,34.04
江戸川,2,予選,5,4069,山本修一,42,岡山,52,A2,6.66,48.34,6.78,50.00,54,31.71,57,47.62
江戸川,2,予選,6,3918,深井利寿,47,滋賀,51,A1,6.49,49.62,6.88,51.22,56,45.65,59,43.18
江戸川,3,予選,1,4516,野口勝弘,35,愛知,50,A2,6.16,45.69,5.85,35.42,59,27.91,43,42.00
江戸川,3,予選,2,3903,白石　健,45,兵庫,52,A1,7.13,56.41,7.23,60.47,40,24.32,62,41.67
江戸川,3,予選,3,4824,松井洪弥,29,三重,52,A2,6.39,43.90,5.83,45.71,20,42.55,48,38.10
江戸川,3,予選,4,4661,中島昂章,30,佐賀,52,A2,5.62,31.62,4.87,33.33,38,30.23,69,36.36
江戸川,3,予選,5,4748,渡邉雄朗,36,東京,52,A1,5.81,38.52,6.39,47.74,52,37.21,12,36.17
江戸川,3,予選,6,3983,須藤博倫,44,埼玉,52,A1,6.37,46.23,6.45,41.51,48,39.02,39,45.65
江戸川,4,予選,1,4264,長尾章平,37,山口,53,A2,5.92,43.75,6.26,43.48,29,42.55,41,34.04
江戸川,4,予選,2,4379,桑島和宏,37,東京,56,A2,5.27,30.77,5.85,39.64,36,31.37,27,30.30
江戸川,4,予選,3,4364,池永　太,37,福岡,55,A1,7.03,56.64,6.23,33.33,30,47.62,71,44.19
江戸川,4,予選,4,4324,海野康志,34,山口,61,A1,6.68,50.75,6.11,38.89,34,41.30,65,40.82
江戸川,4,予選,5,4610,佐藤大佑,31,東京,53,A1,6.16,44.86,6.55,50.28,24,38.10,10,34.15
江戸川,4,予選,6,3716,石渡鉄兵,47,東京,54,A1,7.16,52.99,7.76,62.35,68,38.64,20,39.02
江戸川,5,予選,1,4575,戸塚邦好,33,東京,52,A2,5.73,37.74,5.99,43.84,53,34.88,49,33.33
江戸川,5,予選,2,4335,若林　将,38,東京,54,A1,6.74,51.43,6.50,44.83,23,44.19,70,44.19
江戸川,5,予選,3,4084,杉山正樹,42,愛知,54,A1,6.36,40.16,6.90,47.47,63,30.00,51,32.50
江戸川,5,予選,4,4227,安達裕樹,39,三重,53,A1,6.75,49.03,7.15,53.19,43,35.00,66,36.36
江戸川,5,予選,5,4857,加藤翔馬,25,兵庫,54,A1,6.65,51.43,5.89,40.74,60,40.00,60,40.00
江戸川,5,予選,6,4543,重木輝彦,34,兵庫,50,A2,5.69,38.46,5.22,37.84,50,50.00,21,43.75
江戸川,6,予選,1,4571,菅　章哉,34,徳島,52,A2,5.39,30.34,0.00,0.00,70,41.67,29,41.86
江戸川,6,予選,2,3868,尾形栄治,46,東京,54,A2,5.15,34.40,6.25,44.72,31,32.56,31,34.04
江戸川,6,予選,3,3996,秋山直之,43,群馬,53,A1,7.23,52.52,6.56,48.44,32,28.57,38,27.27
江戸川,6,予選,4,3475,橋本久和,52,群馬,52,A2,5.82,39.23,6.56,54.24,22,28.26,68,26.83
江戸川,6,予選,5,3956,横澤剛治,45,静岡,58,A2,6.35,44.20,7.17,44.44,39,24.39,56,31.25
江戸川,6,予選,6,4388,是澤孝宏,37,滋賀,51,A1,6.59,46.90,5.99,38.89,55,35.00,32,25.58
江戸川,7,予選,1,4342,谷野錬志,37,静岡,54,A1,6.82,47.75,6.46,45.59,45,29.27,52,37.78
江戸川,7,予選,2,4161,黒柳浩孝,40,愛知,56,A2,5.59,35.07,5.58,34.94,69,35.42,55,41.86
江戸川,7,予選,3,3874,山本寛久,46,岡山,52,A2,6.54,45.71,6.87,52.63,58,31.82,25,28.57
江戸川,7,予選,4,4535,北山康介,32,東京,53,A2,6.76,51.18,6.53,47.44,21,32.65,19,37.21
江戸川,7,予選,5,4685,島村隆幸,31,徳島,52,A1,6.96,48.94,6.42,45.83,13,40.48,53,37.21
江戸川,7,予選,6,4397,西村拓也,35,大阪,52,A1,7.60,62.70,7.15,53.85,71,40.00,24,34.78
江戸川,8,予選,1,4324,海野康志,34,山口,61,A1,6.68,50.75,6.11,38.89,34,41.30,65,40.82
江戸川,8,予選,2,4832,権藤俊光,35,大阪,52,A1,6.77,51.80,7.09,61.40,12,28.57,34,35.00
江戸川,8,予選,3,4652,酒見峻介,37,佐賀,51,A2,5.80,41.86,4.38,23.08,62,32.50,46,34.00
江戸川,8,予選,4,5018,竹下大樹,23,福岡,53,A2,6.29,42.86,0.00,0.00,61,32.61,35,33.33
江戸川,8,予選,5,4608,荒井翔伍,32,東京,55,A2,6.11,44.60,6.06,43.37,27,35.71,33,36.73
江戸川,8,予選,6,4748,渡邉雄朗,36,東京,52,A1,5.81,38.52,6.39,47.74,52,37.21,12,36.17
江戸川,9,予選,1,4468,大池佑来,35,東京,52,A1,6.26,41.05,7.85,64.04,51,28.89,26,41.46
江戸川,9,予選,2,4933,板橋侑我,26,静岡,52,A2,6.07,36.61,6.83,55.00,10,42.22,37,46.34
江戸川,9,予選,3,3918,深井利寿,47,滋賀,51,A1,6.49,49.62,6.88,51.22,56,45.65,59,43.18
江戸川,9,予選,4,4610,佐藤大佑,31,東京,53,A1,6.16,44.86,6.55,50.28,24,38.10,10,34.15
江戸川,9,予選,5,4661,中島昂章,30,佐賀,52,A2,5.62,31.62,4.87,33.33,38,30.23,69,36.36
江戸川,9,予選,6,4335,若林　将,38,東京,54,A1,6.74,51.43,6.50,44.83,23,44.19,70,44.19
江戸川,10,予選,1,4227,安達裕樹,39,三重,53,A1,6.75,49.03,7.15,53.19,43,35.00,66,36.36
江戸川,10,予選,2,4388,是澤孝宏,37,滋賀,51,A1,6.59,46.90,5.99,38.89,55,35.00,32,25.58
江戸川,10,予選,3,4082,濱崎　誠,42,大阪,53,A2,5.72,41.67,7.03,54.31,19,28.57,16,41.67
江戸川,10,予選,4,4516,野口勝弘,35,愛知,50,A2,6.16,45.69,5.85,35.42,59,27.91,43,42.00
江戸川,10,予選,5,4264,長尾章平,37,山口,53,A2,5.92,43.75,6.26,43.48,29,42.55,41,34.04
江戸川,10,予選,6,4928,栗城　匠,27,東京,51,A1,6.08,41.98,6.21,43.66,25,39.53,47,25.64
江戸川,11,予選,1,4857,加藤翔馬,25,兵庫,54,A1,6.65,51.43,5.89,40.74,60,40.00,60,40.00
江戸川,11,予選,2,3940,飯山　泰,44,東京,53,A2,6.19,45.45,7.02,58.20,16,52.38,64,30.00
江戸川,11,予選,3,4342,谷野錬志,37,静岡,54,A1,6.82,47.75,6.46,45.59,45,29.27,52,37.78
江戸川,11,予選,4,4379,桑島和宏,37,東京,56,A2,5.27,30.77,5.85,39.64,36,31.37,27,30.30
江戸川,11,予選,5,4370,山口達也,35,岡山,56,A1,7.02,53.54,6.06,50.00,37,46.67,14,35.56
江戸川,11,予選,6,3903,白石　健,45,兵庫,52,A1,7.13,56.41,7.23,60.47,40,24.32,62,41.67
江戸川,12,予選,1,3996,秋山直之,43,群馬,53,A1,7.23,52.52,6.56,48.44,32,28.57,38,27.27
江戸川,12,予選,2,4608,荒井翔伍,32,東京,55,A2,6.11,44.60,6.06,43.37,27,35.71,33,36.73
江戸川,12,予選,3,4543,重木輝彦,34,兵庫,50,A2,5.69,38.46,5.22,37.84,50,50.00,21,43.75
江戸川,12,予選,4,3983,須藤博倫,44,埼玉,52,A1,6.37,46.23,6.45,41.51,48,39.02,39,45.65
江戸川,12,予選,5,4364,池永　太,37,福岡,55,A1,7.03,56.64,6.23,33.33,30,47.62,71,44.19
江戸川,12,予選,6,4069,山本修一,42,岡山,52,A2,6.66,48.34,6.78,50.00,54,31.71,57,47.62
