日付,レース場,レース番号,券種, 1-2-3, 2-1-3, 3-1-2, 4-1-2, 5-1-2, 6-1-2, 1-2-4, 2-1-4, 3-1-4, 4-1-3, 5-1-3, 6-1-3, 1-2-5, 2-1-5, 3-1-5, 4-1-5, 5-1-4, 6-1-4, 1-2-6, 2-1-6, 3-1-6, 4-1-6, 5-1-6, 6-1-5, 1-3-2, 2-3-1, 3-2-1, 4-2-1, 5-2-1, 6-2-1, 1-3-4, 2-3-4, 3-2-4, 4-2-3, 5-2-3, 6-2-3, 1-3-5, 2-3-5, 3-2-5, 4-2-5, 5-2-4, 6-2-4, 1-3-6, 2-3-6, 3-2-6, 4-2-6, 5-2-6, 6-2-5, 1-4-2, 2-4-1, 3-4-1, 4-3-1, 5-3-1, 6-3-1, 1-4-3, 2-4-3, 3-4-2, 4-3-2, 5-3-2, 6-3-2, 1-4-5, 2-4-5, 3-4-5, 4-3-5, 5-3-4, 6-3-4, 1-4-6, 2-4-6, 3-4-6, 4-3-6, 5-3-6, 6-3-5, 1-5-2, 2-5-1, 3-5-1, 4-5-1, 5-4-1, 6-4-1, 1-5-3, 2-5-3, 3-5-2, 4-5-2, 5-4-2, 6-4-2, 1-5-4, 2-5-4, 3-5-4, 4-5-3, 5-4-3, 6-4-3, 1-5-6, 2-5-6, 3-5-6, 4-5-6, 5-4-6, 6-4-5, 1-6-2, 2-6-1, 3-6-1, 4-6-1, 5-6-1, 6-5-1, 1-6-3, 2-6-3, 3-6-2, 4-6-2, 5-6-2, 6-5-2, 1-6-4, 2-6-4, 3-6-4, 4-6-3, 5-6-3, 6-5-3, 1-6-5, 2-6-5, 3-6-5, 4-6-5, 5-6-4, 6-5-4
2025-03-11,大村,1,3連単,11.9,112.1,186.6,76.2,418.9,413.9,11.6,108.0,89.5,71.1,365.4,512.3,40.5,244.3,154.7,39.1,165.1,236.7,31.6,180.4,169.1,37.9,228.0,521.5,15.5,348.7,396.1,229.2,1085,873.5,8.2,531.0,642.3,554.6,1679,1801,23.3,831.9,1015,470.9,1588,1284,23.1,954.6,1046,371.7,1679,2329,12.4,322.9,181.9,158.9,696.0,949.4,11.1,666.8,419.9,383.1,1364,2079,14.3,779.9,329.0,293.6,954.6,934.2,12.1,515.3,328.3,249.9,1149,1546,59.2,762.9,437.8,64.9,235.4,370.9,41.2,1239,1058,202.6,839.9,1172,32.6,1098,606.6,251.0,856.4,1164,39.5,1213,644.6,79.3,305.9,602.4,61.9,882.3,572.8,90.1,485.2,895.9,61.5,1858,1188,281.3,1432,2156,36.9,1105,820.2,301.7,1213,2183,61.3,2055,895.9,135.1,470.9,762.9
2025-03-11,大村,2,3連単,20.2,16.4,84.6,110.7,626.6,286.7,18.1,13.2,78.8,227.0,911.7,624.3,70.8,60.8,306.0,495.1,715.0,545.3,31.4,21.7,146.5,183.5,865.9,1267,45.2,29.1,74.7,91.7,670.5,245.4,57.7,13.9,30.0,82.2,495.1,206.6,136.4,60.3,122.6,195.6,354.5,142.0,91.6,22.6,49.6,66.7,396.1,480.0,39.3,20.9,129.6,269.6,1257,828.5,68.9,16.7,60.5,128.2,633.5,328.8,164.1,64.9,181.9,315.0,660.2,459.5,66.1,16.9,75.1,173.5,715.0,1133,230.0,157.8,530.2,541.9,916.6,563.1,277.5,131.2,262.6,311.0,470.8,168.2,408.3,111.2,257.9,509.8,769.3,489.5,346.0,130.9,337.2,320.9,452.3,776.2,112.6,59.5,363.5,227.6,1525,2427,178.2,51.8,154.1,101.7,617.6,769.3,159.8,36.2,144.2,248.6,1007,1412,316.1,123.0,446.4,356.7,660.2,888.2
2025-03-11,大村,3,3連単,21.0,17.9,164.3,42.2,334.3,648.7,13.1,11.2,175.2,91.4,584.8,1450,50.0,47.8,324.9,121.3,415.8,881.5,29.9,26.6,326.6,101.5,499.2,1297,46.0,41.5,120.8,37.6,316.5,579.3,57.0,28.1,79.0,40.2,345.0,684.8,128.6,87.4,193.5,53.2,224.1,217.7,105.9,53.6,156.0,41.1,328.9,690.0,27.5,15.4,219.0,169.6,755.0,1981,60.0,21.8,111.7,85.9,537.1,944.8,106.1,39.0,259.4,182.0,616.1,1279,62.9,15.2,221.4,179.7,703.1,1721,136.3,140.7,572.1,127.3,413.0,764.4,205.3,139.1,385.4,74.4,227.4,238.6,192.1,103.3,449.3,158.1,472.4,1001,193.5,131.0,575.7,106.8,322.0,677.3,133.0,92.5,790.7,130.3,794.1,1450,252.0,126.8,474.8,70.9,604.0,990.5,169.6,49.9,592.3,200.9,1096,1690,263.1,180.9,916.5,137.5,566.8,856.9
2025-03-11,大村,4,3連単,21.3,126.2,116.4,147.2,3252,102.8,19.4,130.3,42.0,84.4,2760,55.8,260.3,1032,527.6,646.9,1930,45.3,17.8,114.9,35.2,38.6,1456,328.8,20.7,324.7,287.7,358.1,4093,300.5,10.2,535.9,429.3,626.4,3892,423.2,209.1,2012,1854,1114,2422,377.4,8.1,494.6,335.3,346.6,3043,2138,23.7,337.7,83.2,130.1,3768,124.0,14.8,706.6,267.6,430.1,3391,365.8,188.8,2667,608.7,1045,1745,154.0,7.5,428.5,73.4,92.6,1899,957.3,796.7,2305,2305,2119,4479,72.6,692.2,3491,2967,2499,3829,212.3,783.5,3491,2447,2178,3652,124.3,349.6,4316,1946,1396,3165,666.9,23.5,332.9,81.9,52.5,3083,1211,12.4,602.6,280.9,163.9,5935,3124,9.5,535.9,96.7,85.6,4655,2239,162.5,3124,674.5,462.8,2350,1869
2025-03-11,大村,5,3連単,7.4,6.7,92.2,504.3,128.8,1491,19.7,19.4,333.6,982.5,282.3,4190,9.4,7.0,177.6,623.4,505.2,6062,74.4,59.9,623.4,1337,567.5,4829,20.9,18.8,84.7,504.3,113.4,1582,67.1,37.7,163.0,630.3,153.7,3352,45.5,15.3,89.6,456.6,291.9,6194,271.1,125.1,358.4,1233,415.9,2821,69.4,66.8,714.1,1565,526.6,4383,130.6,69.4,445.2,940.3,276.0,3700,160.8,64.2,627.6,1557,940.3,6784,509.7,273.1,1706,2937,1295,4671,30.8,18.0,298.9,855.6,1121,7914,65.4,20.5,186.5,662.6,696.6,6475,157.5,53.0,515.2,1277,1376,7914,294.0,99.8,825.8,1491,2035,5698,347.9,353.5,1938,2688,1676,4912,874.0,581.4,1557,3031,1283,3201,1192,665.7,3131,5376,2158,4748,860.8,425.2,1862,3432,2566,5698
2025-03-11,大村,6,3連単,11.8,154.8,268.2,49.1,657.5,579.7,7.1,98.3,180.1,94.4,1074,904.8,34.3,325.0,386.7,62.2,427.5,339.8,19.4,189.6,306.8,41.9,489.2,1147,15.0,531.8,539.5,159.7,1317,1086,9.0,994.1,1168,553.9,2553,3328,39.9,1370,1873,471.9,1892,2180,22.4,1546,1725,323.3,2142,3804,6.9,245.2,440.1,343.9,2588,1766,8.1,1002,1068,793.2,2867,2287,20.0,983.6,1396,975.9,3389,2741,9.3,652.9,913.7,581.6,3389,4779,75.3,1154,1600,126.7,507.2,395.7,99.3,2662,2625,313.8,1157,1380,59.6,1540,2026,570.0,2015,1882,72.7,2154,2205,137.7,588.9,1179,59.6,887.6,1027,100.1,925.0,1993,60.9,2518,2374,295.1,2330,3924,38.7,1341,1686,447.0,3389,4841,118.3,2782,2662,199.7,975.9,1718
2025-03-11,大村,7,3連単,17.3,256.3,100.5,78.3,610.7,5062,15.9,331.1,30.7,29.8,385.1,5124,33.7,617.9,75.2,41.4,323.2,6090,385.8,1562,825.5,443.7,1410,7003,9.5,458.7,402.8,292.8,1610,6464,3.9,923.5,741.1,517.5,2980,6179,10.4,1722,1210,518.1,2308,9999,235.1,4775,3654,1945,4830,8754,11.8,611.6,75.6,54.6,658.6,6179,5.0,1154,342.4,312.1,2122,9999,10.5,1674,192.7,154.4,894.0,5387,249.0,4377,1591,1187,5457,9999,70.1,1750,327.7,80.6,331.9,6670,37.0,3785,1066,242.4,950.7,9999,38.3,2801,436.3,152.5,620.7,9135,538.7,5062,2676,695.7,2143,3282,1309,6003,3751,2247,4721,6888,1120,9772,5387,3308,6777,7928,1144,9999,5187,3531,8940,9999,1177,7781,4470,2746,5678,5602
2025-03-11,大村,8,3連単,27.0,207.4,152.6,91.3,390.3,814.9,20.4,170.9,40.7,45.5,305.7,550.4,40.0,296.0,83.2,51.1,212.1,334.0,31.3,232.2,63.8,36.1,157.8,537.1,23.3,551.2,500.3,350.6,926.3,1774,7.1,994.1,776.6,661.6,2098,2855,22.0,1477,1356,715.2,1843,2419,17.1,1489,1140,555.2,1346,2732,19.0,441.6,74.8,102.0,600.9,944.7,8.3,1241,357.9,437.0,1550,2548,14.9,1274,153.2,202.9,915.1,991.6,9.8,1137,101.6,127.9,823.8,1998,59.9,912.9,288.8,84.3,284.9,392.7,47.2,2877,1020,333.7,1026,1422,33.3,1967,349.3,233.7,727.5,937.7,33.8,1774,333.7,78.7,271.6,467.7,68.7,954.2,215.6,78.0,363.4,738.8,52.0,2301,840.2,369.7,1225,2419,37.3,1799,236.3,185.1,879.1,1918,56.5,2220,418.2,118.2,401.8,657.0
2025-03-11,大村,9,3連単,36.3,271.2,97.2,654.7,76.2,1056,102.2,562.4,36.4,236.8,23.2,663.1,53.7,370.7,16.4,273.7,88.4,1111,171.4,771.3,65.1,493.5,37.9,610.9,18.5,406.2,293.6,1284,151.3,2569,9.1,854.7,772.8,1432,385.6,3315,4.5,579.9,430.9,1403,907.6,3426,16.2,1408,840.8,1539,330.2,2855,121.2,1249,89.2,264.0,34.1,1040,31.7,1625,405.0,976.6,219.5,2602,40.0,1742,75.3,237.1,124.8,1234,87.8,2246,141.8,362.5,84.8,810.9,41.6,662.0,28.7,324.5,259.8,2585,9.2,858.3,187.0,1065,856.5,3704,28.6,1545,66.0,281.6,235.8,1587,30.9,1500,80.0,435.5,345.5,1398,242.9,2210,272.2,1010,64.5,598.4,88.3,2936,928.1,1957,239.0,1356,191.6,3162,362.8,730.2,96.9,587.3,99.3,2759,238.2,807.7,281.4,1171
2025-03-11,大村,10,3連単,5.1,10.9,19.7,1130,172.3,351.7,73.5,120.7,203.7,1604,191.5,475.7,13.4,27.0,31.8,1525,1048,2058,27.3,39.7,59.1,1854,273.1,923.2,6.6,20.5,24.7,1447,208.9,421.9,83.0,206.6,176.3,1323,199.5,495.9,14.2,43.3,39.7,1795,1134,2181,29.0,56.7,60.2,2204,300.1,794.2,257.9,613.3,482.0,2017,230.5,691.3,276.4,571.4,428.4,1692,220.6,591.6,361.6,733.1,423.1,2121,1126,2078,370.7,928.7,570.9,2477,325.0,995.9,44.0,97.4,66.3,2236,2064,3519,46.7,99.3,61.2,2391,2136,3460,294.5,578.9,305.6,2419,1865,3403,112.4,185.2,98.7,2166,1877,2196,101.7,170.2,189.8,3731,441.8,1090,121.0,180.5,158.3,3243,393.8,969.4,413.2,876.2,633.4,3731,418.8,1041,209.9,286.7,212.6,3160,1398,2401
2025-03-11,大村,11,3連単,5.9,21.6,42.3,163.0,412.4,840.3,7.8,27.4,44.1,209.9,420.9,1495,17.0,42.1,55.3,238.1,595.9,1687,26.8,63.0,90.1,293.4,660.9,2687,8.5,68.5,77.1,215.8,611.3,1015,11.7,110.8,112.8,312.7,886.8,1773,17.0,169.9,155.9,387.8,1043,1655,33.4,205.3,206.8,425.3,1053,2549,26.1,122.4,94.3,269.5,618.9,1885,31.7,169.5,122.7,315.8,781.7,2178,49.8,258.7,110.0,309.2,919.5,2049,62.9,217.2,154.3,431.9,901.1,2876,53.1,272.4,148.0,358.7,798.4,2255,51.4,366.0,215.0,428.6,890.3,2147,85.8,456.0,170.3,477.9,999.4,3116,123.3,541.9,231.0,426.5,1026,2361,121.8,379.9,402.4,639.2,1655,3533,153.6,714.5,498.6,808.5,1732,4193,165.5,605.6,464.5,958.8,1994,3425,218.7,1029,436.5,815.9,2289,4314
2025-03-11,大村,12,3連単,8.8,100.2,261.9,78.5,159.8,884.5,5.9,65.3,260.6,199.3,260.7,1487,9.0,90.5,240.7,65.5,152.1,721.5,23.5,176.8,465.5,111.7,216.2,998.0,15.9,406.8,596.7,212.6,369.7,1592,19.0,722.2,1152,705.5,1216,3935,19.5,873.5,1163,313.1,706.2,2142,47.6,1412,1660,423.8,771.5,3213,9.7,218.8,739.0,723.7,646.9,2604,22.7,733.6,1560,1311,1606,5228,12.3,560.4,1331,890.2,1656,3958,22.5,764.8,1888,1207,1280,4579,17.8,361.5,644.5,95.2,217.0,1066,31.8,1179,1764,186.1,433.0,1951,22.9,788.0,1588,392.4,941.6,3766,38.4,1158,1815,149.4,338.9,1342,87.2,989.5,1778,262.6,600.8,1962,142.3,2366,3336,468.3,950.6,3766,83.8,1610,3199,1005,1141,4271,96.7,2060,3059,307.1,684.8,1930
2025-03-11,下関,1,3連単,18.9,56.2,73.6,23.7,766.5,947.1,11.8,34.0,43.7,24.6,964.6,1081,59.9,126.0,155.5,53.0,447.8,641.1,88.2,174.0,152.2,62.1,1001,2035,27.3,75.0,88.0,32.8,914.0,1244,15.9,38.1,48.8,37.2,1290,1156,79.9,171.3,195.5,87.5,699.8,847.3,102.4,176.4,186.6,86.7,1667,2223,11.3,40.2,36.2,33.6,1062,1492,13.9,36.1,38.0,40.8,1311,1399,38.4,93.5,65.7,71.9,751.8,851.9,43.4,89.9,60.0,69.1,1567,1888,144.4,367.1,312.8,76.1,365.8,639.8,181.0,451.7,396.3,107.8,502.4,757.2,102.2,268.8,197.0,113.2,570.0,737.6,310.1,665.6,417.4,111.8,555.8,1119,246.4,571.0,389.9,114.0,1567,2192,262.7,612.3,454.3,146.5,2076,2339,158.4,362.8,244.9,153.6,2062,2339,374.1,911.3,526.9,167.5,1205,1465
2025-03-11,下関,2,3連単,11.4,54.9,74.3,30.4,1419,407.5,9.2,40.5,38.0,31.9,1803,422.8,126.6,276.7,359.2,122.5,1355,292.2,35.4,96.7,86.3,27.0,1163,1243,13.6,129.6,148.6,65.3,2651,794.3,7.9,196.3,181.3,138.2,3535,1015,146.7,956.6,1076,390.3,2185,764.0,26.8,369.1,376.8,108.2,2839,3249,10.4,83.1,54.8,57.2,2576,674.1,8.6,162.8,130.9,130.1,4193,1033,112.9,473.9,508.6,466.5,3570,498.8,15.6,167.7,86.5,85.9,2711,3308,428.8,1194,1278,187.0,1243,288.9,438.7,2212,2268,371.4,1528,446.9,414.0,964.3,1496,571.5,2109,350.1,431.9,1274,1252,185.0,1269,1198,82.9,388.2,237.2,43.7,1981,2774,72.4,675.3,469.6,98.4,2862,3163,62.3,381.6,201.3,84.0,3082,3836,365.0,1222,1092,151.6,2357,2774
2025-03-11,下関,3,3連単,14.3,160.4,105.6,301.0,653.4,363.1,21.1,214.8,59.5,218.2,439.1,181.3,33.0,289.6,77.6,252.0,574.3,318.6,25.1,242.3,54.2,141.9,373.7,453.7,10.9,355.1,354.6,765.8,1445,985.3,6.2,1102,852.5,1520,2853,1725,13.6,1306,1192,1803,2425,1993,7.2,1122,907.5,1151,1922,2871,25.5,558.2,180.5,348.3,763.1,362.2,12.8,1299,862.6,1412,2537,1691,21.6,1394,431.7,889.0,2139,926.7,15.4,1072,259.8,438.7,764.4,1351,52.1,796.5,349.4,389.4,737.3,706.3,28.4,2020,1189,901.8,2108,1841,44.2,1634,709.7,860.9,1957,1102,35.5,1732,496.0,444.9,883.6,1587,44.7,836.2,173.5,251.3,746.1,1170,19.5,1818,793.6,1069,1781,2910,28.0,1922,347.2,524.6,1280,1672,50.9,1966,487.1,729.9,1431,1975
2025-03-11,下関,4,3連単,16.7,274.0,149.8,229.5,950.6,491.5,20.3,306.7,49.6,108.5,741.3,206.1,63.7,666.4,149.4,229.0,813.8,274.3,34.5,380.0,55.9,108.4,680.8,617.1,12.2,530.2,466.2,577.6,2801,1376,4.6,1445,886.7,901.9,4165,2245,17.4,2003,1536,1302,3478,2616,6.2,1749,1130,1122,3557,3638,20.9,655.4,141.7,227.5,1465,338.2,9.3,1493,581.9,977.0,3367,2124,29.9,2213,526.7,909.7,2801,805.5,10.6,1567,217.8,385.1,1840,2380,126.2,1991,630.6,427.8,1256,453.5,69.1,3681,1729,947.8,2573,2198,84.9,3478,1110,853.3,2042,795.4,68.3,4522,977.0,540.2,1465,1884,48.1,1452,195.1,225.6,1648,1768,18.8,2398,992.4,874.5,4221,3103,22.8,3263,360.9,386.5,2752,3597,58.0,5189,884.2,608.8,2245,3367
2025-03-11,下関,5,3連単,19.3,277.5,147.0,998.9,62.7,722.4,44.5,467.1,140.2,921.3,30.1,569.6,15.3,224.9,38.0,477.4,99.7,1265,55.6,509.6,94.6,865.3,30.2,227.9,17.6,523.0,427.4,1819,239.5,1268,21.3,1515,1230,2255,407.2,2517,5.4,679.1,559.4,2419,792.4,3115,18.6,1623,1062,3039,347.1,1325,74.4,1301,436.8,1209,72.4,935.2,43.0,2076,1074,2479,324.7,2205,31.1,1917,387.0,1151,347.3,2026,78.4,2492,693.2,1577,119.5,665.5,15.5,386.4,65.7,569.6,341.4,2709,6.6,541.2,326.6,1440,1029,3612,20.1,973.5,261.9,1062,659.3,3154,11.1,506.5,123.8,704.0,424.2,1846,128.9,1350,335.2,1650,62.1,227.1,70.4,2034,1047,3323,190.9,880.6,141.1,2556,944.0,2121,107.6,496.4,40.3,1000,278.3,1246,220.7,1148
2025-03-11,下関,6,3連単,18.9,166.4,65.0,433.0,1004,86.3,47.9,366.1,34.2,218.1,1040,34.4,110.4,678.0,59.5,539.1,1650,89.4,20.7,164.1,15.6,127.8,800.6,169.1,13.1,320.9,202.6,949.8,2856,226.9,9.3,1188,557.8,1464,3222,327.4,26.9,1678,885.1,2076,3328,559.3,4.7,412.6,254.4,803.8,2961,1006,68.4,1019,115.2,310.0,1567,51.7,30.8,1623,503.4,1057,3274,191.6,124.6,2383,386.8,1014,3356,145.3,26.2,1106,110.7,247.3,1502,340.1,233.4,1822,418.2,879.3,2188,227.1,142.4,2369,977.5,1491,3122,666.8,234.7,2721,699.2,1167,2397,324.2,119.2,2188,368.8,686.1,1643,647.5,22.6,389.8,30.1,178.6,1131,550.2,8.6,599.3,145.7,548.7,2565,1433,22.1,1040,84.9,270.4,1561,821.9,54.3,1713,159.5,518.3,1650,1150
2025-03-11,下関,7,3連単,13.0,39.6,19.8,274.6,1354,230.4,32.2,83.8,19.1,206.2,1179,112.4,115.1,228.8,68.7,510.1,1458,315.5,31.3,77.1,13.3,244.9,1104,507.4,7.9,62.7,43.1,381.3,2034,407.5,10.3,129.3,72.0,393.9,2647,283.8,49.4,335.9,231.7,1019,3057,680.9,7.4,85.9,46.4,453.5,2289,897.6,55.3,243.1,52.5,204.0,1458,113.2,35.2,261.5,88.0,264.9,2164,185.5,172.0,890.9,180.2,614.7,2300,218.5,59.5,305.7,47.0,187.8,1431,458.8,299.9,913.2,315.9,753.5,1634,588.7,201.7,1006,483.6,1025,2358,739.4,366.8,1423,354.7,871.2,2267,399.6,296.4,831.5,250.7,641.3,1361,977.2,56.1,261.8,29.3,317.4,1858,1074,25.4,187.8,58.4,424.3,2507,1394,73.1,447.9,48.3,279.6,1844,997.8,183.4,820.0,126.8,613.1,1958,1227
2025-03-11,下関,8,3連単,7.0,74.4,68.8,109.9,384.7,1946,5.3,59.3,42.0,152.1,439.9,2747,15.0,118.8,61.9,137.7,383.3,2430,104.7,281.1,358.5,479.0,928.6,3425,10.0,246.2,172.0,224.8,640.9,3196,8.2,327.2,257.5,536.0,1244,4470,15.2,480.3,320.6,470.5,1000,4929,89.8,1166,923.7,1366,2733,4186,8.3,153.3,79.3,236.2,685.9,4323,11.8,401.4,184.3,499.5,1188,5023,16.2,390.7,116.0,391.0,1083,4586,122.0,1161,448.9,995.2,2060,4088,40.5,463.5,149.3,254.3,537.6,4153,48.0,837.2,305.9,421.9,964.3,4976,42.9,644.8,185.9,501.8,1067,5121,220.7,1975,598.7,853.5,1857,4586,423.3,1806,1134,1490,2511,3907,461.4,3139,1911,2283,3276,4839,428.4,2914,1315,2005,2835,4667,542.1,3588,1507,2052,3177,4626
2025-03-11,下関,9,3連単,9.1,195.6,287.7,175.0,176.9,673.3,6.6,137.5,243.4,317.8,286.6,986.4,8.6,165.5,279.5,139.6,196.9,866.2,25.9,317.6,490.3,217.0,226.9,774.6,13.4,624.3,786.0,471.1,453.9,1616,12.0,1133,1744,1398,1549,3993,16.1,1592,1641,863.2,1159,3733,30.5,2539,2817,1226,1362,3809,9.4,500.1,666.7,848.5,935.7,2363,17.0,1511,1773,1834,2262,4195,12.3,1546,1575,1708,2121,4195,25.3,1605,2068,1821,2340,5411,16.6,574.4,1218,218.0,372.4,1648,23.9,2085,2480,496.5,720.7,3457,22.2,1790,2012,858.3,1345,4102,34.1,2164,2648,386.5,653.8,3023,58.1,1343,1648,537.9,589.3,1362,72.9,4341,4267,1189,1549,3457,62.1,3047,3304,1732,1975,3752,67.5,2928,3809,852.4,1269,2638
2025-03-11,下関,10,3連単,6.4,15.0,48.2,149.6,246.3,1258,7.3,16.4,59.3,271.1,377.2,1940,12.4,25.5,57.9,194.2,485.5,1784,47.0,86.5,193.1,368.1,713.2,2070,11.2,44.0,77.8,193.0,309.7,1573,18.2,50.5,78.0,270.1,398.3,1695,24.1,54.6,88.1,234.3,439.1,1618,80.7,166.4,254.5,513.6,754.2,1890,21.1,65.5,172.0,487.2,564.2,2557,36.2,84.9,148.1,374.4,500.7,2092,47.0,93.1,204.2,527.2,785.2,2490,95.5,217.8,435.9,883.9,1266,3095,42.0,96.0,203.6,283.3,582.8,2439,61.6,114.1,194.2,264.2,537.9,2173,98.8,134.4,292.5,521.7,853.2,2915,170.1,264.3,518.9,535.5,910.9,2764,196.9,421.5,860.8,964.1,1602,2679,293.9,430.4,827.3,976.9,1285,2310,246.9,499.4,1033,1341,1818,3146,326.8,484.5,1019,1003,1632,2907
2025-03-11,下関,11,3連単,6.5,29.0,137.2,193.4,121.6,858.7,5.8,23.0,220.8,492.0,276.6,2007,5.9,21.4,164.5,225.9,238.1,1847,20.1,53.8,331.4,442.9,310.8,1989,14.0,140.5,246.7,354.1,235.8,1131,27.2,357.6,640.7,1187,804.0,3182,19.5,292.2,531.3,628.3,711.3,3236,56.7,509.9,801.1,1263,966.0,3283,16.0,131.7,530.1,1125,789.5,3191,41.8,474.1,837.8,1637,1237,4028,25.7,255.4,758.9,1683,2000,4352,62.6,566.3,1136,1948,1884,4319,15.2,107.9,402.0,368.9,580.8,3104,36.1,375.1,690.6,558.8,804.6,4455,38.4,294.3,860.0,1106,1663,5384,60.2,448.3,1092,753.3,1234,4057,116.2,389.8,1252,1317,1263,3138,217.9,1331,1700,2168,1698,4043,206.2,1263,2039,2840,2642,5049,181.0,1090,2039,1979,2176,4192
2025-03-11,下関,12,3連単,10.5,91.1,263.5,44.2,303.4,1304,6.0,51.7,198.6,91.9,466.4,2127,14.5,99.1,279.6,35.1,191.3,1085,26.3,149.3,421.9,58.2,323.6,1916,21.6,406.8,580.1,136.9,614.2,2170,15.4,809.0,1169,513.3,1695,3981,30.1,1238,1674,303.4,1060,3149,47.8,1572,2032,449.1,1203,4004,7.0,162.9,458.8,387.9,1191,3804,12.6,656.9,1118,925.6,2676,5359,9.9,584.2,946.1,755.8,1852,4080,16.4,747.6,1336,1020,2737,5215,30.8,529.9,849.1,72.1,243.0,1378,45.0,1385,1885,189.2,637.5,2990,27.7,1021,1344,314.9,870.9,3804,51.4,1454,2175,138.2,433.6,2311,118.8,1115,1781,221.4,945.3,2874,168.5,2713,3225,530.4,1656,4268,98.4,2013,2500,787.2,2407,4926,135.2,2486,3103,329.8,1210,2813
2025-03-11,徳山,1,3連単,8.6,108.0,226.2,60.9,159.4,2467,6.2,90.2,173.8,87.5,276.2,3495,10.2,94.5,199.7,51.8,127.1,2907,158.1,597.9,1079,421.2,665.7,4077,12.1,389.9,466.7,180.0,315.3,4587,9.6,906.2,1067,511.5,1124,5151,16.5,1063,1310,326.6,695.7,5872,188.8,3026,4135,1823,2053,6673,7.2,278.8,334.4,292.7,694.1,5062,10.2,950.2,754.7,705.8,1622,4382,9.8,665.7,668.8,536.7,975.4,5992,168.1,3226,2053,1812,3914,7340,20.1,277.2,486.1,83.5,164.3,4382,31.4,1124,1439,192.5,516.0,7726,21.0,747.1,1155,287.0,858.5,7528,184.6,2387,3764,538.7,1244,7528,750.9,2426,3336,1649,2067,5872,881.7,5062,5992,2878,3454,6116,719.6,2082,3670,3670,4255,7726,716.1,4517,4660,1919,2996,6828
2025-03-11,徳山,2,3連単,10.7,56.1,71.3,32.8,797.8,793.2,8.2,41.6,37.0,33.8,681.9,1010,43.4,199.6,127.8,63.6,486.5,686.9,39.9,208.9,131.0,62.1,884.5,1529,12.2,208.6,227.8,99.6,1427,1391,7.0,230.5,251.6,184.8,2179,1870,32.4,904.7,793.2,334.3,2146,1677,33.9,748.2,777.6,298.9,2636,3295,8.2,111.3,65.8,79.3,1269,1667,7.7,211.0,159.1,164.8,2428,2494,23.0,551.5,213.9,273.8,1719,1546,22.2,480.6,216.6,231.2,2636,3741,132.5,978.2,550.4,149.4,514.6,925.9,124.5,1600,1398,295.4,1014,1709,97.0,1449,667.1,329.5,1331,1763,159.6,1709,1029,227.8,995.8,2129,167.0,988.7,738.2,231.1,2020,2269,169.4,1464,1324,469.2,3009,3845,124.8,870.6,828.9,441.5,2825,3418,241.1,2539,1774,423.3,1677,2516
2025-03-11,徳山,3,3連単,16.4,105.0,81.7,236.7,77.6,1570,25.6,150.3,43.3,123.9,33.2,1146,16.3,107.9,26.9,75.4,53.7,1915,104.0,394.2,119.0,216.7,104.3,963.9,14.2,222.0,225.4,577.6,226.2,2800,11.5,751.6,596.1,1079,422.3,3620,6.5,415.2,312.8,783.3,644.0,4123,43.3,1206,863.0,1296,592.5,2319,35.0,515.4,120.2,200.3,61.2,1427,22.0,1155,475.7,710.2,219.4,3452,19.1,905.1,121.6,180.9,144.5,3060,72.5,1546,362.9,489.1,244.1,1387,19.1,212.3,46.7,94.2,104.7,2433,9.8,485.1,174.0,349.2,412.9,3906,19.1,771.1,107.2,159.1,162.2,3576,45.9,1137,197.6,193.5,208.0,1696,334.3,1499,664.1,682.5,282.4,1087,198.5,2774,1361,1788,570.9,1821,272.3,1658,1030,1091,375.8,1361,196.3,2939,665.6,586.7,472.7,1538
2025-03-11,徳山,4,3連単,11.0,46.8,295.2,83.7,224.2,123.1,6.0,25.1,676.6,393.1,690.3,584.7,9.7,35.8,762.6,113.9,333.8,267.8,4.8,15.6,480.1,109.2,254.6,310.8,33.4,253.1,459.2,160.6,345.5,184.4,77.3,598.5,1396,709.5,1162,946.8,88.2,657.7,1529,299.5,676.6,438.1,68.0,456.4,970.9,235.2,464.0,503.0,17.3,116.0,1154,970.9,1521,1477,77.3,486.2,1778,1228,1960,1708,38.2,275.0,1973,1560,2334,1576,30.7,178.1,1680,1145,1708,2570,35.8,178.3,1662,157.9,356.8,367.5,131.8,786.2,1935,230.4,497.2,463.3,72.6,422.4,2682,684.1,1456,992.9,49.0,257.4,1699,149.4,302.2,396.6,20.6,89.8,1274,190.6,394.6,506.3,87.9,494.8,1626,241.9,467.6,643.8,54.6,208.3,2216,751.4,782.1,1799,56.8,252.1,2153,213.2,399.7,457.1
2025-03-11,徳山,5,3連単,17.6,64.5,154.0,131.2,50.1,2368,17.8,83.3,110.6,139.0,32.9,3231,11.0,41.5,44.0,50.7,32.1,2834,137.3,295.0,504.0,232.0,108.8,1942,23.3,218.8,300.1,343.0,117.5,4549,20.3,569.6,727.9,884.3,228.5,5961,10.8,282.0,298.0,397.4,256.3,4736,126.5,1889,1889,1057,625.2,3799,23.3,285.9,246.6,321.6,72.6,5160,27.4,734.1,754.9,868.7,249.8,6779,11.2,391.5,210.7,278.3,140.7,5402,107.1,1523,807.8,847.4,338.6,4490,12.8,117.7,79.8,58.1,56.2,3324,10.6,243.1,268.4,190.8,187.2,4490,10.6,318.3,165.5,163.6,136.0,4736,57.7,1243,500.3,160.1,174.4,2384,467.8,1345,1746,694.3,374.2,2121,464.1,3457,3389,1008,851.6,3528,429.5,1782,1564,1164,707.0,3717,294.0,3006,1694,607.6,541.9,2174
2025-03-11,徳山,6,3連単,10.4,15.8,164.9,83.1,2304,59.8,11.4,16.1,255.0,173.8,2546,180.4,192.5,151.2,1448,793.3,3508,117.8,9.7,10.7,258.1,75.7,3189,664.7,26.4,45.0,168.3,89.8,2162,60.0,47.6,57.6,222.5,141.0,3095,126.0,540.6,398.6,1397,546.2,2609,67.4,51.5,39.2,155.4,50.4,2077,491.0,24.6,37.1,484.2,413.8,3758,421.0,45.0,62.8,353.5,288.3,4048,284.7,455.6,277.4,2870,2037,4933,480.5,38.4,24.8,431.3,305.9,4643,550.0,701.6,712.7,3065,1409,4576,119.6,1173,1015,3508,977.5,3996,71.7,862.7,764.5,4048,2255,4510,286.7,948.2,549.1,3289,668.9,2896,626.4,27.9,23.0,404.2,74.7,3850,1644,60.7,41.3,273.3,46.8,2447,1337,48.2,26.7,524.5,183.7,3714,2567,469.8,217.0,2119,338.0,2486,1510
2025-03-11,徳山,7,3連単,10.2,7.9,43.8,165.3,752.7,147.8,21.1,18.7,81.9,255.5,951.0,275.7,54.0,57.8,204.5,570.0,1153,525.5,19.6,14.9,97.0,337.3,1203,795.8,17.0,14.5,44.0,165.3,882.2,143.2,38.6,25.8,60.9,179.2,851.4,105.2,96.9,55.2,117.8,374.9,994.7,270.4,43.9,15.8,43.0,218.8,767.6,430.4,50.0,61.3,154.3,372.7,1335,380.8,73.7,58.1,108.3,244.0,1167,154.0,233.7,155.7,271.5,755.7,1423,502.5,118.0,74.7,142.9,439.1,1146,716.8,166.5,174.0,558.6,994.7,1559,858.9,271.5,172.5,348.1,724.8,1465,451.3,357.7,294.9,589.0,1160,2096,684.1,400.3,218.5,427.5,919.6,1392,1499,63.7,39.1,194.5,618.9,2377,2241,103.2,34.0,97.2,368.5,1611,764.5,188.9,82.6,207.6,582.0,2074,1015,332.1,160.4,374.9,836.7,2437,2074
2025-03-11,徳山,8,3連単,22.0,39.2,97.9,52.4,2049,52.7,13.4,25.9,79.5,128.7,2086,111.4,223.4,340.9,549.3,472.8,2472,64.2,13.5,22.9,77.0,43.1,2320,554.7,26.8,92.4,156.7,70.8,2499,73.2,24.9,83.2,140.0,158.9,3394,142.5,298.0,812.2,1043,561.5,2472,67.6,24.2,83.2,114.3,47.6,2166,630.0,19.6,46.6,119.5,178.2,3610,192.4,31.2,82.9,115.1,172.0,4641,193.7,297.3,661.1,795.2,906.1,3249,152.2,18.2,30.6,69.9,107.0,3610,1093,781.5,824.0,2394,1184,2555,62.2,760.6,2105,2915,1216,3115,53.5,1154,1736,2740,1790,3394,97.4,803.6,1057,1684,724.3,1749,377.1,20.4,49.4,125.1,39.4,2707,1104,36.1,83.8,123.5,35.8,2614,1072,25.8,40.2,96.6,73.6,3446,1579,359.8,584.6,906.1,235.9,1776,1029
2025-03-11,徳山,9,3連単,22.6,54.6,192.8,47.9,2180,39.7,9.4,25.9,221.7,128.7,1882,85.0,281.7,430.5,1015,418.4,2408,34.9,9.7,24.7,193.9,31.9,2092,365.9,39.5,113.0,241.9,65.3,3186,62.7,41.2,177.3,349.2,213.2,4406,163.4,408.5,941.4,1683,866.5,4061,66.1,37.3,126.6,275.4,57.0,3138,645.2,14.2,43.7,261.1,278.7,2958,251.3,35.8,132.5,348.6,323.1,3510,263.5,278.3,663.8,2030,1711,4931,240.5,11.8,46.2,209.8,199.9,4061,1278,900.4,1683,2689,1144,2353,45.5,990.9,1683,3138,1581,4142,54.4,928.7,2113,3633,2157,3395,142.3,683.5,1371,2588,916.4,2556,432.3,14.3,48.1,225.6,30.5,3001,1119,33.9,131.1,283.3,42.0,3340,1319,16.1,56.5,248.3,111.4,3907,1785,282.9,668.1,1458,305.9,2917,1302
2025-03-11,徳山,10,3連単,24.1,32.0,229.4,20.4,214.1,1282,7.7,8.5,183.1,92.3,518.9,2724,21.1,19.1,319.5,42.6,240.7,2254,79.5,97.4,956.9,138.6,537.4,2581,47.0,103.7,238.6,23.9,236.9,2651,51.7,68.2,150.3,57.3,601.7,1886,96.7,139.8,350.3,26.2,136.5,1043,261.5,407.0,879.7,87.2,546.4,2687,10.6,15.9,272.0,215.3,1181,4458,41.0,42.9,183.8,123.7,891.7,2843,32.0,22.7,380.1,224.9,1049,2972,120.0,74.2,791.0,558.9,2204,3632,57.8,78.2,820.8,55.7,205.4,2802,165.6,162.5,667.2,33.2,114.3,1167,71.5,55.2,688.3,152.7,478.4,2763,233.8,245.2,1334,105.9,340.0,2254,433.0,415.6,3113,418.2,1154,3382,921.0,794.2,2109,238.9,1102,3441,538.9,268.3,2043,698.1,2229,4359,520.3,483.2,2615,314.8,1011,2687
2025-03-11,徳山,11,3連単,9.2,22.2,99.4,67.4,116.7,1121,8.7,15.6,114.8,217.1,269.2,1989,11.6,21.3,122.1,88.6,205.2,2080,33.9,68.4,277.3,178.9,202.7,1787,16.0,74.2,160.7,73.2,135.4,1578,21.4,98.3,223.0,210.3,234.7,1746,24.3,83.7,198.3,128.8,221.7,2158,69.5,294.1,551.4,255.4,340.5,1567,16.0,36.7,272.4,509.6,423.0,2221,33.6,74.7,312.6,487.9,437.5,2487,25.2,60.9,338.5,526.0,866.8,3134,63.2,161.1,594.4,783.7,911.7,3011,32.0,63.6,282.5,129.8,249.2,2138,47.0,98.9,303.1,141.3,239.6,2118,44.1,93.8,452.2,382.0,650.1,2661,83.6,181.7,762.8,185.6,298.3,1774,163.1,398.6,1074,473.8,597.5,1955,236.1,661.4,1144,558.1,565.0,1801,203.2,616.8,1315,1300,1144,2600,215.4,583.8,1338,384.6,572.1,1611
2025-03-11,徳山,12,3連単,5.8,66.5,98.7,264.3,869.2,108.5,9.3,89.1,118.5,379.7,1019,139.1,27.4,173.0,181.5,578.8,1445,229.1,8.4,68.8,96.3,262.9,665.6,397.7,9.1,194.8,286.1,440.6,969.1,237.5,12.8,553.4,722.6,1104,2278,545.1,35.3,761.8,1277,1561,2125,805.5,11.1,411.9,714.5,947.3,1675,1134,18.1,281.9,191.6,728.9,1709,369.2,25.9,669.1,890.6,1338,2842,681.7,58.4,1359,1445,2199,2662,972.8,21.7,626.0,724.7,1149,2690,1806,56.3,576.1,1085,1139,1806,549.8,72.3,1176,1453,1532,2607,1080,114.7,1819,1819,1916,2779,1246,57.9,1198,1421,1104,1806,1901,17.5,187.2,338.1,427.9,1094,1094,20.7,494.9,843.1,916.4,1873,1720,29.0,610.9,926.5,984.1,2607,2386,50.3,1071,1675,1277,2161,1887
2025-03-11,児島,1,3連単,6.3,35.5,168.8,168.8,194.5,748.8,7.4,37.1,183.7,265.3,204.9,1212,9.2,40.6,162.0,172.2,258.4,1195,19.3,74.1,367.8,289.5,253.3,1087,10.7,125.6,316.1,259.6,312.0,1162,15.0,213.2,563.5,577.0,962.8,1589,15.7,247.4,640.6,430.9,612.7,2246,38.3,417.0,946.6,702.0,633.4,2217,14.7,100.2,382.9,430.9,366.2,2407,24.8,252.6,663.3,772.9,1186,1982,19.8,150.9,868.5,920.7,1257,3369,42.5,384.6,1589,1478,772.9,2340,23.5,196.1,378.6,255.2,321.5,2188,37.4,461.6,896.2,403.0,524.9,2514,35.5,386.4,1115,825.9,1248,3829,62.8,628.7,1015,521.6,581.0,3120,74.0,366.2,1306,663.3,523.2,1452,109.6,882.1,1465,985.3,1108,1719,122.4,941.3,2005,1851,1504,2340,114.8,910.7,1517,877.5,1266,2632
2025-03-11,児島,2,3連単,11.7,12.5,50.6,34.3,543.5,1014,14.1,13.3,48.2,46.7,454.3,1537,50.1,52.5,130.4,126.8,673.4,1383,229.9,184.7,376.7,139.2,1227,1619,16.6,23.0,56.2,27.7,528.4,1247,21.9,17.6,38.1,25.5,594.5,1323,59.0,51.8,100.4,64.7,483.1,939.4,437.3,179.4,232.3,83.8,1691,2002,28.4,23.2,67.5,57.0,731.7,2143,35.4,19.4,58.8,42.5,717.9,1856,109.9,54.0,153.5,119.7,753.4,2056,380.4,115.7,318.4,171.9,1951,2767,120.8,152.9,306.2,194.6,603.9,1207,132.1,122.7,257.9,125.4,474.1,911.3,163.1,126.8,282.3,184.7,555.4,1602,757.2,589.9,650.4,396.3,1976,1878,840.8,534.0,776.5,196.1,2174,2926,1144,477.1,694.9,154.3,2926,2926,1144,353.9,735.2,220.2,3043,3106,1268,676.4,905.9,387.2,3459,4005
2025-03-11,児島,3,3連単,27.9,71.6,62.2,76.8,306.2,2128,22.6,64.5,15.3,28.7,145.1,3547,59.6,134.0,27.2,37.4,148.6,4912,333.4,774.1,353.8,285.7,690.4,5109,23.3,129.1,130.4,162.2,534.4,4404,8.9,112.1,107.5,130.0,394.2,3193,20.7,197.1,168.9,143.3,380.1,5553,316.1,1005,818.7,591.3,1680,3361,22.8,126.9,18.6,32.9,186.7,3452,10.5,119.7,68.4,92.7,319.3,4561,20.3,175.6,17.5,28.8,103.0,1749,245.1,658.3,176.1,254.4,751.3,2606,100.4,427.1,50.9,38.1,112.7,4912,50.3,345.2,135.7,78.4,215.3,4730,40.8,349.9,32.4,32.9,92.7,2970,648.3,1204,358.7,158.4,371.2,3193,1851,2060,1064,725.7,2554,5553,1290,3649,1316,990.1,2409,3041,1091,4912,845.8,596.8,1726,3361,1726,4120,1290,632.3,1451,3547
2025-03-11,児島,4,3連単,13.4,102.9,285.6,74.0,62.9,1897,7.0,58.8,309.9,194.5,151.2,4880,8.9,60.5,263.1,42.4,46.8,3416,167.1,591.0,1897,428.0,338.2,3349,22.2,284.6,401.9,158.7,138.4,3485,20.8,478.4,694.3,597.2,669.8,3795,22.5,667.2,959.5,232.0,285.1,4744,248.6,2372,2627,1472,1485,5693,7.8,152.5,496.5,511.4,386.4,5337,16.3,473.1,711.7,798.1,1028,6569,7.2,230.8,729.9,825.1,752.4,6100,160.5,1255,2627,2549,2083,3634,13.3,154.8,450.6,55.1,70.8,5023,21.7,787.1,1022,154.9,185.0,5693,10.6,284.6,720.7,319.8,429.1,7426,136.5,1691,1897,466.6,612.2,3972,675.1,2162,3634,1626,1028,3882,779.9,3558,4379,2475,2108,4880,599.3,2754,5176,3416,2339,5176,612.2,3634,3713,1626,1355,3485
2025-03-11,児島,5,3連単,13.0,196.5,150.3,769.5,145.1,171.7,34.6,382.0,209.7,916.4,86.8,130.7,13.2,227.8,65.9,693.2,324.6,313.5,19.7,265.1,83.8,727.7,62.8,76.5,12.9,378.4,338.9,1261,416.1,428.3,23.9,1256,1128,1973,756.9,924.3,6.2,844.3,663.2,2703,1256,1386,9.7,1195,764.1,2348,494.1,700.8,53.4,995.9,711.6,1417,181.1,274.2,51.8,1926,1323,2048,583.8,983.7,53.2,2314,943.3,1973,1034,1345,57.7,2331,1041,2173,245.1,441.2,19.8,553.6,155.1,999.0,844.3,842.1,11.3,968.9,490.3,1881,1757,2493,47.0,2218,600.1,1777,1608,1998,12.5,932.4,207.8,1132,1017,1261,33.1,678.6,256.9,1246,91.7,141.5,19.5,1475,826.9,2513,306.9,501.0,52.8,2797,1148,2553,212.4,346.2,21.1,1021,334.3,1658,617.4,777.0
2025-03-11,児島,6,3連単,3.6,14.5,55.3,120.4,241.7,1703,8.3,25.2,74.3,212.6,347.3,3038,9.4,33.6,107.1,204.1,475.8,6815,179.7,340.3,733.0,621.1,1200,4944,6.6,42.1,78.7,188.7,364.9,2771,13.1,115.2,183.5,333.5,706.3,3152,17.7,112.6,216.8,357.1,937.4,6150,188.6,728.8,1106,996.7,2448,6150,24.6,110.9,254.7,414.7,677.8,4002,28.2,198.5,329.2,553.0,894.2,4347,55.0,249.6,484.0,803.1,1378,7416,316.0,1004,1827,2192,2771,9339,37.9,165.1,405.4,301.6,665.3,7880,52.7,285.2,409.3,317.2,795.5,5864,87.9,434.7,698.5,529.7,1212,8405,446.3,1378,1616,649.9,1135,1739,610.5,1267,2212,1939,2932,6150,733.0,2017,2192,2251,3002,4134,1130,2801,4274,3152,4134,7416,866.5,2833,3318,973.6,1378,1681
2025-03-11,児島,7,3連単,81.0,137.9,52.0,111.4,1762,402.5,105.9,192.4,17.4,46.5,1565,204.4,516.8,905.1,170.7,351.8,1993,241.6,174.2,300.6,26.8,50.6,2119,1318,51.9,153.2,88.5,179.1,2937,429.3,27.5,88.5,43.0,71.8,2990,235.5,226.2,737.7,328.3,581.4,2791,294.8,42.3,132.0,56.2,90.3,3640,841.5,126.1,246.9,15.0,29.0,2119,123.9,46.7,116.2,24.9,35.7,1947,149.6,433.8,1361,70.5,120.0,1087,55.8,73.0,194.0,6.1,11.2,1162,294.3,801.2,2093,547.2,715.6,2042,165.9,613.4,2042,602.3,951.4,2426,179.4,686.3,2203,305.0,385.8,1240,55.8,910.1,2203,284.3,351.8,1641,371.3,202.4,531.6,34.0,41.3,3805,2700,104.5,249.9,42.8,52.2,3044,2146,126.5,305.5,12.5,18.9,1708,1139,615.6,1762,118.8,102.6,1947,1259
2025-03-11,児島,8,3連単,28.6,39.5,18.0,258.6,434.2,1774,59.2,81.1,16.3,147.4,250.1,2341,84.6,108.9,23.5,368.1,654.5,3915,203.1,252.0,82.2,648.9,860.3,3984,20.6,30.9,20.8,310.7,471.2,2226,24.5,27.5,14.9,121.7,133.4,1135,37.4,26.8,13.8,262.8,339.5,2271,105.2,109.7,63.6,634.4,654.5,2641,90.7,172.9,24.6,120.7,217.7,1707,55.4,74.4,16.9,82.9,112.7,1221,165.4,139.7,16.4,85.0,145.2,1113,280.0,390.2,46.3,215.2,334.0,1419,185.4,252.3,44.9,407.7,775.1,4832,120.3,73.1,23.2,275.3,419.8,2523,248.7,175.1,27.5,164.5,225.9,1747,472.1,454.2,64.3,418.2,901.2,3069,513.8,919.5,288.2,983.2,1524,2736,479.1,548.6,210.1,1129,1241,2703,767.3,991.8,177.5,648.9,794.1,1360,791.3,1004,190.8,908.5,1023,2103
2025-03-11,児島,9,3連単,15.9,183.4,106.7,77.2,2219,678.7,14.5,175.3,33.3,40.6,1761,419.6,237.9,986.2,381.4,308.1,1802,337.8,57.1,478.8,88.1,67.2,1972,1341,10.9,329.6,297.7,239.4,3722,1613,3.9,470.9,412.1,366.3,4807,2098,114.3,1861,1613,1289,3344,2098,17.8,1165,926.8,593.2,4807,3605,8.3,331.1,61.2,73.3,2814,779.6,4.1,500.6,227.8,241.6,3722,1846,78.9,1275,536.7,723.4,2379,1030,14.9,1016,195.5,218.9,4121,3161,513.9,2403,1660,953.6,2331,469.0,265.8,3663,2455,1488,2958,1318,368.6,1861,1357,1275,2747,854.7,534.2,4354,1789,1390,3605,1972,80.5,1268,335.9,169.9,3118,2747,44.6,1648,870.8,443.8,4807,3979,40.9,1722,435.4,302.8,4910,4438,359.4,3296,1365,812.6,4910,4048
2025-03-11,児島,10,3連単,31.4,87.4,57.3,64.9,330.2,2557,31.5,79.5,19.1,40.5,187.9,3535,71.8,138.2,39.1,44.8,186.9,3816,320.5,649.8,243.6,236.4,629.4,5009,24.6,110.0,90.9,88.0,440.3,3699,12.6,58.9,37.8,49.0,265.3,2828,28.9,119.9,73.3,63.4,280.2,3484,239.7,621.2,441.1,403.4,961.7,4452,26.5,108.5,23.3,37.9,201.2,3249,14.6,64.5,23.6,32.6,223.8,3293,25.6,105.0,17.1,21.8,97.2,2732,215.0,572.4,144.8,145.2,432.4,3588,118.5,335.8,76.9,41.6,136.3,4371,78.0,234.3,84.4,38.6,162.0,3339,75.6,235.7,37.5,26.1,86.5,3535,408.9,942.8,241.4,106.3,263.3,2530,692.9,2205,1087,452.8,1321,5591,601.0,2289,1381,496.7,1343,3643,621.2,2357,564.4,425.5,1172,3756,671.6,1742,613.3,349.4,880.7,2732
2025-03-11,児島,11,3連単,6.6,61.7,83.4,64.1,431.6,1231,6.3,55.4,48.6,65.6,370.4,1381,22.2,190.3,99.2,101.8,374.7,1411,28.7,250.1,133.4,118.4,578.9,2197,8.8,203.1,199.1,163.0,1098,2014,7.4,390.6,313.9,360.0,2035,3333,21.6,1247,721.5,613.8,1790,2387,28.2,1306,981.5,504.8,1824,4716,11.5,201.8,124.0,157.3,829.9,1464,12.4,422.2,266.7,342.8,1611,2685,31.1,837.1,319.6,554.0,1289,1933,33.8,844.4,471.6,604.2,1726,2843,49.0,688.1,372.5,181.3,456.0,1742,44.0,1624,819.3,416.7,1179,2222,52.5,1666,642.4,446.5,1157,2511,96.5,2302,833.4,307.9,809.0,2172,118.8,1028,537.1,344.6,1464,3069,109.0,2329,1017,625.7,2172,4114,117.8,2124,802.3,899.4,2358,4394,186.6,2886,833.4,555.6,1453,2648
2025-03-11,児島,12,3連単,7.7,110.3,79.1,107.2,178.8,1802,9.9,124.0,62.2,105.5,197.2,2342,17.9,194.6,94.8,73.4,161.8,1571,45.3,347.3,185.6,117.5,270.4,2468,8.0,238.9,246.8,302.2,451.2,2590,6.1,429.6,479.5,614.0,875.7,3912,12.5,753.6,652.1,449.6,752.1,3831,37.3,1160,1286,681.1,1038,3954,15.5,439.4,199.1,273.0,527.6,3343,12.7,644.1,479.5,653.2,1221,4715,16.9,1024,454.0,600.0,957.8,3405,33.4,1532,707.3,894.8,1538,4276,29.8,679.8,414.1,113.8,208.3,2229,24.4,1318,882.0,249.6,497.7,3437,31.0,1347,732.6,333.4,640.7,2966,66.0,2242,1131,185.0,346.3,2627,162.2,1585,1205,398.9,901.4,2724,141.8,2829,2572,779.2,1671,3313,141.2,2608,1743,962.8,1956,4540,158.8,3014,1785,443.1,1221,2896
2025-03-11,丸亀,1,3連単,7.9,56.9,27.8,239.3,64.3,558.0,25.1,116.0,55.5,225.7,44.2,606.4,16.2,90.5,22.2,272.3,233.8,1819,45.1,208.1,65.5,441.5,79.5,618.8,7.0,93.1,75.5,344.5,164.2,1137,19.0,369.7,257.7,727.7,275.6,1467,8.0,221.3,127.5,710.6,623.0,2393,22.4,575.7,286.9,928.2,443.7,1516,58.6,264.4,85.0,290.6,67.5,883.1,49.1,531.9,206.7,538.2,203.9,1421,62.0,716.2,108.2,454.8,454.8,1819,108.0,758.0,275.6,519.8,299.2,1096,23.6,213.0,44.4,329.5,519.8,2165,16.8,353.9,101.9,654.4,928.2,2675,72.8,649.7,99.4,525.8,745.6,2115,46.1,745.6,154.1,548.0,764.4,2934,99.3,683.9,248.5,918.8,198.6,858.1,81.4,900.6,505.3,1109,427.0,1653,229.7,1568,551.3,866.3,371.2,1082,119.5,1357,327.2,1421,777.5,2458
2025-03-11,丸亀,2,3連単,41.8,167.6,95.7,264.5,1418,59.7,70.7,327.3,43.1,119.9,1130,18.8,218.5,482.3,143.7,305.2,1523,39.0,35.3,244.8,17.2,86.7,646.0,86.0,26.8,225.4,201.5,428.1,2009,193.4,14.9,699.0,417.0,952.0,2782,228.9,60.0,626.4,654.7,921.7,2192,354.6,6.7,488.8,267.9,588.2,2631,520.5,100.9,613.1,79.5,171.6,1663,28.6,35.5,1026,310.5,621.0,2782,111.3,116.7,1607,313.2,682.5,2372,58.0,23.1,841.3,59.3,133.2,1625,165.3,376.8,1590,352.0,490.5,1258,65.5,180.2,2452,1104,971.1,2296,224.3,249.4,1929,590.6,1019,1808,92.2,128.2,2192,331.8,354.6,689.0,147.6,20.1,398.6,24.8,65.8,631.9,228.2,7.7,483.9,137.2,256.1,2067,552.3,15.4,782.2,44.7,91.8,1315,360.8,41.7,1352,140.2,160.0,716.3,248.6
2025-03-11,丸亀,3,3連単,18.5,18.7,96.9,32.4,274.0,518.7,13.9,15.8,99.6,92.3,417.9,854.8,43.2,60.8,189.0,76.8,252.0,509.9,51.8,61.8,216.7,76.5,344.2,989.7,33.4,39.2,89.5,32.6,351.5,609.1,36.1,31.1,61.9,49.1,346.6,547.0,72.6,76.2,130.8,55.5,209.5,327.0,90.6,75.3,146.4,40.8,235.8,791.8,21.4,24.5,127.9,136.5,680.7,1002,36.5,31.0,77.7,79.4,462.9,696.5,62.7,56.6,154.4,134.5,541.1,756.0,65.4,37.5,175.9,133.8,611.5,1380,94.3,160.7,367.8,76.2,222.8,480.6,147.0,144.1,305.1,55.9,153.6,262.5,129.5,109.0,286.5,118.8,342.7,611.5,181.2,153.3,436.0,59.8,148.2,651.2,150.4,183.2,460.0,96.0,454.5,1114,234.7,201.1,345.8,46.5,356.5,869.6,174.3,99.3,392.8,152.4,662.7,1264,254.1,272.5,626.8,95.4,361.6,783.5
2025-03-11,丸亀,4,3連単,6.0,40.0,21.2,265.5,640.8,560.9,19.3,96.2,26.2,203.0,539.4,437.6,32.0,162.0,47.7,361.6,871.8,1300,22.1,103.7,32.7,323.1,727.9,1165,5.2,68.1,51.8,568.0,1405,945.1,9.2,275.3,159.6,762.5,1584,1004,18.6,330.3,160.2,1036,1730,2249,10.4,211.2,118.2,855.2,2008,2677,34.8,356.4,69.5,307.2,861.8,531.7,32.5,530.5,134.3,653.8,1323,957.1,77.6,969.5,153.5,775.6,1489,1159,54.9,673.4,108.1,508.9,1278,1595,109.0,702.9,159.5,591.9,1081,1641,80.5,910.6,271.0,861.8,1441,2471,197.6,1470,315.4,921.8,1509,1606,140.1,1076,206.5,568.0,1256,2249,62.5,422.8,123.9,789.2,1397,2367,50.4,474.5,203.1,1165,2615,3357,122.6,1229,284.3,937.2,1653,2295,162.8,1300,299.5,1081,2318,2921
2025-03-11,丸亀,5,3連単,5.3,50.9,131.6,277.1,221.4,65.4,17.4,103.4,387.2,674.7,454.3,148.6,11.0,75.8,329.1,297.7,457.9,249.5,5.0,37.2,188.9,232.4,177.0,167.4,12.7,127.6,210.5,592.3,420.7,108.9,49.4,762.7,1027,1065,1091,255.1,31.0,541.7,923.3,1101,1219,482.1,18.9,323.4,491.5,664.9,488.3,352.4,51.4,448.9,1070,1689,1146,318.9,86.1,1187,1664,1983,1551,418.4,72.6,1253,1824,2375,2621,1181,48.7,684.8,1107,1325,1219,1046,29.9,292.0,863.8,370.8,670.7,621.4,50.3,762.7,1181,598.6,1288,1086,91.2,1096,1949,1050,1869,1781,31.6,444.5,962.3,300.8,476.1,657.2,13.8,105.6,382.0,378.2,265.8,313.2,26.9,297.7,568.7,621.4,425.4,489.4,57.0,618.0,1046,1080,755.1,897.9,32.8,410.9,919.6,400.1,550.8,583.2
2025-03-11,丸亀,6,3連単,25.6,197.4,58.6,113.9,2456,2162,33.5,252.1,8.2,22.9,1150,1895,156.6,1027,84.1,156.0,1335,1849,173.3,892.6,76.5,119.1,1806,5034,16.1,229.1,162.5,301.6,4583,4149,2.8,378.6,222.8,335.9,3791,4324,35.7,1849,748.9,933.3,4652,5583,36.6,1968,677.8,1066,3887,5034,25.7,377.7,16.1,27.8,1591,2326,4.7,534.0,101.8,167.7,3936,4515,52.1,2362,107.2,193.2,1943,2132,37.1,2476,85.1,144.7,3570,6266,397.7,2896,451.5,439.3,1497,2670,233.5,2924,1085,1133,4040,6141,294.4,3987,473.8,566.5,1981,2456,591.6,3374,1194,862.5,2817,6141,510.9,2741,387.7,406.1,2274,6397,273.9,2693,903.1,1312,5294,5583,236.2,5117,417.7,442.4,5686,7489,827.6,4874,1421,1108,5905,5034
2025-03-11,丸亀,7,3連単,30.8,258.5,275.3,153.8,321.0,58.8,25.0,182.8,217.0,229.1,622.5,108.5,43.0,264.8,283.8,96.4,287.2,42.5,11.0,79.3,136.9,40.8,122.2,64.9,35.0,518.0,542.7,350.6,641.6,154.4,24.4,1471,1312,1107,1828,513.1,46.7,1743,1488,550.6,1155,296.3,14.4,646.0,588.5,208.3,325.5,343.6,25.7,450.5,486.6,636.2,1199,307.2,28.9,1316,1281,1354,1961,701.3,30.7,1114,1155,1389,2092,506.2,8.4,328.6,442.0,474.3,920.8,818.7,66.5,762.4,707.9,136.0,304.2,70.0,80.6,2035,1616,289.9,612.4,226.0,57.0,1432,1437,724.3,1188,357.3,28.6,526.0,765.5,90.1,160.2,134.2,13.0,192.2,290.3,48.7,147.2,158.4,18.7,617.4,561.3,130.2,224.1,315.1,10.4,318.6,520.2,276.1,589.4,701.3,22.9,448.3,652.7,79.5,168.9,198.1
2025-03-11,丸亀,8,3連単,10.4,76.8,239.2,21.4,353.4,2119,4.1,31.3,191.8,55.9,629.6,5172,20.5,117.0,427.9,33.1,271.1,2505,123.1,419.0,1066,154.3,868.3,3436,19.6,250.0,411.1,39.9,607.3,4008,15.8,349.0,614.3,133.4,1317,6971,35.9,638.8,1187,89.5,589.5,3644,188.8,1971,2301,328.1,1676,4716,5.5,61.1,286.1,184.1,1208,7179,10.9,223.7,525.7,289.6,2055,7635,13.6,232.9,642.2,385.4,1551,6500,87.1,848.4,1730,1059,3411,7516,53.5,414.3,973.7,52.1,227.4,3103,78.4,793.8,1566,71.9,311.3,3250,51.1,410.1,1090,186.8,772.1,6589,242.8,1996,3025,210.4,533.3,3848,464.3,2545,3616,391.4,1822,6167,605.8,4959,5172,549.7,2951,6589,403.5,3083,4413,1279,4111,7635,502.1,4670,4959,649.1,2335,5063
2025-03-11,丸亀,9,3連単,7.8,90.6,166.3,147.9,283.3,528.3,5.7,80.0,159.0,251.1,427.1,816.1,11.8,95.1,182.1,165.6,319.5,537.8,17.6,140.1,241.4,190.3,258.6,569.8,13.4,266.5,319.5,329.0,600.7,1186,14.6,581.6,623.8,767.0,1880,2716,20.4,672.7,717.4,787.1,1264,1958,28.2,1120,1019,852.4,1120,2379,10.9,288.2,336.9,491.3,937.9,1792,20.4,630.4,614.7,1032,2024,3793,16.1,665.2,632.3,1135,1958,2228,19.0,842.2,628.5,1037,1657,2434,27.1,539.2,516.0,256.4,470.5,950.6,36.3,1253,1114,557.7,1096,1977,32.1,972.5,871.9,852.4,1565,2204,33.0,1068,784.2,358.4,613.8,1227,47.0,879.1,811.4,478.5,509.2,972.5,63.2,2084,1651,1032,1071,2352,44.6,1577,1071,1380,1358,2506,54.3,1632,1173,641.9,843.9,1362
2025-03-11,丸亀,10,3連単,7.6,13.2,26.3,96.8,574.8,2339,10.7,15.6,26.0,100.1,627.5,3044,34.1,60.5,50.4,146.3,763.1,3179,83.8,140.3,149.3,291.7,1304,3641,9.6,27.7,43.4,132.6,909.0,3269,11.9,30.1,42.4,106.7,840.0,2171,29.2,82.6,81.1,213.1,1013,3196,82.5,174.4,181.5,395.7,1844,4678,20.2,50.2,58.3,149.8,882.5,3619,21.4,47.3,57.1,129.1,893.5,2848,53.3,130.6,95.6,217.4,1033,3810,107.2,258.2,228.9,420.6,1911,4392,113.5,306.8,221.1,299.0,826.7,4566,101.3,289.1,243.4,310.2,863.9,3425,156.3,335.9,224.5,318.2,914.8,3760,309.0,840.0,496.9,447.1,1087,2966,393.8,819.6,790.4,925.1,2580,5586,408.3,669.0,712.1,825.5,3127,5812,416.6,808.1,736.7,892.1,2714,4876,525.0,1253,865.2,819.6,2047,2512
2025-03-11,丸亀,11,3連単,5.5,38.9,105.4,99.8,346.8,778.9,5.4,35.7,121.7,219.5,559.8,1259,12.5,58.8,159.7,136.4,450.5,791.9,20.6,84.7,237.8,131.7,563.3,1773,9.2,167.3,221.4,189.7,764.6,1364,13.0,415.5,565.9,579.6,1625,3374,18.3,508.4,750.7,383.2,1548,2062,32.1,767.4,942.1,368.8,1853,3183,11.1,159.2,356.6,509.3,1147,2201,20.9,457.5,648.7,819.0,1729,4111,29.5,638.7,721.0,926.6,2163,3630,30.0,406.0,740.8,988.6,1789,3104,44.4,444.4,600.4,234.2,542.2,985.4,55.8,922.5,1100,374.6,754.3,1700,66.4,1164,1124,918.4,1940,2641,107.0,1364,958.1,340.1,805.2,3104,80.7,600.4,977.7,295.6,1318,2970,125.8,1358,1892,465.0,2069,3717,93.8,825.6,1532,1054,2028,3058,158.5,1625,1673,522.1,1794,3233
2025-03-11,丸亀,12,3連単,10.1,103.3,63.2,269.0,167.8,1032,15.0,136.4,32.0,196.1,111.1,1083,15.1,129.3,28.2,171.6,195.2,1544,56.0,309.3,89.2,406.3,311.9,1373,10.1,236.5,198.8,569.0,406.9,1970,7.5,627.1,460.5,904.7,514.4,2739,7.3,432.2,305.7,723.9,769.2,3020,31.3,1252,839.3,1355,1212,2734,20.9,431.5,118.0,282.2,199.5,1830,16.0,812.0,333.2,750.8,434.1,3142,19.3,713.7,159.5,429.4,505.1,2744,51.3,1403,377.1,821.5,863.9,2775,22.4,340.3,91.3,246.2,361.0,2428,15.9,519.1,225.5,522.6,753.5,3411,23.2,828.4,186.8,443.8,612.5,3357,55.4,1314,341.9,529.2,769.6,2257,160.4,1374,519.3,1150,1049,1909,135.2,2510,1202,1877,1725,3142,159.8,2646,896.5,1729,1484,3020,150.1,2456,772.0,1134,1383,2170
2025-03-11,住之江,1,3連単,13.1,20.3,79.9,495.5,38.8,549.9,46.3,61.2,236.4,1047,96.7,1055,9.2,11.2,70.4,461.5,283.5,2014,27.3,34.6,168.9,775.4,73.9,551.9,25.5,35.4,73.9,516.9,42.0,570.2,78.2,89.9,193.3,598.8,63.0,829.3,29.2,26.8,52.9,333.5,181.3,1240,80.2,74.5,112.7,518.7,59.4,391.6,126.9,166.2,434.4,1099,144.2,1422,204.8,210.7,367.5,783.3,101.9,1123,144.1,124.0,232.1,728.1,375.5,1566,238.6,251.3,452.1,1123,155.2,861.6,15.5,20.4,74.4,559.9,544.1,3231,35.8,29.7,59.4,415.8,432.0,2314,118.6,83.5,167.8,760.2,760.2,2872,46.5,36.5,99.6,538.5,471.4,1782,125.4,172.3,337.1,1115,117.6,469.9,221.2,243.8,295.9,1055,87.8,352.4,432.0,457.5,738.5,1868,159.5,662.8,129.6,117.3,199.3,812.0,345.4,994.2
2025-03-11,住之江,2,3連単,7.4,58.7,62.6,98.8,215.6,1374,12.6,72.8,50.5,96.0,145.0,1943,20.3,108.9,56.7,62.8,154.7,2386,65.4,311.3,191.3,170.7,217.3,1863,7.6,119.1,115.4,198.3,314.9,2566,7.6,207.7,157.4,338.4,453.4,2305,11.6,230.2,170.2,233.7,409.7,3318,42.9,697.6,487.6,475.6,1022,2957,20.6,216.9,113.7,157.6,282.8,2386,16.2,288.8,190.2,321.6,509.5,2834,22.3,375.8,114.1,148.0,340.1,2159,66.7,872.1,331.8,374.7,755.8,2834,39.8,284.0,142.7,71.8,148.6,3163,30.8,361.8,218.7,143.2,339.2,4534,41.1,438.8,175.0,131.5,299.0,3488,97.5,985.8,331.0,125.7,291.9,2386,232.9,1248,938.2,443.1,1062,2429,200.9,1838,1214,739.3,1700,3580,260.6,1838,1133,764.3,1374,3318,246.4,1214,626.9,401.3,877.7,2345
2025-03-11,住之江,3,3連単,7.9,12.7,65.7,671.1,178.3,212.3,36.3,56.3,169.0,515.9,213.1,302.0,15.0,24.1,79.6,756.2,629.1,756.2,14.4,24.5,76.5,692.2,182.9,358.4,11.8,25.4,68.8,738.5,237.1,275.3,48.3,104.7,185.4,719.2,225.5,257.0,20.7,31.7,65.2,927.8,585.7,705.4,20.2,33.9,66.3,876.2,154.0,257.6,115.7,220.5,412.7,855.8,346.6,472.8,103.9,204.0,405.1,1087,328.1,377.4,168.4,227.6,371.1,901.3,827.0,1046,140.7,180.2,345.5,780.2,234.1,445.2,42.1,69.5,184.7,1031,1180,1298,45.8,61.1,139.6,1071,1180,1555,158.4,191.6,386.0,947.7,1022,1363,56.0,52.7,115.4,733.6,766.7,1380,50.0,95.5,206.5,1104,213.1,416.6,62.6,82.2,161.2,1283,157.1,318.1,178.3,227.6,475.9,955.9,226.9,438.1,85.1,86.9,171.4,1041,606.6,908.7
2025-03-11,住之江,4,3連単,13.7,32.3,129.9,24.5,1849,193.9,6.4,12.7,103.2,55.5,2004,297.4,219.9,340.9,739.6,439.5,1499,178.1,17.9,26.6,157.8,35.3,1449,1307,23.5,103.0,202.1,34.0,3574,242.9,21.7,95.2,165.5,73.4,3830,405.4,301.2,1061,1624,520.6,2211,142.6,36.3,143.8,230.3,34.6,3516,1554,11.9,24.5,151.6,106.6,3516,507.0,24.1,65.7,146.8,98.9,4874,653.9,286.3,424.7,1247,905.0,4468,494.2,20.2,31.0,157.9,109.5,5644,3351,630.8,1299,2102,979.4,2584,183.1,828.1,2785,3830,1374,3404,130.6,988.4,2102,3154,1624,4205,307.7,747.3,2062,4289,901.2,2494,1128,49.3,93.4,324.9,52.1,3201,2523,67.6,162.9,357.4,49.2,6499,4124,41.9,70.6,316.3,102.1,6128,4205,691.8,940.7,2648,438.6,3020,2859
2025-03-11,住之江,5,3連単,5.8,58.6,216.2,303.9,1079,31.5,13.3,97.0,438.0,554.3,1417,59.5,44.4,189.3,555.1,445.2,963.1,85.4,4.8,36.5,189.5,174.6,549.0,153.4,13.3,199.3,304.7,573.4,1709,69.4,37.5,773.0,1047,1351,2929,157.3,77.9,1305,1621,1577,2582,286.0,15.2,303.1,545.6,598.0,1743,473.0,36.2,399.3,1210,1281,2508,175.5,66.3,1016,1652,2038,3670,276.4,96.6,1606,2582,2220,3452,555.1,27.5,422.6,1383,1411,2490,871.6,164.3,929.7,1969,621.4,1263,216.9,245.5,2220,2681,1240,2278,396.2,244.1,2113,3352,1835,2723,666.6,98.1,1096,2206,369.3,689.0,428.8,7.7,83.3,349.0,200.2,639.7,413.5,14.5,211.9,612.7,401.6,1452,787.0,24.6,371.3,1154,807.0,2003,1198,53.2,632.7,1440,335.5,691.7,514.2
2025-03-11,住之江,6,3連単,43.4,115.7,232.2,110.9,75.3,120.6,17.9,66.3,384.4,311.1,189.2,354.1,12.1,55.0,367.8,67.4,64.2,115.5,15.6,58.4,444.9,67.2,36.2,87.7,62.9,228.2,292.9,215.4,167.9,265.4,64.5,382.5,786.7,662.5,564.7,793.1,61.9,405.6,753.3,202.5,225.3,341.4,68.4,399.0,809.6,200.3,152.6,270.8,23.5,143.8,789.9,759.2,647.1,926.9,73.9,445.4,978.0,802.9,1051,1018,15.2,140.4,818.1,794.7,1175,1003,17.2,125.7,728.0,600.3,498.3,938.0,19.9,127.2,676.3,82.4,101.1,187.1,63.6,477.6,828.5,164.4,196.7,360.9,21.1,170.3,1049,438.9,620.4,802.9,12.1,112.2,681.0,44.5,61.9,110.5,35.3,186.5,819.8,124.3,59.1,101.3,96.0,553.5,1124,223.3,141.6,223.1,34.6,222.3,1099,514.8,307.0,526.6,22.0,186.1,873.0,76.4,59.5,94.0
2025-03-11,住之江,7,3連単,18.9,68.8,31.5,278.1,287.6,846.1,45.8,132.9,20.1,116.8,88.1,377.1,54.2,165.8,11.4,191.3,278.6,866.2,89.6,232.4,24.0,227.2,148.9,548.4,12.4,116.0,83.6,547.5,558.4,1720,10.4,330.6,190.5,693.3,471.7,1578,7.9,254.3,113.2,952.2,1207,2604,18.2,453.6,182.2,1050,860.1,1851,55.7,403.4,50.3,138.4,93.7,401.6,24.9,593.9,152.5,445.2,278.3,1024,58.2,1015,49.9,210.6,251.8,791.0,85.3,1207,80.4,264.6,102.7,302.4,70.3,407.0,25.1,302.9,562.8,1696,25.7,469.3,85.1,828.8,1321,2642,82.7,1139,58.1,319.0,438.8,1402,66.2,909.4,28.8,352.3,539.4,1620,196.1,634.2,83.5,563.6,232.4,621.2,83.2,772.6,212.8,1279,619.1,1482,200.1,1365,182.6,635.3,148.4,336.1,142.3,1307,59.8,630.9,525.4,1391
2025-03-11,住之江,8,3連単,12.0,44.1,159.3,95.6,51.9,228.9,7.8,24.9,244.7,303.3,140.9,520.1,9.2,23.2,228.9,110.7,91.3,323.8,14.3,42.3,291.9,158.1,100.1,278.6,25.3,150.7,228.8,123.6,66.5,298.7,44.3,261.3,426.2,449.3,173.2,762.1,47.2,225.3,414.0,177.4,119.0,506.0,47.9,363.6,535.7,264.2,141.5,416.7,18.3,78.1,484.9,546.7,327.5,878.6,56.3,254.0,610.1,733.6,391.8,1296,31.7,103.2,609.1,768.3,554.8,1338,34.0,174.5,695.4,889.1,627.6,1287,23.2,67.8,396.4,135.6,144.5,453.1,70.4,202.6,512.2,164.5,189.3,680.2,45.3,118.5,656.3,391.0,454.3,1240,43.9,138.5,677.7,197.5,239.0,493.9,39.3,150.7,535.7,248.1,202.6,373.4,88.6,411.7,796.2,294.9,272.3,449.3,60.2,271.7,887.0,669.2,647.2,1108,50.1,199.6,768.3,270.4,316.7,505.3
2025-03-11,住之江,9,3連単,6.9,87.9,42.6,226.6,663.5,1287,13.6,151.6,33.7,150.3,308.2,831.6,22.9,230.4,38.7,199.6,667.5,2187,58.2,341.9,83.7,353.7,780.4,2298,5.6,175.5,127.7,540.9,1396,2214,5.2,464.0,240.5,657.1,1746,3148,8.0,701.1,383.6,1118,2260,4393,29.3,985.0,631.9,1361,2928,5238,20.4,503.4,109.7,232.2,407.4,1278,14.1,820.4,240.4,429.6,1249,3223,26.6,1472,185.2,403.8,1055,3426,69.5,1846,409.8,773.8,1272,3262,55.2,1037,157.7,341.5,874.4,3783,32.8,1592,415.8,735.1,1734,4358,63.3,2269,301.3,482.0,1057,3976,108.7,2358,425.2,594.0,1496,4656,226.6,1565,413.0,1070,1768,3383,147.3,2079,765.1,1774,3362,4465,268.7,3656,986.8,1597,2087,3148,256.1,3836,880.0,1269,2867,4393
2025-03-11,住之江,10,3連単,5.2,20.9,84.1,308.5,96.1,735.5,15.5,43.8,144.0,431.4,134.7,967.5,6.1,20.9,76.7,339.6,276.8,1698,24.6,64.5,184.9,515.8,197.9,739.8,10.0,86.5,163.7,454.6,146.1,1054,23.7,285.4,449.8,849.0,366.1,2099,13.0,138.9,235.0,626.2,618.6,2530,37.1,371.5,479.6,988.3,425.6,1409,37.2,239.7,455.0,938.8,291.8,1664,51.1,439.6,826.8,1252,513.2,2542,62.2,426.3,674.7,1311,980.7,3264,95.1,731.2,1016,1931,715.7,1757,15.3,83.9,188.8,403.2,505.0,2859,23.0,164.4,346.8,572.4,796.9,3419,63.3,334.4,509.6,772.5,916.7,3563,48.7,301.3,498.5,577.0,726.0,2735,91.0,373.7,764.4,1129,398.4,916.7,110.4,736.6,1216,1386,567.3,1445,175.9,1016,1297,2144,828.2,1561,103.2,556.0,878.5,1179,938.8,1976
2025-03-11,住之江,11,3連単,6.1,54.9,41.1,175.4,466.9,1563,11.3,96.4,41.5,168.6,387.5,1864,21.0,147.8,62.4,231.8,511.0,1960,55.6,278.0,148.9,351.3,856.1,2824,5.3,101.4,93.2,406.4,1033,2514,5.4,201.8,183.7,490.2,1353,3334,10.1,302.6,265.8,795.0,1837,3570,35.8,588.5,502.5,1057,2213,4276,21.6,277.7,130.2,297.9,696.9,2402,16.3,335.7,228.1,515.2,1368,3276,30.0,630.2,228.2,594.0,1153,3127,68.2,889.3,378.6,843.7,2079,3710,48.7,625.5,247.9,421.8,834.4,2600,34.0,948.4,491.4,719.4,1606,3921,49.3,1087,372.6,664.5,1150,3553,139.2,1689,681.2,637.0,1652,2956,226.2,1318,736.9,1001,2489,3983,202.7,1965,1311,1580,3039,4672,216.7,2051,1031,1535,2752,3983,260.8,2395,1184,1129,2219,3319
2025-03-11,住之江,12,3連単,15.1,140.7,74.4,565.9,130.6,803.2,35.1,232.9,53.4,338.6,54.0,364.2,20.0,162.8,25.6,417.1,193.2,1080,53.5,318.6,42.5,571.6,72.6,427.9,11.7,285.4,200.1,946.3,348.8,1524,10.1,812.5,552.4,1235,589.9,2486,5.1,547.6,318.3,1531,1106,2588,11.1,1018,603.5,1520,603.5,1988,59.6,689.2,166.9,431.7,99.2,519.4,33.4,1145,540.5,1145,373.3,1881,42.1,1281,219.9,653.2,385.0,1488,66.2,1275,272.0,771.5,161.5,560.8,25.2,420.1,62.0,648.5,524.2,2109,11.1,728.4,260.7,1310,1195,2677,34.1,1310,198.0,820.0,715.1,2261,22.0,1082,91.8,794.0,691.5,2303,104.8,1182,159.2,1141,168.4,524.2,45.8,1805,624.6,1570,415.4,1350,117.6,2027,413.8,1316,208.9,575.8,58.5,1623,182.8,1289,620.9,1657
2025-03-11,びわこ,1,3連単,10.7,75.3,87.6,163.6,116.8,850.2,7.0,89.6,112.1,250.8,160.2,1337,8.8,118.7,96.8,176.9,178.5,1475,107.7,489.4,509.2,557.4,466.6,2047,12.9,166.9,153.6,308.7,232.7,1760,10.9,425.1,331.1,721.8,436.2,2181,12.8,345.9,428.7,573.3,501.6,2181,85.6,1180,1497,1270,974.0,4362,10.2,199.4,285.8,398.1,255.9,2866,12.3,425.1,554.3,1003,563.6,2950,10.5,360.9,396.5,639.0,639.0,2388,95.1,1003,1320,1337,1023,4362,16.9,274.8,217.6,268.2,332.2,3135,19.9,511.8,421.5,445.9,557.4,3135,15.7,496.6,456.0,619.3,668.8,3858,101.4,1413,1034,466.6,1223,2047,252.0,1543,1729,1140,1078,2181,231.7,2866,2640,2229,1644,4180,304.0,1967,1700,3040,1475,3459,313.5,3459,1967,2134,1700,2280
2025-03-11,びわこ,2,3連単,25.9,34.7,26.9,43.8,304.0,1101,26.3,31.1,15.1,27.3,252.8,1573,82.6,93.6,37.2,55.2,236.5,1573,262.2,250.9,188.8,142.8,604.4,2679,20.8,52.0,52.3,73.1,532.9,1982,12.3,39.4,35.0,58.4,429.1,1709,40.7,101.1,85.3,104.3,420.0,2832,162.5,307.8,304.0,276.1,1436,3671,25.5,58.0,17.6,29.4,285.6,1943,15.3,47.4,27.2,41.7,308.8,2541,39.5,101.9,25.7,44.4,201.4,1339,149.7,336.0,108.5,126.2,639.5,2915,154.4,266.4,104.0,73.2,241.7,1680,126.7,252.2,124.6,94.0,285.6,2608,125.0,239.4,76.7,75.1,213.1,1223,483.5,935.2,261.5,146.6,500.6,1479,600.8,833.0,643.7,351.5,1835,2832,391.8,1113,774.4,516.3,1982,2832,444.5,1113,418.2,375.5,1870,3004,981.5,1573,774.4,444.5,1180,1525
2025-03-11,びわこ,3,3連単,31.8,20.5,141.3,149.7,43.9,707.5,51.5,26.1,360.3,264.3,98.5,2035,19.9,10.4,217.3,257.8,155.7,2148,70.8,40.1,557.8,346.3,116.1,1045,78.8,36.2,138.4,119.8,31.0,711.9,142.0,48.4,135.8,144.1,39.2,951.1,92.6,17.4,71.7,94.1,56.9,758.4,258.4,53.5,166.9,206.8,43.7,293.0,136.6,57.0,577.3,725.2,204.6,2417,274.3,67.5,398.7,458.6,92.0,1487,195.6,33.4,493.8,555.2,306.1,2275,317.9,88.9,811.4,975.1,259.0,1487,33.1,12.2,209.4,299.8,212.1,2762,77.9,13.2,107.4,159.6,118.1,1381,147.0,20.3,282.3,357.0,297.5,3053,144.1,18.4,273.6,299.8,268.6,1221,317.0,107.8,1349,1036,203.2,859.5,595.0,139.1,743.8,527.4,96.0,288.6,729.8,127.3,1349,1381,289.3,1148,376.7,58.3,707.5,539.7,271.1,840.8
2025-03-11,びわこ,4,3連単,11.1,32.1,32.2,821.5,267.5,113.5,72.3,255.2,162.0,938.8,202.2,94.3,24.6,81.6,52.9,930.5,1062,705.7,12.9,40.2,25.1,876.2,150.0,177.3,9.9,51.7,46.5,1041,427.4,152.1,85.4,312.9,229.5,735.3,297.8,97.3,19.2,95.5,73.9,1194,1420,584.1,8.9,41.6,26.5,883.6,230.0,236.8,273.1,661.3,360.1,1062,326.5,112.9,292.0,614.9,326.5,906.4,293.7,85.3,347.0,906.4,429.1,1402,1194,531.0,206.1,715.3,264.8,784.7,187.1,167.7,59.1,250.9,103.8,914.3,1130,938.8,55.5,208.2,116.9,778.9,982.7,891.1,425.7,1181,443.6,1251,1523,947.3,41.9,208.6,76.1,520.5,641.1,992.0,25.0,88.8,46.6,808.8,177.3,198.7,20.5,72.7,38.8,883.6,236.2,271.0,268.2,531.0,234.1,861.9,180.0,223.2,46.1,165.3,69.7,773.1,745.7,848.0
2025-03-11,びわこ,5,3連単,5.0,28.7,58.3,35.9,2436,339.7,6.0,21.9,51.3,71.2,3547,633.0,135.8,299.9,709.4,376.2,4922,322.4,21.7,65.8,145.0,54.1,4088,1362,8.0,78.5,106.5,72.9,3215,586.8,11.4,139.8,160.1,169.8,4550,920.5,212.6,1071,1035,701.1,4158,664.4,32.8,293.4,305.6,128.7,8039,2679,10.4,71.9,102.4,139.6,4019,1106,17.4,158.6,175.9,236.4,4307,1652,223.5,927.6,1318,1310,6891,1143,26.6,211.3,296.3,269.7,7094,4019,768.1,1722,1698,1000,4158,304.9,996.6,2621,1799,1236,4729,440.1,1017,2772,2837,1786,6347,695.0,968.6,2837,1786,798.6,2538,903.3,54.8,286.1,387.7,77.9,6347,3173,87.1,549.4,525.4,109.3,8039,4019,66.4,512.0,594.0,208.4,9647,5359,475.7,2650,1507,358.9,2871,2172
2025-03-11,びわこ,6,3連単,16.4,90.0,165.8,110.6,296.2,83.2,15.0,81.9,175.5,182.8,428.9,148.4,26.2,129.4,263.0,118.2,366.0,114.7,9.6,55.3,145.5,45.1,168.7,102.6,24.8,194.7,293.1,245.4,599.7,182.0,23.5,592.5,808.6,725.3,1399,714.8,31.2,779.8,948.5,707.1,1399,630.3,15.3,517.8,753.0,251.3,773.7,618.5,19.3,213.0,387.6,472.0,1011,451.4,26.6,607.0,818.6,808.6,1461,1022,35.3,905.0,704.6,991.4,1810,981.6,10.3,224.2,484.7,448.4,1060,1167,45.0,391.4,651.1,161.4,400.2,214.4,53.3,854.1,1298,446.3,944.0,549.5,58.2,1140,1233,393.8,1409,1027,25.0,554.2,418.0,157.3,254.2,468.6,14.9,174.4,251.3,67.2,204.8,185.2,22.1,666.5,939.5,214.4,492.0,499.5,16.7,436.5,733.4,359.3,608.9,725.3,24.7,601.5,782.9,161.9,361.3,453.5
2025-03-11,びわこ,7,3連単,68.8,174.6,172.7,44.6,72.1,588.2,43.5,121.1,52.1,30.6,56.8,714.2,95.9,207.8,76.3,21.9,32.9,564.9,204.9,415.7,303.0,67.6,54.1,470.5,62.8,252.8,245.6,85.9,107.5,787.3,26.1,158.5,142.3,91.6,142.5,934.5,47.9,251.5,219.5,74.3,100.8,1111,184.6,624.9,478.4,137.7,104.4,743.4,33.5,145.5,46.0,38.2,88.0,1098,21.6,141.1,87.2,68.3,166.2,1234,20.3,151.1,31.4,25.7,63.2,985.1,76.3,330.0,128.6,91.5,106.8,1025,99.4,320.5,128.0,23.1,39.2,692.0,74.4,332.7,259.0,41.3,69.0,1010,38.5,222.9,65.4,23.8,44.4,737.9,110.9,469.4,257.7,35.8,46.5,378.7,299.8,737.9,840.3,148.0,70.8,322.5,369.6,1149,975.5,206.1,95.1,311.5,212.5,615.3,453.4,178.7,98.8,402.3,238.0,803.1,623.0,96.8,63.9,254.4
2025-03-11,びわこ,8,3連単,21.4,94.1,65.2,54.7,396.0,1873,20.0,102.9,18.4,22.7,186.0,2307,46.6,168.1,41.6,38.0,161.9,2653,142.2,394.1,219.9,150.9,413.5,3249,14.8,146.3,134.0,148.9,765.5,3387,6.3,281.3,223.3,200.0,1020,3184,15.3,469.6,326.9,321.6,1027,4190,89.4,1014,605.4,631.8,1305,6922,14.1,194.4,28.6,37.2,272.1,3004,6.7,341.6,127.1,138.0,683.3,1658,13.6,568.6,52.9,77.6,306.7,2948,70.5,1113,248.0,282.8,607.7,4975,73.6,416.8,117.3,77.1,188.6,3317,34.1,942.1,366.0,207.8,655.2,4190,35.2,846.9,113.9,130.8,299.8,3317,134.7,1305,564.6,236.9,554.7,3387,537.9,1641,931.1,564.6,1421,2894,405.1,3883,1474,894.5,1712,4824,384.5,2745,1001,812.3,2211,3791,404.1,3702,1516,576.8,1676,4549
2025-03-11,びわこ,9,3連単,15.3,16.3,120.7,23.4,1686,319.7,7.2,7.2,148.5,77.7,1894,759.7,107.5,145.3,783.0,240.1,1967,425.1,23.8,21.8,313.8,61.8,2436,1805,27.7,44.0,133.8,27.9,2192,291.7,36.2,39.6,126.5,71.9,3197,501.5,320.4,465.0,965.2,231.8,1705,220.5,71.7,79.2,227.0,46.3,3132,1668,10.9,13.7,164.3,169.9,3488,1311,29.9,30.7,145.0,149.8,4038,924.5,182.0,179.5,897.5,807.7,4147,1044,35.2,28.0,262.7,244.3,2951,2515,495.0,897.5,1598,741.4,1744,417.0,843.2,1421,1519,568.4,1566,242.4,867.0,1016,1764,1073,3569,713.8,882.0,908.1,1615,623.8,2224,1566,81.8,91.9,647.5,109.0,4263,3336,169.2,174.9,548.1,89.3,3569,2436,91.5,77.1,554.0,237.9,2740,2895,556.0,628.9,1705,352.0,3069,2475
2025-03-11,びわこ,10,3連単,9.9,23.6,178.9,350.3,683.5,19.1,21.1,44.4,573.1,1219,1424,59.2,33.2,61.3,549.3,1081,1699,73.1,5.1,10.6,241.7,456.5,707.9,71.6,29.8,89.8,228.2,391.8,871.2,22.0,107.8,284.5,750.3,1299,1775,58.7,145.3,295.8,814.5,1336,1887,90.9,35.6,96.2,236.4,455.6,800.8,83.7,99.8,212.9,1132,1761,2378,150.1,213.9,395.7,1029,1982,2427,133.1,254.9,644.6,1748,2287,2642,397.0,115.4,222.0,1207,1775,2331,359.3,136.7,305.7,1299,1278,2223,138.4,323.6,639.4,1299,1232,2142,136.9,397.7,825.9,2050,1788,2642,337.8,159.3,340.2,1213,1034,1651,235.2,8.3,22.1,294.3,468.2,843.4,204.3,23.6,59.0,257.7,464.5,792.8,185.6,38.0,94.4,658.8,1391,1699,402.4,42.8,114.3,624.3,963.0,1407,328.0
2025-03-11,びわこ,11,3連単,16.1,52.5,24.7,122.6,1632,628.3,23.6,70.8,11.4,57.7,1032,355.9,72.8,211.0,45.0,197.3,1613,548.3,56.0,161.9,21.8,117.9,1844,1786,10.9,84.2,61.1,204.9,2731,969.3,5.6,131.2,72.5,226.8,2513,956.3,29.7,383.8,204.7,551.5,3381,1327,15.8,296.7,155.9,417.6,3381,2868,26.6,182.3,23.1,57.8,1136,396.6,15.8,205.6,58.0,132.6,2347,916.2,61.4,728.2,64.8,153.3,1413,389.0,35.5,486.3,30.4,90.9,1893,1552,220.6,962.7,197.5,400.0,1986,612.1,161.7,1188,380.2,648.4,2654,1183,236.6,1434,197.9,397.7,1456,432.9,315.5,1880,307.7,446.5,1986,1868,143.3,583.2,81.2,234.7,3264,2928,77.2,713.6,221.8,440.3,4116,3506,107.2,962.7,86.7,208.8,2184,2491,274.1,1700,274.1,445.1,2535,3087
2025-03-11,びわこ,12,3連単,5.5,45.5,45.2,323.1,123.6,526.0,13.2,73.3,69.5,487.4,137.8,717.1,10.0,69.9,42.3,418.8,262.3,1089,26.1,134.5,111.3,778.8,209.4,953.9,6.9,120.6,114.9,546.2,329.5,874.4,13.6,495.9,427.8,1689,687.4,1253,8.4,339.6,245.2,1533,1424,1487,25.5,722.3,558.4,1607,977.3,2034,30.5,260.6,219.3,944.9,280.4,910.3,37.4,914.5,494.7,1465,615.3,1434,49.9,991.9,325.2,1303,1060,1465,61.3,1012,566.4,1394,820.4,1898,19.9,322.6,106.2,730.3,615.3,2556,20.7,519.2,254.3,1533,1620,2373,48.3,982.1,288.9,1620,1499,2461,46.9,1049,366.4,1303,1365,2769,87.6,600.5,411.9,1993,639.0,1634,92.0,1186,810.4,2523,1132,2215,150.6,1208,763.8,2098,1320,2098,126.7,1594,643.1,2215,1812,2658
2025-03-11,三国,1,3連単,35.2,430.2,129.7,260.5,120.1,1506,47.4,590.9,46.5,100.6,53.0,1414,53.0,578.7,46.5,104.1,69.2,1750,160.8,1085,242.7,406.5,160.9,1273,20.8,765.3,582.3,782.4,339.5,2546,4.8,1818,1045,2044,636.6,4446,5.5,1945,1081,1718,856.6,3945,51.2,3295,2546,3591,989.8,4376,28.7,1098,130.8,223.7,122.6,2029,7.7,2523,464.5,1138,432.2,4747,8.8,2593,188.2,371.0,260.0,3147,51.0,4119,622.4,1290,789.0,3183,29.4,900.6,118.5,217.1,219.5,2394,9.4,1972,470.7,909.4,767.4,4914,12.6,2523,230.1,390.1,387.4,4244,44.6,2979,918.4,996.8,1094,4592,295.4,2593,1207,1556,575.1,1564,168.3,4829,3257,3785,1436,3945,186.8,4592,2414,3295,1256,3112,165.3,4001,2106,2979,1657,4059
2025-03-11,三国,2,3連単,7.5,12.0,135.0,86.8,247.7,970.4,5.6,8.4,273.6,368.5,858.0,3199,6.5,9.6,326.7,208.4,599.8,3199,27.6,35.6,704.1,483.4,1020,3986,30.2,43.5,153.0,102.7,247.2,1172,70.0,64.6,228.5,335.2,792.4,3013,101.8,79.5,230.3,170.4,538.7,2786,270.1,211.8,696.5,464.3,1012,3649,22.5,31.4,520.3,802.2,1551,5889,92.0,75.5,467.7,725.8,1356,4113,70.4,59.0,725.8,1251,2756,7197,216.4,142.1,1447,1739,4711,6169,35.3,52.9,860.8,295.8,799.7,4318,148.4,127.3,715.8,265.2,700.3,3454,115.7,108.6,1356,1102,2699,5889,258.6,201.0,1799,700.3,1619,4627,194.9,217.2,2911,1408,2644,5633,680.1,546.6,1671,1088,2272,4545,523.4,448.3,3810,2978,5633,7197,525.6,445.9,2978,1570,3013,4391
2025-03-11,三国,3,3連単,11.3,50.7,9.7,353.1,2291,551.1,32.4,125.0,8.0,231.3,1419,370.2,179.7,507.8,84.9,1243,2771,903.7,51.2,176.2,12.9,548.0,3383,1927,4.6,77.0,38.9,567.2,3779,926.7,5.5,213.0,76.4,748.0,3344,1003,68.3,873.8,372.1,2852,5938,1616,10.8,252.8,93.6,1287,7275,3163,55.9,386.9,33.1,254.1,1927,356.6,33.5,408.7,68.0,515.0,3779,822.0,243.1,2466,235.6,1672,5196,714.9,95.3,633.9,60.3,507.8,3986,2108,670.5,2385,453.9,2598,5388,1662,478.6,2745,1031,3637,7461,2063,1154,4693,881.8,3269,6613,1426,963.5,4157,929.7,4343,6767,5017,152.4,601.2,61.6,1050,6062,4041,78.1,653.9,148.2,1455,7657,5388,210.5,1065,125.8,1024,5290,3129,576.2,2719,497.4,3163,7864,5388
2025-03-11,三国,4,3連単,7.4,17.8,60.9,42.9,380.3,1288,11.8,37.1,56.8,34.3,344.0,1837,24.5,49.1,80.5,81.4,364.7,1962,77.3,120.8,182.5,225.3,707.7,2415,14.9,27.0,62.1,101.8,464.2,1652,14.2,44.6,98.3,128.0,390.2,1279,29.1,37.4,73.2,268.3,767.5,2172,98.0,82.2,136.2,494.1,867.8,1951,11.5,81.4,97.1,79.5,363.1,2145,11.0,72.3,161.0,135.8,409.2,1606,30.6,167.3,186.8,176.1,551.7,1856,114.1,337.9,441.1,473.7,706.3,2043,81.6,108.7,140.5,345.3,521.7,2365,86.3,90.9,165.4,578.5,1040,2616,94.1,180.7,202.4,428.5,718.0,2596,262.4,214.7,246.1,1043,1439,3597,324.9,378.7,515.5,1216,1349,2785,315.4,281.4,494.8,1451,1318,2272,416.1,574.6,665.4,1370,1096,1973,487.8,446.2,512.4,1684,1718,3488
2025-03-11,三国,5,3連単,95.0,234.3,102.5,186.7,1189,625.0,105.9,235.8,14.0,42.2,575.2,222.6,309.5,555.6,62.7,125.1,738.6,252.2,212.4,456.7,26.9,51.6,826.3,735.9,58.6,355.8,224.9,325.5,1488,1167,11.0,244.3,141.1,274.2,1611,1000,62.2,819.3,423.9,474.4,1317,960.6,23.3,477.9,246.5,319.1,1805,2216,90.4,414.0,18.1,32.3,689.1,199.8,18.3,326.6,88.2,128.3,1250,580.4,75.1,907.0,25.2,41.0,277.0,65.7,27.1,375.7,9.2,14.4,320.7,233.8,541.7,1911,150.3,144.9,619.0,200.0,267.1,2119,448.3,355.2,1000,507.8,209.6,1523,77.2,87.3,309.0,70.1,325.5,2191,85.9,64.3,260.7,212.6,299.1,1383,52.1,55.4,776.9,924.2,66.3,1160,228.3,174.5,1282,1756,56.3,874.5,17.6,21.1,390.8,456.7,265.6,1839,57.3,53.7,300.9,340.3
2025-03-11,三国,6,3連単,45.8,88.5,131.0,588.0,98.9,24.2,124.4,212.9,270.2,735.0,94.8,29.0,34.3,61.6,77.8,787.8,310.6,107.6,27.3,49.1,64.4,634.4,33.0,16.2,56.1,165.5,179.6,867.2,173.4,38.2,142.4,332.9,407.2,721.8,267.2,62.2,41.0,157.1,155.9,1012,504.3,205.3,32.2,131.3,138.5,526.3,96.7,39.3,297.6,560.6,658.7,941.7,191.9,60.9,264.3,484.1,538.1,730.5,322.3,96.3,269.6,739.5,558.0,1095,538.1,242.0,183.7,547.9,535.7,1159,118.6,53.7,42.7,123.3,121.0,886.3,602.7,273.3,44.0,167.6,205.0,1004,892.9,365.2,154.5,504.3,470.8,1021,696.7,408.6,17.5,72.1,78.1,382.6,250.0,229.1,23.0,80.7,84.6,585.1,29.0,22.6,25.0,114.2,131.5,713.2,58.6,41.2,105.8,376.7,427.4,1126,65.4,46.3,14.5,64.0,68.1,368.6,135.2,107.0
2025-03-11,三国,7,3連単,66.6,130.7,63.8,181.2,247.2,745.0,134.6,192.6,16.1,52.1,66.7,786.4,110.2,176.4,18.5,63.3,88.6,1132,250.5,342.1,75.6,123.9,239.9,993.4,57.7,172.1,123.3,317.2,393.2,1258,17.7,159.7,93.2,233.0,332.1,1002,17.5,175.8,104.1,324.5,413.3,1715,95.8,456.6,278.2,407.3,686.3,1952,144.2,408.8,20.6,43.2,60.4,1048,32.3,277.5,72.5,147.2,188.7,1143,43.1,395.9,12.0,25.2,34.7,755.0,128.8,383.9,42.6,63.0,105.3,599.2,121.9,393.2,23.1,61.6,88.0,832.7,32.3,319.0,89.1,219.4,248.3,1204,44.0,385.2,13.4,31.9,42.5,580.7,128.8,1002,45.4,83.8,101.6,531.7,512.4,906.0,228.7,176.4,344.2,976.3,265.2,1020,437.2,318.1,820.6,1919,353.9,1286,138.7,111.5,221.6,674.1,291.8,1348,133.5,125.6,255.6,612.1
2025-03-11,三国,8,3連単,26.3,27.2,55.9,1037,273.5,40.1,243.9,221.4,272.3,1315,293.9,51.6,64.3,60.9,76.9,1757,1089,324.9,17.1,17.1,34.8,1360,167.1,77.0,33.8,45.4,58.0,1084,232.6,38.0,229.2,294.6,296.1,1191,188.2,35.3,65.7,61.9,63.7,1495,844.7,311.4,25.2,23.8,28.6,1033,122.1,46.1,521.1,598.9,659.6,1495,344.9,54.7,614.1,558.6,446.6,1375,238.1,43.3,830.2,866.0,498.4,1441,1157,267.2,630.2,553.4,390.8,1168,137.4,56.5,151.1,132.3,143.9,1783,1707,710.2,137.1,102.6,111.8,1504,1533,626.9,774.1,604.9,434.5,1594,1260,625.3,85.9,63.6,53.1,1046,974.7,600.4,22.4,22.1,35.0,1486,161.4,103.9,27.1,21.9,26.8,1203,122.0,70.1,249.7,227.1,171.1,1247,116.9,75.0,48.6,34.5,30.5,1174,484.4,312.2
2025-03-11,三国,9,3連単,54.9,92.5,96.5,169.6,128.2,1147,67.1,97.3,37.9,85.6,66.9,1415,48.7,75.9,30.7,77.2,82.9,1726,206.3,283.8,170.1,339.7,164.6,1194,54.7,101.8,141.0,233.8,176.0,1619,28.1,74.2,76.7,138.6,83.0,1238,24.0,56.9,46.7,118.5,93.7,2149,183.5,264.5,258.4,469.1,172.1,1407,72.1,140.4,36.5,64.6,62.8,1713,40.2,93.6,62.3,102.9,75.3,1665,31.1,79.8,14.5,24.9,28.9,844.5,190.2,437.9,83.2,137.8,75.1,777.8,56.4,122.7,34.3,62.8,83.4,1597,35.8,70.3,39.5,84.6,105.0,1987,40.2,74.8,16.6,27.2,37.1,1060,123.7,226.0,53.9,78.1,81.4,714.4,522.0,985.2,609.4,707.9,341.7,1238,514.0,859.8,614.2,736.6,336.3,1313,561.6,1019,301.6,328.8,183.7,707.9,383.8,579.5,204.0,248.1,185.9,671.7
2025-03-11,三国,10,3連単,52.5,146.3,49.2,406.0,308.4,855.1,71.8,256.1,12.5,99.3,75.4,298.6,121.9,286.4,13.5,159.8,140.1,317.6,149.0,416.0,25.6,230.3,154.3,404.0,29.1,164.8,93.6,537.5,641.3,1472,9.4,304.5,143.2,513.0,613.4,1525,12.8,408.9,133.3,780.2,951.2,1991,18.5,651.2,210.0,925.2,940.6,1881,78.4,496.5,21.6,87.4,76.8,424.3,25.3,446.7,87.4,333.2,350.5,1410,40.1,773.1,20.3,88.8,104.5,385.6,48.3,967.5,30.4,123.4,119.5,386.5,124.7,723.5,28.6,197.3,247.5,688.2,33.9,791.1,127.2,749.1,759.2,2319,42.6,935.4,31.7,139.3,160.0,572.0,66.5,1322,37.3,220.1,273.0,723.5,204.7,1422,76.6,383.0,250.4,579.8,66.3,1354,234.1,1092,693.9,1218,69.2,1612,71.2,285.5,190.4,423.2,99.8,1924,65.1,372.9,317.0,609.0
2025-03-11,三国,11,3連単,12.9,90.6,63.3,40.8,940.0,367.3,10.2,57.9,26.5,34.4,900.2,459.0,70.2,294.2,124.9,69.8,671.0,336.8,27.8,93.7,68.4,33.0,689.1,903.4,15.1,214.6,143.4,85.2,1880,730.5,9.1,272.8,127.0,142.3,2556,1116,45.2,849.4,500.3,252.4,1936,983.3,25.4,473.4,259.3,116.5,2185,2148,12.5,156.4,41.5,53.8,1189,765.5,10.6,247.2,90.7,116.4,2282,1217,49.8,726.3,135.4,165.3,1531,610.2,19.0,297.6,65.5,79.5,1618,1531,203.4,1531,374.8,98.5,517.5,332.4,145.5,1649,706.3,171.8,957.6,573.2,154.5,1404,371.0,203.2,906.6,515.4,151.6,1598,490.7,91.5,472.6,645.6,81.3,489.8,233.9,60.1,900.2,1504,71.2,614.6,424.7,112.1,1880,2663,65.9,549.8,183.8,102.9,1531,2148,168.5,2166,534.8,111.5,809.1,964.8
2025-03-11,三国,12,3連単,5.8,12.0,62.6,131.9,90.0,1278,14.4,18.7,111.7,265.2,134.1,2131,9.4,18.7,108.9,199.2,168.1,2537,66.2,106.3,328.8,472.1,282.1,1949,15.2,29.6,69.5,151.8,94.3,1682,35.4,44.1,89.6,183.8,104.6,1737,23.3,40.2,83.3,186.8,138.8,1574,142.9,168.1,274.3,378.7,281.6,1691,39.1,49.3,208.7,372.5,207.0,2906,57.8,62.0,176.6,305.0,173.2,2316,76.7,78.4,224.3,385.1,285.1,3474,204.0,190.2,608.8,908.1,567.8,3329,31.7,60.6,188.3,220.3,249.7,3044,44.4,63.9,165.0,202.1,199.6,1775,84.7,90.5,262.6,334.7,284.9,3364,157.0,219.1,509.0,383.2,476.4,2620,305.3,472.8,1125,819.6,605.4,1785,372.5,499.4,945.7,694.9,546.4,1691,424.5,531.8,1507,1360,897.9,2709,347.0,509.0,1320,741.6,897.9,2283
2025-03-11,常滑,1,3連単,11.1,29.2,28.0,262.1,300.9,227.9,23.5,55.6,28.0,206.2,236.2,194.5,30.9,62.0,33.0,358.9,569.9,474.7,29.8,58.1,27.4,269.2,420.6,625.2,9.7,54.8,62.6,432.6,482.8,355.9,11.2,85.8,91.7,344.6,476.7,401.8,15.5,86.1,89.4,599.8,1092,754.0,14.9,88.9,84.5,529.1,674.0,926.5,41.8,207.5,75.0,253.1,343.8,296.8,29.4,165.1,113.7,288.2,395.2,377.3,70.1,331.1,108.5,282.5,467.0,382.3,55.3,278.9,76.5,218.8,324.1,463.7,72.4,196.2,93.9,563.6,951.5,939.8,49.6,194.3,130.4,627.8,1116,1030,131.1,407.5,146.3,398.3,647.3,616.8,105.0,347.2,109.8,422.6,759.0,1240,66.4,229.9,88.6,508.5,821.7,1113,49.8,208.8,133.6,572.8,902.7,1250,114.0,421.8,110.3,330.7,479.2,646.4,162.1,494.8,147.6,543.5,915.3,1220
2025-03-11,常滑,2,3連単,23.2,51.8,199.9,157.5,86.7,138.0,13.4,24.3,197.9,396.7,188.2,371.4,13.9,24.2,201.8,190.0,136.2,234.7,12.5,21.4,206.4,154.3,86.1,228.3,32.1,137.0,319.8,215.1,124.1,182.5,34.4,129.2,286.7,586.9,324.6,440.7,36.8,134.6,309.0,271.4,191.8,256.3,37.6,112.4,244.4,194.7,102.6,214.7,23.7,74.3,456.3,777.7,483.5,833.2,49.9,156.3,595.3,808.0,512.7,740.6,35.5,87.7,531.0,802.8,572.5,844.5,24.4,59.9,390.9,550.6,320.4,811.5,26.2,62.9,378.6,236.4,286.9,439.1,56.2,148.1,522.1,269.3,280.4,388.4,48.7,102.8,522.1,646.9,602.1,844.5,30.4,52.6,345.0,172.4,154.2,415.2,33.5,65.3,507.9,244.6,130.4,277.5,76.4,164.9,521.3,220.8,124.9,230.5,52.0,87.2,520.6,534.8,273.6,569.0,52.3,71.2,490.5,222.7,156.3,330.0
2025-03-11,常滑,3,3連単,13.6,77.4,156.5,91.3,81.2,666.5,12.0,70.0,146.1,145.3,104.5,907.1,10.1,58.2,116.8,51.2,84.4,706.5,34.7,127.6,260.9,86.1,87.2,586.3,18.4,237.6,327.6,217.7,189.9,1119,18.6,480.1,674.9,532.6,443.9,1675,13.3,320.4,475.4,240.4,338.6,1754,42.5,594.3,887.1,370.0,332.1,1138,15.8,223.9,350.2,497.5,294.6,1635,23.2,494.4,772.1,872.6,544.6,1877,12.5,291.0,379.0,526.8,610.0,2036,31.7,484.0,541.0,812.4,523.4,1188,17.0,188.6,278.3,62.7,108.7,908.8,23.8,351.9,483.5,128.4,208.8,1546,19.8,367.5,437.1,235.0,375.2,2107,27.5,359.6,430.4,78.7,138.9,745.8,104.1,544.6,990.9,184.6,199.4,632.4,132.4,1015,1304,364.4,326.9,957.5,102.3,1109,1423,610.8,395.2,898.6,79.7,603.2,857.1,171.9,260.9,707.6
2025-03-11,常滑,4,3連単,10.8,29.6,107.6,221.7,304.8,73.8,12.2,29.8,139.7,361.6,361.4,177.5,23.2,53.7,150.2,383.5,509.3,194.4,10.1,18.6,90.3,158.8,255.3,276.9,15.1,97.6,176.4,293.4,516.2,97.6,20.6,188.6,342.2,724.4,919.6,248.0,26.5,210.1,357.2,628.7,1143,178.6,16.8,96.3,195.4,227.0,502.3,348.3,27.0,113.1,388.3,702.6,836.9,339.7,36.0,264.0,513.4,909.3,1046,387.6,59.5,299.6,501.5,1007,1270,525.3,30.1,78.1,334.8,537.9,728.5,657.2,48.4,223.2,367.1,628.1,979.0,351.8,55.8,422.2,496.5,689.2,1221,267.0,81.4,456.2,606.5,1051,1411,626.9,49.4,200.6,326.9,402.7,707.1,607.6,22.9,46.6,229.9,245.6,426.4,495.4,35.9,99.6,260.4,225.0,507.4,524.5,40.0,75.8,407.0,508.5,667.3,684.1,61.2,160.1,391.6,381.7,704.1,613.9
2025-03-11,常滑,5,3連単,13.8,25.6,33.0,187.7,217.8,1857,21.5,42.9,25.6,140.1,187.8,2273,32.4,52.2,36.2,189.8,286.0,2611,85.4,135.1,107.6,357.2,400.8,3110,13.8,39.7,45.4,239.1,266.2,2590,12.9,24.2,26.2,129.4,156.7,1609,21.7,30.0,33.6,201.1,249.6,2204,69.4,111.3,112.1,367.9,356.8,2242,37.9,104.6,45.5,134.2,214.0,1895,29.2,58.8,37.2,106.4,146.8,1650,56.0,95.0,34.8,104.7,176.9,1383,132.9,217.0,81.7,213.9,276.5,1432,75.3,138.9,76.9,214.2,398.8,2902,65.9,82.1,56.0,190.6,301.0,2611,108.8,132.6,55.1,146.2,246.0,1786,209.3,254.0,108.6,229.7,350.5,1940,317.7,619.2,397.1,801.7,940.9,2826,299.2,405.8,340.4,744.7,688.7,2297,433.4,570.8,274.4,531.2,600.3,1806,470.1,562.9,285.4,526.0,664.8,1901
2025-03-11,常滑,6,3連単,9.6,13.2,86.1,382.0,846.3,86.3,17.9,25.2,192.4,689.0,1201,186.2,52.2,74.0,322.5,999.2,1915,324.9,8.9,10.6,104.0,453.0,966.1,569.2,20.2,25.3,79.6,399.9,875.2,80.9,49.5,34.3,92.8,340.5,904.8,82.8,120.4,92.4,202.9,761.9,1233,145.3,32.8,14.1,46.5,237.0,644.7,284.9,65.8,97.7,335.3,824.5,1560,289.3,114.6,82.5,196.2,439.4,1181,138.6,247.2,252.9,505.9,1076,1733,395.2,88.7,53.7,200.4,518.1,1303,734.0,166.5,276.0,720.0,1208,1915,574.8,302.1,281.9,521.9,946.2,1572,290.2,422.8,411.5,745.9,1353,2017,558.3,239.8,187.4,556.8,916.4,1320,1031,24.9,26.8,183.6,503.5,1379,1034,49.2,22.2,89.1,282.7,818.2,577.9,93.2,47.6,233.9,533.2,1275,947.6,191.0,146.8,459.5,861.1,1502,1106
2025-03-11,常滑,7,3連単,8.7,25.3,122.4,42.1,293.0,535.8,6.8,15.2,116.2,97.2,617.3,1262,24.9,54.6,234.1,76.5,317.8,713.1,21.0,41.3,209.1,61.3,415.2,1625,16.7,83.3,215.3,53.4,480.6,752.3,20.2,91.8,202.7,124.4,1131,1071,50.3,278.8,439.7,102.5,558.2,552.9,44.2,163.2,348.3,73.2,647.9,1652,12.9,33.2,231.8,267.8,1512,1981,25.9,75.6,243.7,244.8,1456,1463,38.8,103.4,511.1,429.1,1676,1215,29.5,61.6,284.6,258.2,1777,2801,66.0,217.8,845.3,104.5,317.1,733.6,107.8,462.5,942.9,116.2,370.5,507.2,77.1,248.5,1017,313.2,1017,967.7,126.7,376.1,1241,107.4,340.8,1058,84.7,169.7,820.6,125.1,983.9,2155,141.2,362.9,740.0,110.7,1009,2187,97.6,196.7,650.1,239.4,2171,2788,193.2,500.3,1414,165.5,872.9,1500
2025-03-11,常滑,8,3連単,13.4,67.6,51.9,415.0,338.3,378.4,26.6,120.7,29.2,255.2,187.1,200.2,24.7,105.4,21.5,269.8,405.0,470.0,25.8,109.1,20.9,249.9,203.3,311.0,12.6,158.0,156.5,869.3,851.8,887.5,11.5,399.4,391.5,1122,1231,1048,8.6,361.0,305.6,1224,1352,1676,8.9,367.1,263.2,968.7,1003,1229,44.8,500.7,103.6,376.4,325.3,284.2,27.8,838.3,347.0,897.5,952.7,810.5,37.7,988.3,140.5,451.6,774.9,611.6,33.8,838.3,112.2,374.9,323.0,381.6,55.0,545.0,86.4,518.3,839.4,856.4,25.2,862.2,328.4,1093,1467,1699,57.3,1168,185.8,621.2,1010,922.3,34.7,818.9,91.7,304.9,499.9,756.5,62.4,561.8,85.2,435.5,376.6,523.4,26.7,881.3,330.9,970.2,898.8,1366,65.3,1286,160.9,517.0,361.4,479.6,47.7,1124,120.7,390.1,517.9,707.6
2025-03-11,常滑,9,3連単,5.2,18.6,104.5,182.0,137.6,760.2,6.0,16.4,162.8,491.6,302.7,1777,8.6,21.7,184.1,378.4,396.2,1513,16.3,35.8,269.1,473.3,256.3,1352,12.7,83.1,196.1,246.8,220.5,1011,24.5,167.3,421.2,720.4,664.9,1805,31.4,221.8,483.5,555.3,588.8,1464,54.5,231.0,591.4,663.0,470.4,1619,18.5,69.6,524.6,1041,879.3,3177,40.5,204.8,645.2,1247,1095,2600,45.7,184.3,930.4,1709,1876,3583,65.8,197.3,1149,1860,1749,3871,25.6,113.8,642.1,669.5,877.1,2694,53.4,308.0,783.2,665.6,943.4,2179,73.2,279.7,1147,1355,1941,3680,82.6,273.9,1268,788.7,1104,2705,90.8,222.9,1341,1252,661.7,1886,191.0,502.3,1261,1126,726.6,1958,198.8,419.9,1810,1992,1655,3621,199.2,469.0,2079,1406,1323,2541
2025-03-11,常滑,10,3連単,26.7,178.5,157.9,47.0,76.2,544.9,50.2,247.7,144.4,38.3,51.2,509.1,20.8,153.6,57.8,22.9,44.8,481.3,54.7,279.4,128.8,51.1,56.7,323.3,24.5,335.8,373.3,81.3,210.1,1051,32.8,813.1,813.1,123.1,342.8,1305,11.6,491.9,428.5,87.6,358.1,1387,35.0,855.8,790.7,142.9,330.1,1068,64.7,450.2,307.1,79.5,112.3,904.2,50.1,875.8,735.3,149.4,293.0,1459,24.7,591.4,270.9,81.4,209.5,1305,72.3,892.6,603.5,158.5,206.9,998.5,18.6,267.9,100.1,28.1,60.5,542.2,12.4,446.3,270.2,78.3,194.3,1052,18.3,544.6,200.1,60.1,146.6,1001,18.2,609.5,199.7,47.5,86.1,356.7,92.6,701.0,464.1,106.6,118.2,380.4,78.0,1173,895.1,188.5,261.1,1019,116.6,1261,844.0,182.8,233.3,832.5,48.2,921.2,454.4,96.6,130.9,373.3
2025-03-11,常滑,11,3連単,6.3,52.4,71.1,225.6,192.9,89.8,11.1,80.6,77.9,251.3,189.2,106.3,15.3,93.3,98.1,264.2,335.1,200.0,20.1,112.5,114.4,324.5,191.7,148.5,7.9,147.6,169.9,500.8,469.2,174.4,10.1,450.3,489.2,1008,989.4,266.1,13.2,511.4,525.9,1192,1276,445.1,17.9,615.1,659.1,1204,794.8,391.3,24.5,356.0,311.5,561.4,545.9,238.7,25.1,724.3,597.8,1170,1226,386.2,40.7,969.0,686.8,1362,1671,676.9,46.9,1039,819.4,1543,1127,545.5,31.4,404.6,335.4,406.3,633.5,546.9,29.3,811.5,639.7,775.9,1127,882.4,59.4,1166,777.4,942.2,1318,1066,42.2,924.7,639.7,583.4,795.6,1014,40.7,416.7,419.8,627.9,288.5,294.5,41.5,849.7,973.5,1177,515.4,500.2,68.9,1278,1199,1554,716.3,587.4,58.6,953.8,1051,938.0,793.3,766.8
2025-03-11,常滑,12,3連単,15.4,107.9,139.7,96.5,165.6,1174,8.7,77.3,58.1,86.0,167.7,1567,16.9,121.9,112.7,52.3,95.0,1019,46.0,220.5,230.0,143.5,194.5,1246,19.2,297.3,357.0,295.0,439.7,2025,9.0,371.8,410.7,519.3,794.0,3235,18.7,656.9,717.5,405.6,514.3,3192,44.5,1080,1171,804.0,925.4,3579,10.5,227.2,129.2,173.8,452.5,2538,9.2,411.1,342.9,465.9,992.8,3710,8.9,338.1,184.3,242.0,416.8,2548,23.8,747.5,392.2,452.8,943.4,3611,32.6,450.8,343.8,83.1,139.6,1405,33.0,953.1,759.2,223.5,362.2,3159,20.1,500.9,298.1,209.7,328.9,2466,52.0,1168,825.3,165.8,279.6,973.7,154.0,1139,1087,510.6,504.0,1501,152.7,2246,2186,1064,962.1,2672,94.3,1800,1052,806.7,1012,2828,142.6,2025,1533,425.8,456.1,933.3
2025-03-11,多摩川,1,3連単,31.2,101.6,36.3,97.1,673.6,922.4,50.7,166.0,10.0,25.4,257.8,390.6,111.5,325.8,20.1,63.4,372.4,573.7,173.7,403.7,32.3,58.6,495.5,1394,17.4,126.2,89.6,209.6,1090,1688,6.0,208.5,153.1,379.4,1120,1557,13.0,299.0,220.4,618.1,1557,2498,25.5,449.1,287.5,599.5,1965,3240,33.8,344.5,19.4,34.8,245.7,407.8,10.5,367.8,97.5,179.5,1164,1620,33.4,651.7,36.4,88.2,444.1,420.7,35.6,881.7,55.9,95.8,810.2,1223,185.3,677.4,74.5,99.4,379.4,658.8,61.4,763.7,311.4,399.7,1042,2351,89.9,1275,92.4,133.6,429.8,641.2,188.2,1713,187.0,177.3,681.3,1688,370.1,1061,143.6,153.3,1051,1713,133.6,1236,499.6,627.8,2447,3526,165.8,1903,187.3,232.3,1100,1410,314.7,1816,288.9,311.4,1332,1763
2025-03-11,多摩川,2,3連単,56.2,195.5,319.4,160.1,106.3,200.7,46.6,151.3,168.0,194.5,86.9,153.3,36.0,132.6,111.2,73.5,59.2,97.2,40.3,150.2,111.1,61.3,29.7,61.6,60.5,424.4,539.0,343.7,271.8,500.6,32.0,598.5,765.0,713.2,571.4,903.4,21.7,554.7,640.9,309.0,307.5,500.6,22.7,702.7,596.6,296.9,178.8,388.7,47.4,328.8,292.7,453.9,212.2,383.2,34.8,568.0,616.0,803.9,551.5,930.0,17.9,356.6,262.0,348.1,304.5,481.5,17.3,324.8,245.1,296.9,130.4,300.6,39.7,272.2,197.0,92.4,91.4,153.3,27.3,697.5,569.7,205.3,234.5,418.8,22.0,444.3,264.6,272.9,284.4,466.1,12.7,269.1,136.2,38.3,48.4,83.1,55.7,332.8,224.5,79.6,41.0,78.7,37.7,622.0,598.5,177.8,120.8,305.0,26.9,443.2,279.8,248.0,110.7,239.2,16.8,343.0,173.2,47.8,42.7,72.4
2025-03-11,多摩川,3,3連単,15.3,51.4,41.1,68.3,1517,96.2,26.6,66.6,26.0,40.4,1343,65.3,234.7,502.6,163.6,216.4,2184,85.3,27.0,69.3,24.3,33.8,1638,703.2,13.2,72.5,67.6,106.5,2128,165.1,12.0,105.1,91.6,131.8,3641,190.9,140.7,769.3,671.5,583.1,2731,250.1,13.3,117.4,93.6,96.5,3277,1178,32.1,114.8,42.8,57.5,2520,86.2,20.0,143.7,84.9,119.3,3810,193.9,235.4,920.5,419.0,523.5,2686,116.7,24.6,155.9,41.8,56.6,2074,880.9,623.0,1590,655.4,325.1,2128,99.5,712.4,2048,1250,542.5,2244,184.9,685.6,1781,823.4,668.8,3034,137.5,682.7,1622,920.5,319.4,1689,741.4,42.7,128.9,53.7,39.3,2520,1300,28.0,154.4,99.1,70.6,2445,1489,38.1,180.6,60.9,52.6,2642,1388,318.1,1232,459.0,216.4,1761,1280
2025-03-11,多摩川,4,3連単,63.3,280.5,113.2,78.6,1230,233.2,61.6,220.6,30.7,32.3,1166,99.8,232.0,701.4,114.1,93.8,1282,48.9,83.7,293.9,29.7,14.5,911.5,421.5,48.4,358.4,260.2,179.7,1890,456.9,14.6,425.5,274.1,244.3,1995,594.6,108.6,1038,579.3,407.2,2064,460.4,18.3,485.3,241.6,91.8,1832,1136,44.5,318.9,33.4,45.3,1340,140.1,16.0,458.1,134.9,153.8,1795,454.6,91.9,1158,104.2,141.6,1213,83.3,9.9,331.3,21.7,23.3,975.9,542.5,477.6,1310,307.5,158.2,1129,46.8,331.9,1726,712.6,367.9,1460,211.5,324.1,1496,303.3,243.0,1095,63.4,285.0,1340,202.4,74.5,525.0,204.7,88.1,480.1,53.9,16.5,1230,839.1,34.2,650.6,200.4,54.4,1548,1230,20.7,489.3,39.6,23.5,1108,847.0,165.0,1264,163.4,40.7,630.1,480.1
2025-03-11,多摩川,5,3連単,19.8,17.0,66.4,239.3,128.8,1097,26.5,21.6,110.1,378.1,249.2,2011,20.7,15.9,88.6,258.1,214.5,2454,83.4,57.2,237.0,640.8,372.3,2298,46.0,25.3,58.0,202.8,86.3,1281,103.3,22.0,45.5,194.1,63.2,1140,83.8,13.9,28.2,100.4,63.4,1196,244.6,73.1,130.4,315.5,127.4,928.3,87.4,45.2,141.2,378.1,273.2,2374,152.4,34.6,74.8,251.8,106.8,1609,132.1,22.1,78.4,286.2,262.8,2194,314.1,89.1,206.3,455.4,386.2,1788,75.6,22.8,109.8,272.7,233.5,3081,132.7,17.0,47.0,123.3,114.3,1366,158.6,18.8,81.8,286.7,321.1,2633,345.6,55.1,158.4,325.4,321.8,2098,409.1,220.4,613.6,1196,809.0,2413,492.6,227.7,419.7,649.4,373.2,899.5,703.0,219.7,519.0,1114,686.3,1508,766.2,150.2,434.9,837.1,692.9,2068
2025-03-11,多摩川,6,3連単,15.7,15.9,35.0,377.9,1171,49.9,44.0,47.1,101.9,583.9,1071,74.1,87.9,115.1,186.9,927.7,1373,199.9,18.5,16.8,44.9,438.2,911.9,281.6,19.9,21.7,32.1,367.5,1457,39.8,63.1,43.9,57.4,343.9,1055,32.0,109.5,82.9,114.2,746.6,1356,104.9,28.8,13.9,25.0,227.4,779.2,200.0,137.4,115.0,209.4,472.0,1217,83.7,158.2,99.6,142.0,378.6,1020,49.7,383.3,260.3,454.0,1093,1373,171.0,135.9,68.0,155.1,425.2,1010,300.1,403.5,404.3,489.2,1133,1831,313.3,424.3,313.7,389.6,978.5,1457,230.1,550.9,520.1,716.7,1183,1800,352.4,299.3,214.0,293.1,538.4,793.7,505.4,29.8,22.1,62.8,454.0,1121,603.6,40.8,17.9,39.2,253.9,837.1,538.4,113.4,50.5,122.7,440.0,1127,593.6,165.6,101.3,190.4,553.7,787.8,588.7
2025-03-11,多摩川,7,3連単,5.8,17.8,27.2,94.2,677.1,119.1,14.9,40.3,46.3,102.7,537.3,125.5,64.9,157.6,148.5,189.0,604.1,165.8,23.8,54.0,55.7,196.8,586.3,292.7,8.0,32.3,40.6,124.6,854.3,177.0,15.8,56.5,67.0,131.9,1393,195.7,70.5,218.9,231.6,244.9,1115,244.3,21.0,68.9,86.6,217.1,857.6,459.4,31.8,106.2,94.1,160.2,748.9,207.5,34.5,93.5,106.3,161.7,896.3,241.3,125.8,345.5,318.3,352.7,798.2,321.6,84.8,184.8,178.1,274.4,841.1,609.2,222.0,670.8,475.4,267.3,731.4,266.7,204.7,703.2,597.5,297.1,707.7,296.3,256.0,741.3,586.3,354.4,837.9,322.5,290.4,834.7,621.3,380.3,786.7,324.0,50.6,113.7,111.4,308.9,1163,546.7,41.6,139.8,139.1,305.0,1669,743.9,71.9,200.8,174.5,351.0,1518,778.3,138.5,532.1,393.3,420.5,1003,450.9
2025-03-11,多摩川,8,3連単,13.5,113.4,62.6,279.1,43.1,1654,26.4,194.2,50.0,174.2,25.3,1462,16.2,138.0,27.5,119.8,57.4,1937,118.5,521.1,131.7,480.2,80.3,1511,11.4,194.4,161.1,484.3,129.0,2024,11.9,525.9,426.1,878.6,192.1,2244,7.3,355.3,234.9,657.0,359.2,3778,49.5,1232,917.7,1156,425.3,3842,35.7,437.6,115.1,254.4,48.0,2079,21.9,674.6,303.0,704.0,151.2,3383,20.6,647.7,123.4,294.4,126.3,3238,114.3,1425,498.2,821.3,199.2,2636,17.5,237.6,46.5,143.3,116.4,3192,10.2,395.6,152.7,423.7,355.3,3383,20.4,642.1,107.0,267.6,181.6,3333,59.6,1111,220.7,387.5,286.2,1937,250.4,1357,697.5,1238,328.0,1757,194.5,2200,1295,2024,695.3,3434,261.7,2547,1127,1757,415.1,1937,199.3,2518,635.0,1030,559.7,1873
2025-03-11,多摩川,9,3連単,34.1,183.9,61.5,117.0,142.9,1494,46.4,317.9,19.0,38.1,47.9,2064,54.0,321.9,16.1,43.7,83.2,2654,304.5,844.5,233.9,285.2,408.9,2281,21.1,240.8,170.2,275.5,304.5,2097,7.5,472.9,224.2,291.6,296.2,2890,7.2,335.1,199.1,237.7,427.8,4335,149.6,1313,774.1,1000,1121,3715,34.0,607.7,30.3,48.5,58.1,3172,13.9,583.2,122.5,180.8,164.8,4484,18.0,726.5,27.7,46.5,89.1,2242,207.7,1512,292.2,336.9,371.5,1912,52.4,548.7,29.6,51.2,98.9,3422,18.4,496.3,91.2,132.0,235.6,4195,27.0,884.7,36.3,52.5,99.6,2767,240.3,2097,284.5,206.1,425.0,2767,528.6,1477,935.6,1161,1215,2827,390.5,2032,1461,1970,2204,4064,553.4,3515,793.0,1238,1111,1734,537.4,4195,718.5,1074,1494,2955
2025-03-11,多摩川,10,3連単,5.6,52.9,115.9,220.7,92.5,1029,7.9,69.7,138.9,296.1,126.1,1939,6.9,58.9,127.6,247.5,187.6,2139,32.2,125.1,337.5,479.0,154.2,1783,8.6,187.0,296.9,409.0,182.9,1495,12.8,430.5,757.6,887.0,488.9,3268,12.9,389.2,484.9,887.0,710.3,3879,49.3,832.6,1180,1120,555.9,3362,20.7,285.4,317.2,460.8,405.8,2870,24.1,550.7,726.4,711.7,636.1,3602,29.3,625.9,530.8,844.6,869.5,4058,64.9,891.5,1060,1204,1044,4526,15.5,211.1,323.3,380.8,449.7,3152,25.1,430.5,553.3,607.6,744.8,3330,35.6,697.7,554.2,809.7,921.7,4413,51.0,946.5,972.5,764.1,880.4,4153,97.6,611.8,1169,1131,382.4,2139,160.6,1918,1983,1217,752.7,2966,166.3,1819,2165,1597,1172,3530,119.8,1597,2165,1495,1217,3966
2025-03-11,多摩川,11,3連単,8.4,35.2,108.3,42.8,265.5,792.3,4.5,17.9,124.2,155.0,643.9,1215,12.5,38.2,186.3,64.9,321.7,1085,27.0,64.6,279.9,106.3,513.2,1844,20.7,157.3,219.2,67.8,407.6,1124,24.3,226.0,336.4,295.1,1076,3082,44.8,351.8,632.8,127.2,460.3,1830,64.8,515.9,910.1,184.1,768.1,3318,8.8,49.7,307.8,393.2,1521,1619,26.4,173.9,418.3,573.5,1942,3250,19.1,112.0,604.8,766.9,1999,3272,34.2,143.8,809.8,835.3,2297,3462,35.8,179.4,771.9,102.5,325.7,1452,78.5,523.9,1090,135.9,356.0,1756,49.4,236.4,1036,428.5,1165,3206,116.8,437.1,1582,166.9,480.6,1990,136.5,362.5,825.2,285.7,1151,3295,196.6,1228,1881,348.7,1422,3487,158.9,571.5,1837,805.7,2475,4638,242.5,878.3,2050,375.9,1140,2514
2025-03-11,多摩川,12,3連単,6.3,55.8,54.9,613.0,98.8,1110,15.3,110.9,81.8,723.3,76.8,1150,8.9,62.8,34.9,676.4,253.0,2191,34.8,164.2,108.1,900.6,165.9,1193,6.6,155.8,158.9,949.2,240.3,2239,13.7,586.9,512.7,1742,442.1,3039,6.3,302.5,260.2,1891,1029,4559,25.3,776.1,648.0,2479,735.8,3647,57.9,532.5,400.5,1052,169.8,1949,58.0,1035,723.3,1631,439.4,3252,66.3,1257,513.7,1387,731.6,4085,97.6,1631,961.7,2075,523.7,2455,16.1,234.6,100.6,985.8,650.5,3727,13.2,384.5,245.6,1600,1329,4519,45.6,931.9,376.0,1326,1155,4327,36.4,838.5,328.2,1224,1031,4053,142.2,1040,626.6,2101,531.4,1524,122.0,2397,1454,3596,925.1,2386,199.0,3004,1642,3811,908.6,2220,119.3,2220,874.4,2503,1270,3546
2025-03-11,江戸川,1,3連単,15.1,36.9,50.4,25.5,640.8,244.1,6.2,16.2,44.0,65.3,689.6,375.9,59.9,138.2,137.2,153.0,871.4,228.1,19.4,43.8,76.8,51.0,853.5,836.4,20.1,86.3,83.0,35.3,794.9,340.3,19.5,116.8,105.7,117.0,1113,871.4,59.9,380.7,285.3,252.1,1138,459.7,37.4,192.3,173.9,83.0,1343,1397,9.8,30.2,68.1,108.8,996.5,558.3,21.6,93.1,97.1,163.7,1477,1001,71.5,298.8,219.2,382.1,1343,933.9,24.4,77.2,117.9,203.9,1602,1565,183.5,461.8,430.3,362.8,1301,318.9,192.3,743.8,601.9,550.9,1477,460.7,209.1,735.9,515.5,657.0,1190,823.2,252.7,762.9,556.8,401.3,1225,1262,52.7,144.6,179.5,108.7,1509,1554,92.1,302.7,333.2,141.2,1910,1946,55.5,178.3,250.6,305.3,1542,1679,280.3,777.1,608.9,383.5,1426,1487
2025-03-11,江戸川,2,3連単,19.5,45.2,142.9,22.5,87.2,809.7,10.4,17.9,120.0,69.2,189.1,1668,18.9,36.7,223.4,34.9,85.5,987.4,78.2,96.0,427.2,78.6,186.9,1224,33.7,98.7,170.6,28.2,111.9,1217,31.3,104.2,195.8,93.6,268.4,1573,54.1,165.6,355.1,44.6,98.8,823.5,181.7,280.4,439.8,82.6,206.5,1668,12.7,27.4,176.5,159.5,357.0,1775,30.5,71.5,197.8,168.1,430.0,1640,21.0,48.0,301.4,247.1,380.9,1548,75.4,93.9,372.1,323.6,856.3,2360,32.6,79.1,344.9,39.1,83.0,879.7,64.1,156.5,480.2,44.7,88.2,803.0,35.5,81.0,404.8,146.1,247.8,1586,141.2,202.8,744.3,60.7,143.4,809.7,222.4,362.4,977.4,147.6,361.7,972.5,393.3,514.7,900.1,150.7,324.1,1455,260.1,322.5,908.6,390.1,803.0,1759,324.1,412.6,982.4,127.2,324.7,799.7
2025-03-11,江戸川,3,3連単,20.4,49.1,22.9,34.3,922.8,390.3,20.0,35.9,16.4,36.3,775.6,234.9,180.6,249.5,109.0,181.4,769.0,316.8,76.7,118.1,34.2,68.6,972.7,918.1,13.8,68.6,56.8,49.4,1052,465.0,12.4,45.9,41.2,57.1,1199,443.2,97.0,260.8,196.0,242.8,942.2,344.7,30.0,120.9,87.8,94.9,1333,1512,20.2,48.9,22.7,41.7,918.1,282.5,19.6,49.7,29.4,48.4,942.2,418.5,119.8,242.2,83.8,168.0,922.8,251.6,51.0,87.6,33.9,63.3,1090,1011,344.7,529.2,272.2,279.8,647.3,337.0,314.6,567.7,351.4,361.3,840.9,334.5,383.7,463.8,224.6,374.1,840.9,280.7,478.6,700.2,250.9,281.1,684.2,947.1,156.7,290.7,101.5,123.6,988.7,1258,92.9,265.4,140.8,146.6,1417,1666,141.0,209.2,77.2,124.1,1117,1224,487.6,633.6,234.9,305.0,890.8,1153
2025-03-11,江戸川,4,3連単,16.5,42.3,50.2,26.2,445.6,110.4,11.1,26.6,24.7,42.2,599.0,211.7,83.8,175.1,112.8,85.8,419.5,130.7,38.7,76.2,72.0,48.9,462.4,309.9,21.2,83.2,76.9,36.6,599.0,157.5,16.0,79.5,79.0,73.3,828.5,295.3,80.0,321.1,258.0,165.4,649.3,182.1,52.2,196.3,162.3,84.6,733.5,466.8,12.1,45.7,40.5,59.5,1035,399.1,19.4,77.5,64.7,76.4,1195,453.9,53.3,242.8,118.3,172.9,899.5,356.0,27.7,108.4,68.5,103.8,1257,850.1,146.2,453.9,277.4,135.9,481.4,199.2,190.7,703.6,442.3,178.5,606.4,208.4,120.0,476.7,254.4,244.7,899.5,330.4,195.1,513.3,398.5,157.2,479.0,457.4,73.1,186.9,196.3,91.5,679.3,563.4,114.9,307.0,254.6,117.6,821.6,708.7,70.1,196.0,164.6,172.9,1085,936.7,190.5,585.9,442.3,192.7,712.1,614.0
2025-03-11,江戸川,5,3連単,7.7,8.1,23.7,149.8,484.2,681.2,17.4,17.2,47.1,247.5,554.1,1060,44.8,45.3,73.7,331.4,924.3,1475,56.4,45.3,88.5,373.7,898.2,1455,14.1,11.9,22.0,135.9,498.3,732.7,34.6,18.7,30.7,133.5,531.6,625.7,55.0,47.0,55.6,272.6,716.2,981.3,80.5,43.0,57.9,289.3,990.0,1217,50.6,37.5,78.2,281.9,723.2,1465,73.2,35.9,59.1,165.0,536.7,847.0,175.6,114.4,174.8,434.2,1055,1740,177.0,94.3,151.1,487.4,1265,1988,148.1,150.0,218.3,595.6,1031,1856,165.6,152.4,170.3,500.5,905.5,1401,281.2,234.9,327.5,707.1,1113,2081,275.3,244.2,325.2,620.5,1184,1782,175.5,157.0,310.6,834.3,1475,2062,235.9,157.5,204.5,691.8,1475,1811,358.1,248.0,378.8,990.0,1546,1903,343.7,314.6,490.6,928.1,1515,1841
2025-03-11,江戸川,6,3連単,19.0,40.0,54.3,210.0,16.5,1306,37.0,69.2,88.0,268.3,24.5,1992,11.4,22.4,33.5,115.5,51.4,2530,234.4,337.7,470.2,777.6,105.7,1532,25.5,72.1,74.5,275.8,25.3,1751,43.9,148.1,152.7,429.7,42.6,1255,16.2,56.0,65.3,236.1,78.3,2245,281.1,415.1,422.8,1062,175.9,2125,65.5,150.5,148.5,345.0,40.5,2530,66.9,233.0,205.7,481.6,54.8,2310,42.8,135.4,104.6,229.0,100.4,2491,421.7,817.5,741.5,1099,238.3,2657,11.7,32.8,38.0,111.4,81.8,2846,15.0,54.5,55.9,169.2,131.2,1992,31.5,94.7,74.8,190.0,157.3,2748,119.2,358.2,311.9,664.2,414.0,2613,529.6,843.5,1476,1122,246.7,1476,805.1,1245,1265,1339,341.3,1811,932.3,1449,1216,1386,404.6,1992,468.8,1015,1099,1351,515.9,1968
2025-03-11,江戸川,7,3連単,25.0,84.6,61.8,299.6,67.5,565.3,72.0,221.0,49.2,174.7,31.8,434.1,22.1,68.9,17.3,105.6,93.9,868.2,51.9,138.6,43.6,206.2,42.4,247.3,26.0,179.3,115.3,415.0,114.6,886.3,31.2,472.7,331.7,578.8,184.7,1533,11.3,186.4,113.6,401.3,353.0,1719,29.4,436.3,239.6,573.0,153.0,859.5,77.9,418.1,85.0,171.2,37.6,497.6,47.5,616.6,236.3,450.2,146.7,1350,42.1,538.5,67.0,139.0,104.1,900.4,90.5,787.8,135.9,276.2,66.0,329.1,27.5,139.3,22.4,91.0,125.1,1454,15.1,217.6,83.3,254.0,285.5,1849,43.6,452.6,53.0,124.4,156.7,1299,26.3,249.9,35.6,101.5,125.5,672.6,119.0,443.1,126.7,389.4,73.2,221.8,80.5,914.9,372.3,678.0,175.8,509.5,190.1,1090,255.5,494.7,85.5,260.6,59.9,451.4,99.4,198.3,162.6,422.2
2025-03-11,江戸川,8,3連単,52.4,256.5,122.7,129.0,77.1,1556,61.6,348.8,56.2,68.0,30.3,1744,39.5,203.0,32.8,22.6,22.7,1544,359.8,1005,372.2,222.0,131.0,1441,38.7,315.2,234.5,317.1,203.2,2703,18.7,466.1,325.7,416.7,262.4,2376,10.5,334.8,193.8,166.6,239.5,3003,178.8,1181,932.2,838.3,616.2,1984,47.1,502.9,72.2,101.4,50.3,2637,20.7,526.2,223.8,290.7,180.2,2670,10.7,248.3,51.9,71.8,65.6,2350,174.4,1243,384.1,464.1,302.4,1848,28.8,345.5,42.6,18.3,23.9,1832,12.3,346.0,142.4,67.6,80.4,2514,11.6,260.2,50.2,42.0,50.1,2162,99.6,1114,260.9,69.5,93.7,1279,560.3,1966,1138,543.4,405.0,1377,510.1,1676,1150,916.4,651.4,1676,455.3,2040,1025,868.6,534.0,1295,356.3,1272,704.5,446.8,392.5,1120
2025-03-11,江戸川,9,3連単,6.9,24.5,34.3,447.6,89.1,208.3,62.2,131.5,133.7,470.9,104.3,209.4,11.7,27.1,38.1,464.4,400.2,651.5,20.5,45.2,44.5,518.9,120.5,248.9,9.1,46.0,56.4,647.9,141.2,296.5,57.7,225.0,230.8,1096,278.8,377.0,13.7,63.4,78.7,1090,1061,1122,21.8,90.0,94.3,1190,325.7,562.4,148.6,330.3,246.1,673.9,141.6,251.3,121.0,409.3,384.5,1090,272.7,332.6,150.9,492.7,371.1,934.4,708.6,735.2,177.0,520.0,324.4,981.3,255.2,357.5,23.9,63.8,65.9,495.8,546.7,875.1,25.1,88.8,99.6,717.2,930.7,1234,137.4,428.0,298.0,672.0,784.4,878.4,36.7,136.9,90.6,627.1,754.1,814.3,51.8,136.8,81.4,647.9,183.8,372.8,60.5,189.1,126.7,941.9,284.9,503.3,220.4,717.2,287.0,865.4,297.2,401.6,77.6,235.9,111.7,825.8,831.7,989.6
2025-03-11,江戸川,10,3連単,9.7,38.3,70.9,58.6,376.9,460.6,9.0,57.1,80.2,62.5,533.4,539.8,19.5,68.0,98.3,70.6,332.4,473.5,26.3,94.3,135.7,73.6,421.7,721.7,10.9,104.2,149.2,115.5,546.4,813.0,10.2,207.0,310.9,275.4,1297,1587,21.4,388.9,476.9,257.0,1163,1533,27.9,357.0,454.4,247.6,1153,1928,13.2,125.8,131.1,133.2,843.5,1062,14.2,231.1,233.9,285.9,1106,1874,21.0,331.6,344.2,316.8,1363,1391,23.9,344.2,332.4,322.1,1626,2646,47.8,319.0,402.8,113.9,374.9,599.8,61.3,621.9,627.7,248.5,833.1,1143,57.8,597.1,571.8,335.7,1143,1297,58.8,725.6,586.8,202.0,685.0,671.4,60.2,279.4,443.9,175.0,943.8,1205,73.4,567.0,699.2,334.0,1405,1928,65.3,475.2,557.7,386.7,1666,1956,81.2,798.6,854.2,360.8,1097,1405
2025-03-11,江戸川,11,3連単,12.9,50.8,30.8,51.9,291.5,欠場,18.6,73.9,14.1,24.6,199.7,欠場,31.2,159.6,29.0,46.3,180.2,欠場,欠場,欠場,欠場,欠場,欠場,欠場,10.0,96.0,70.4,129.5,503.7,欠場,5.5,177.1,125.7,209.7,583.1,欠場,13.9,340.7,205.7,283.4,689.2,欠場,欠場,欠場,欠場,欠場,欠場,欠場,19.4,172.1,24.7,40.1,292.1,欠場,8.6,225.9,86.5,141.8,533.8,欠場,20.5,395.8,50.8,88.0,266.4,欠場,欠場,欠場,欠場,欠場,欠場,欠場,66.3,364.4,78.8,70.9,200.0,欠場,48.3,574.3,207.7,187.1,473.8,欠場,55.0,547.3,103.6,104.2,261.4,欠場,欠場,欠場,欠場,欠場,欠場,欠場,欠場,欠場,欠場,欠場,欠場,欠場,欠場,欠場,欠場,欠場,欠場,欠場,欠場,欠場,欠場,欠場,欠場,欠場,欠場,欠場,欠場,欠場,欠場,欠場
2025-03-11,江戸川,12,3連単,8.9,22.5,41.7,96.4,217.7,1102,14.3,32.1,32.2,72.4,206.9,1296,19.6,49.9,54.4,115.4,276.7,1583,55.4,121.5,157.5,227.6,387.2,1690,12.5,38.1,57.4,121.9,312.3,1525,12.0,34.8,44.3,135.0,344.6,1799,19.7,59.3,78.1,178.8,416.9,2017,68.7,140.3,175.4,345.0,641.5,1895,27.5,64.0,61.4,103.3,319.9,1624,18.9,52.1,73.6,138.8,426.2,2175,40.7,86.2,86.7,135.6,410.8,1614,88.7,184.5,223.7,326.6,706.7,2295,53.0,138.2,135.6,184.5,364.7,1635,49.3,139.6,163.5,239.4,432.8,1939,77.2,172.1,154.1,181.1,362.0,1645,133.2,311.5,284.3,349.4,721.0,2233,188.6,451.6,460.7,508.5,1025,1939,234.4,458.2,545.0,672.5,1263,2360,277.9,587.2,580.4,630.2,1238,2338,267.8,597.1,572.5,646.4,1180,2405
