日付,レース場,レース番号,レース種別,艇番,登録番号,選手名,年齢,支部,体重,級別,全国勝率,全国2連対率,当地勝率,当地2連対率,モーター番号,モーター2連対率,ボート番号,ボート2連対率,天候,風向,風速(m),波高(cm),展示タイム,着順,決まり手,進入,スタートタイミング,レースタイム,平均ST,全体平均ST,1着率,2-3着率,逃し率
2023-11-20,大村,1,予選,1,4747,山戸信二,38,長崎,51,B1,3.97,17.58,4.32,21.48,64,30.0,24,20.39,晴,西,3,2,6.91,6,差し,1,0.2,.  .,0.1688888888888889,0.15524752475247525,0.23684210526315788,0.4473684210526316,0.0
2023-11-20,大村,1,予選,2,4619,伏田裕隆,40,東京,52,B1,4.73,32.69,6.2,40.0,53,25.81,61,28.3,晴,西,3,2,6.83,4,差し,2,0.14,1.53.0,0.1865,0.1980701754385965,0.058823529411764705,0.29411764705882354,0.5588235294117647
2023-11-20,大村,1,予選,3,4924,中北　涼,31,長崎,47,B1,3.62,13.51,4.06,20.34,54,31.43,15,32.69,晴,西,3,2,6.86,2,差し,3,0.03,1.51.4,0.15142857142857144,0.1671774193548387,0.175,0.25,0.0
2023-11-20,大村,1,予選,4,3357,福島陽子,55,岡山,49,B1,4.24,20.2,5.5,12.5,31,21.0,16,34.48,晴,西,3,2,6.88,1,差し,4,0.08,1.49.4,0.1788888888888889,0.20451923076923076,0.0,0.2857142857142857,0.0
2023-11-20,大村,1,予選,5,3660,長谷川親,54,香川,58,B1,3.57,12.75,4.38,25.0,33,33.33,58,35.19,晴,西,3,2,6.93,5,差し,5,0.06,.  .,0.1915,0.17246376811594205,0.058823529411764705,0.20588235294117646,0.0
2023-11-20,大村,1,予選,6,4834,浜本裕己,36,大阪,51,B1,4.94,31.25,0.0,0.0,68,18.28,26,26.04,晴,西,3,2,6.9,3,差し,6,0.07,1.51.6,0.16896551724137931,0.15938775510204084,0.0,0.22580645161290322,0.0
2023-11-20,大村,2,予選,1,5129,山口真喜,26,長崎,47,B2,4.59,28.81,4.24,19.27,35,25.0,12,43.43,晴,北西,2,1,6.87,6,抜き,1,0.27,.  .,0.20750000000000002,0.21988505747126436,0.04,0.52,0.0
2023-11-20,大村,2,予選,2,3286,坂東　満,55,静岡,53,B1,3.81,17.89,0.0,0.0,58,21.43,40,42.99,晴,北西,2,1,6.86,2,抜き,2,0.19,1.50.7,0.1610344827586207,0.1658682634730539,0.14285714285714285,0.32142857142857145,0.6071428571428571
2023-11-20,大村,2,予選,3,5055,眞鳥章太,27,長崎,53,B1,4.48,19.32,4.56,25.34,46,21.98,32,30.19,晴,北西,2,1,6.89,5,抜き,3,0.17,.  .,0.1726315789473684,0.16039130434782609,0.0,0.1724137931034483,0.0
2023-11-20,大村,2,予選,4,4632,長尾京志,34,福岡,52,B1,5.2,30.43,4.88,25.0,45,38.18,25,35.51,晴,北西,2,1,6.91,1,抜き,4,0.17,1.48.2,0.14657142857142857,0.17324873096446702,0.0,0.3333333333333333,0.0
2023-11-20,大村,2,予選,5,4550,石岡将太,35,群馬,57,B1,4.38,19.12,6.0,33.33,15,35.58,66,18.18,晴,北西,2,1,6.89,3,抜き,5,0.2,1.51.3,0.15642857142857142,0.1522159090909091,0.0,0.23076923076923078,0.0
2023-11-20,大村,2,予選,6,3584,佐々木英,50,広島,54,B1,4.64,30.68,5.1,30.0,72,22.58,44,27.08,晴,北西,2,1,6.91,4,抜き,6,0.22,1.53.3,0.1915625,0.17444976076555024,0.0,0.1,0.0
2023-11-20,大村,3,予選,1,3889,須藤隆雄,48,群馬,56,B1,4.18,23.71,0.0,0.0,12,34.95,76,19.54,晴,北,3,2,6.91,1,逃げ,1,0.09,1.49.3,0.15571428571428572,0.16449197860962567,0.25,0.375,0.0
2023-11-20,大村,3,予選,2,4817,渡邉　翼,32,山口,49,A2,5.46,34.78,4.65,20.59,60,28.44,23,37.14,晴,北,3,2,6.89,2,逃げ,3,0.09,1.50.2,0.14970588235294116,0.14082251082251082,0.0,0.2727272727272727,0.45454545454545453
2023-11-20,大村,3,予選,3,5208,屋良龍紀,26,長崎,52,B1,2.46,4.82,2.11,3.57,75,43.81,19,29.63,晴,北,3,2,6.88,3,逃げ,4,0.11,1.51.5,0.13999999999999999,0.17858757062146893,0.16666666666666666,0.0,0.0
2023-11-20,大村,3,予選,4,4317,木村紗友,39,静岡,46,B1,4.69,26.67,4.8,30.0,73,30.1,28,33.64,晴,北,3,2,6.86,6,逃げ,5,0.14,.  .,0.16393939393939394,0.16093023255813954,0.3333333333333333,0.3333333333333333,0.0
2023-11-20,大村,3,予選,5,3473,石川真二,53,福岡,53,A2,6.95,55.97,6.95,56.14,16,31.13,69,36.45,晴,北,3,2,6.9,5,逃げ,2,0.08,.  .,0.16282051282051282,0.15732793522267205,0.14285714285714285,0.2857142857142857,0.0
2023-11-20,大村,3,予選,6,4919,吉田翔悟,32,長崎,52,B1,5.83,40.0,5.28,31.92,28,33.01,68,27.88,晴,北,3,2,6.8,4,逃げ,6,0.13,1.52.1,0.18153846153846154,0.16258823529411764,0.0,0.2857142857142857,0.0
2023-11-20,大村,4,予選,1,4303,牧原　崇,40,愛知,52,B1,4.86,29.29,5.7,40.0,14,34.86,50,37.25,晴,北西,2,1,6.81,1,逃げ,1,0.19,1.48.7,0.17225806451612902,0.18757425742574257,0.43478260869565216,0.45652173913043476,0.0
2023-11-20,大村,4,予選,2,4052,興津　藍,42,徳島,51,A1,6.37,48.7,5.76,42.42,40,45.45,62,38.89,晴,北西,2,1,6.81,2,逃げ,2,0.21,1.49.5,0.14452380952380953,0.16299270072992703,0.025,0.575,0.425
2023-11-20,大村,4,予選,3,3304,烏野賢太,55,徳島,51,A2,5.85,42.11,5.89,39.62,52,34.86,54,37.78,晴,北西,2,1,6.88,4,逃げ,3,0.21,1.51.6,0.1509090909090909,0.16296703296703297,0.0625,0.40625,0.0
2023-11-20,大村,4,予選,4,4821,妻鳥晋也,31,香川,54,B1,5.35,35.92,6.05,50.0,25,44.55,14,18.09,晴,北西,2,1,6.84,6,逃げ,4,0.32,.  .,0.17846153846153845,0.19,0.12903225806451613,0.4838709677419355,0.0
2023-11-20,大村,4,予選,5,4171,榎　幸司,41,長崎,52,A2,6.26,42.45,6.99,52.87,29,29.41,34,28.57,晴,北西,2,1,6.85,3,逃げ,5,0.29,1.51.3,0.20780487804878048,0.17734126984126983,0.1,0.4666666666666667,0.0
2023-11-20,大村,4,予選,6,3474,松瀬弘美,53,静岡,46,B1,4.96,29.29,6.12,42.31,36,33.64,22,21.0,晴,北西,2,1,6.8,5,逃げ,6,0.32,.  .,0.2465625,0.17853403141361257,0.0,0.14285714285714285,0.0
2023-11-20,大村,5,予選,1,3357,福島陽子,55,岡山,49,B1,4.24,20.2,5.5,12.5,31,21.0,16,34.48,晴,南,1,1,6.8,3,まくり差し,1,0.22,1.59.4,0.22114285714285714,0.20451923076923076,0.19047619047619047,0.2857142857142857,0.0
2023-11-20,大村,5,予選,3,4113,木村浩士,43,群馬,55,B1,4.42,26.55,5.3,27.27,41,36.54,39,29.63,晴,南,1,1,6.85,2,まくり差し,3,0.19,1.57.7,0.18760869565217392,0.181015625,0.05555555555555555,0.5277777777777778,0.6388888888888888
2023-11-20,大村,5,予選,4,3702,貞兼淳二,50,福岡,59,A2,5.58,37.89,5.08,36.0,59,31.19,65,38.68,晴,南,1,1,6.87,4,まくり差し,4,0.11,2.01.8,0.1381081081081081,0.14838709677419357,0.0625,0.5,0.0
2023-11-20,大村,5,予選,5,4532,秋元　哲,35,埼玉,51,A1,6.52,47.11,0.0,0.0,34,34.65,73,31.13,晴,南,1,1,6.93,1,まくり差し,5,0.11,1.55.9,0.16648648648648648,0.14214912280701755,0.03125,0.1875,0.0
2023-11-20,大村,6,予選,1,3992,関口智久,44,埼玉,55,B1,4.32,25.0,0.0,0.0,30,22.73,41,38.38,晴,南,1,1,6.93,4,まくり差し,1,0.15,1.53.2,0.1527777777777778,0.14793103448275863,0.0,0.34375,0.0
2023-11-20,大村,6,予選,2,4747,山戸信二,38,長崎,51,B1,3.97,17.58,4.32,21.48,64,30.0,24,20.39,晴,南,1,1,6.91,5,まくり差し,3,0.1,.  .,0.16974358974358975,0.15524752475247525,0.0,0.35,0.0
2023-11-20,大村,6,予選,3,4376,藤田靖弘,39,静岡,51,A1,5.99,41.55,0.0,0.0,26,18.37,48,27.36,晴,南,1,1,6.86,1,まくり差し,4,0.08,1.47.8,0.13844444444444445,0.15664359861591698,0.5238095238095238,0.38095238095238093,0.0
2023-11-20,大村,6,予選,4,4139,丹下　健,43,愛知,54,B1,4.81,29.82,4.44,27.78,19,63.73,49,26.32,晴,南,1,1,6.85,3,まくり差し,5,0.1,1.51.6,0.145,0.16577075098814228,0.07407407407407407,0.4444444444444444,0.6296296296296297
2023-11-20,大村,6,予選,5,3743,林　美憲,49,徳島,53,A1,6.65,50.0,7.79,64.1,43,33.0,21,44.23,晴,南,1,1,6.82,2,まくり差し,2,0.06,1.49.4,0.162,0.14744939271255061,0.07142857142857142,0.42857142857142855,0.0
2023-11-20,大村,6,予選,6,4088,野田祥子,43,長崎,47,B1,3.79,17.95,4.63,32.14,20,39.45,75,37.5,晴,南,1,1,6.88,6,まくり差し,6,0.22,.  .,0.24636363636363637,0.19795031055900622,0.1,0.3,0.0
2023-11-20,大村,7,予選,1,4109,谷津幸宏,43,埼玉,53,A2,6.38,47.58,0.0,0.0,38,25.45,47,25.23,晴,南,1,1,6.94,1,逃げ,1,0.07,1.47.4,0.11777777777777779,0.13003496503496503,0.0,0.25,0.0
2023-11-20,大村,7,予選,2,4317,木村紗友,39,静岡,46,B1,4.69,26.67,4.8,30.0,73,30.1,28,33.64,晴,南,1,1,6.89,4,逃げ,2,0.07,1.52.7,0.16580645161290322,0.16093023255813954,0.0,0.047619047619047616,0.0
2023-11-20,大村,7,予選,3,4908,上田龍星,28,大阪,53,A1,7.09,59.57,0.0,0.0,67,37.86,45,42.7,晴,南,1,1,6.79,2,逃げ,3,0.09,1.47.5,0.16513513513513514,0.15048582995951418,0.5,0.34375,0.0
2023-11-20,大村,7,予選,4,4259,真庭明志,39,長崎,52,A2,5.91,37.61,5.91,40.0,18,33.33,51,48.04,晴,南,1,1,6.87,3,逃げ,4,0.16,1.50.3,0.1588372093023256,0.1567557251908397,0.07142857142857142,0.5,0.4642857142857143
2023-11-20,大村,7,予選,5,4619,伏田裕隆,40,東京,52,B1,4.73,32.69,6.2,40.0,53,25.81,61,28.3,晴,南,1,1,6.84,5,逃げ,5,0.22,.  .,0.20285714285714285,0.1980701754385965,0.12121212121212122,0.3333333333333333,0.0
2023-11-20,大村,7,予選,6,5335,森　陽多,18,長崎,46,B2,0.0,0.0,0.0,0.0,63,33.64,18,30.84,晴,南,1,1,6.89,6,逃げ,6,0.29,.  .,0.31,0.31,0.030303030303030304,0.3939393939393939,0.0
2023-11-20,大村,8,予選,1,4540,相原利章,36,東京,52,A2,6.19,42.22,5.34,34.38,21,35.24,56,40.0,晴,東,2,1,6.83,2,まくり差し,1,0.17,1.50.8,0.09068965517241379,0.117248322147651,0.07407407407407407,0.18518518518518517,0.0
2023-11-20,大村,8,予選,2,4108,吉村正明,43,山口,52,A1,6.12,44.66,4.95,33.33,24,24.0,33,24.07,晴,東,2,1,6.91,6,まくり差し,3,0.17,.  .,0.13361702127659575,0.13091633466135458,0.0,0.2962962962962963,0.0
2023-11-20,大村,8,予選,3,3024,西島義則,62,広島,56,A1,6.39,47.76,6.57,42.86,32,48.08,57,22.89,晴,東,2,1,6.84,4,まくり差し,2,0.19,1.53.2,0.14250000000000002,0.1621376811594203,0.4166666666666667,0.38333333333333336,0.0
2023-11-20,大村,8,予選,4,4303,牧原　崇,40,愛知,52,B1,4.86,29.29,5.7,40.0,14,34.86,50,37.25,晴,東,2,1,6.86,1,まくり差し,4,0.14,1.49.2,0.1723529411764706,0.18757425742574257,0.21739130434782608,0.5217391304347826,0.5
2023-11-20,大村,8,予選,5,5129,山口真喜,26,長崎,47,B2,4.59,28.81,4.24,19.27,35,25.0,12,43.43,晴,東,2,1,6.87,5,まくり差し,5,0.18,.  .,0.23888888888888887,0.21988505747126436,0.25,0.5,0.0
2023-11-20,大村,8,予選,6,5086,本村　大,24,長崎,52,B1,5.55,34.67,4.62,23.08,51,40.78,43,30.1,晴,東,2,1,6.75,3,まくり差し,6,0.18,1.51.9,0.16896551724137931,0.1537908496732026,0.3611111111111111,0.4166666666666667,0.0
2023-11-20,大村,9,予選特賞,1,3702,貞兼淳二,50,福岡,59,A2,5.58,37.89,5.08,36.0,59,31.19,65,38.68,晴,南東,1,1,6.83,4,まくり差し,1,0.19,1.52.3,0.155,0.14838709677419357,0.25,0.3409090909090909,0.0
2023-11-20,大村,9,予選特賞,2,4924,中北　涼,31,長崎,47,B1,3.62,13.51,4.06,20.34,54,31.43,15,32.69,晴,南東,1,1,6.81,2,まくり差し,2,0.21,1.49.3,0.18583333333333332,0.1671774193548387,0.15217391304347827,0.5,0.0
2023-11-20,大村,9,予選特賞,3,4512,高野哲史,34,兵庫,51,A2,6.77,52.9,5.69,30.77,57,24.24,53,28.87,晴,南東,1,1,6.89,1,まくり差し,3,0.23,1.48.1,0.14727272727272728,0.1561603375527426,0.2413793103448276,0.4482758620689655,0.0
2023-11-20,大村,9,予選特賞,4,3474,松瀬弘美,53,静岡,46,B1,4.96,29.29,6.12,42.31,36,33.64,22,21.0,晴,南東,1,1,6.86,6,まくり差し,4,0.24,.  .,0.15193548387096775,0.17853403141361257,0.0975609756097561,0.4878048780487805,0.6097560975609756
2023-11-20,大村,9,予選特賞,5,4036,金田　諭,45,埼玉,52,A1,7.02,51.22,0.0,0.0,70,31.68,11,22.92,晴,南東,1,1,6.85,3,まくり差し,5,0.28,1.50.6,0.18511111111111112,0.16822463768115942,0.0,0.21621621621621623,0.0
2023-11-20,大村,9,予選特賞,6,4553,坪口竜也,34,長崎,51,A2,5.73,40.91,6.12,37.97,71,28.57,27,37.5,晴,南東,1,1,6.84,5,まくり差し,6,0.33,.  .,0.17,0.15838862559241706,0.0,0.43243243243243246,0.0
2023-11-20,芦屋,1,サンライズＶ,1,4710,福田宗平,33,大阪,52,A2,5.88,37.98,5.03,31.03,54,26.4,53,28.93,晴,北西,2,2,6.84,1,逃げ,1,0.08,1.48.2,0.14425925925925925,0.14369175627240144,0.0,0.2894736842105263,0.0
2023-11-20,芦屋,1,サンライズＶ,2,5240,高橋龍治,23,福岡,55,B2,2.57,6.19,1.49,0.0,65,41.43,69,40.0,晴,北西,2,2,6.81,2,逃げ,2,0.06,1.49.6,0.13666666666666666,0.20695652173913043,0.0,0.25,0.0
2023-11-20,芦屋,1,サンライズＶ,3,5128,坪井爽佑,26,三重,60,B1,3.4,20.75,3.5,25.0,43,21.67,65,33.58,晴,北西,2,2,6.85,6,逃げ,3,0.18,.  .,0.19578947368421054,0.17928057553956836,0.5,0.5,0.0
2023-11-20,芦屋,1,サンライズＶ,4,3569,増田　進,52,東京,53,B1,4.35,15.0,0.0,0.0,27,20.49,24,26.67,晴,北西,2,2,6.83,4,逃げ,4,0.26,1.53.0,0.1925806451612903,0.18571428571428572,0.6666666666666666,0.0,0.0
2023-11-20,芦屋,1,サンライズＶ,5,3334,角ひとみ,55,広島,45,B1,4.38,25.29,5.3,36.67,34,22.83,62,38.06,晴,北西,2,2,6.79,3,逃げ,5,0.29,1.51.6,0.19464285714285715,0.20285714285714285,0.0,0.0,0.0
2023-11-20,芦屋,1,サンライズＶ,6,3544,豊田訓靖,54,静岡,52,B1,3.41,14.29,3.0,0.0,13,29.17,20,28.57,晴,北西,2,2,6.83,5,逃げ,6,0.29,.  .,0.2456521739130435,0.193,0.0,0.3333333333333333,0.0
2023-11-20,芦屋,2,サンライズＷ,1,4713,白神　優,33,岡山,54,A2,6.93,52.55,6.38,58.33,36,34.75,17,27.91,晴,北西,2,2,6.77,1,逃げ,1,0.13,1.47.4,0.14204081632653062,0.14780392156862746,0.0,0.3333333333333333,0.0
2023-11-20,芦屋,2,サンライズＷ,2,4816,村松修二,32,広島,55,B1,5.52,35.44,5.67,33.33,40,32.35,71,29.2,晴,北西,2,2,6.85,2,逃げ,2,0.18,1.49.9,0.165,0.16340909090909092,0.0,0.0,0.0
2023-11-20,芦屋,2,サンライズＷ,3,5198,奥村明日,22,福岡,44,B1,3.24,12.5,1.56,1.85,37,34.53,12,42.86,晴,北西,2,2,6.79,4,逃げ,3,0.25,1.52.7,0.20484848484848484,0.20514563106796116,0.7894736842105263,0.10526315789473684,0.0
2023-11-20,芦屋,2,サンライズＷ,4,4939,宮之原輝,25,東京,52,A1,7.24,55.77,5.0,40.0,20,51.06,50,31.78,晴,北西,2,2,6.78,3,逃げ,4,0.33,1.51.0,0.1565,0.14344398340248962,0.11764705882352941,0.6176470588235294,0.6470588235294118
2023-11-20,芦屋,2,サンライズＷ,5,4473,藤堂里香,36,福井,43,B1,5.68,43.24,0.0,0.0,4,33.87,47,42.96,晴,北西,2,2,6.75,6,逃げ,5,0.24,.  .,0.1285,0.15673758865248227,0.13333333333333333,0.4,0.0
2023-11-20,芦屋,2,サンライズＷ,6,3617,竹田広樹,50,佐賀,53,B1,3.59,19.74,4.17,25.0,51,16.53,13,32.06,晴,北西,2,2,6.8,5,逃げ,6,0.27,.  .,0.21260869565217394,0.19023952095808383,0.08,0.4,0.0
2023-11-20,芦屋,3,サンライズＸ,1,4089,妹尾忠幸,43,岡山,56,A1,6.34,45.04,6.59,43.59,39,25.42,48,22.13,晴,北西,3,3,6.87,3,まくり差し,1,0.08,1.50.2,0.15944444444444444,0.15854671280276816,0.125,0.20833333333333334,0.0
2023-11-20,芦屋,3,サンライズＸ,2,5105,富田恕生,25,福岡,53,B1,4.63,29.81,4.2,25.0,58,31.03,70,25.62,晴,北西,3,3,6.86,2,まくり差し,2,0.16,1.50.2,0.18395348837209302,0.18072115384615386,0.0,0.3103448275862069,0.0
2023-11-20,芦屋,3,サンライズＸ,3,3852,澤　大介,51,三重,52,A2,5.72,37.4,0.0,0.0,23,45.71,58,40.29,晴,北西,3,3,6.81,4,まくり差し,3,0.09,1.52.2,0.15825,0.16694444444444445,0.12903225806451613,0.3548387096774194,0.0
2023-11-20,芦屋,3,サンライズＸ,4,4358,松本庸平,39,三重,51,B1,3.93,21.95,4.89,44.44,2,36.29,25,27.2,晴,北西,3,3,6.89,6,まくり差し,4,0.17,.  .,0.212,0.20479452054794522,0.14285714285714285,0.3333333333333333,0.5238095238095238
2023-11-20,芦屋,3,サンライズＸ,5,4702,三浦敬太,36,東京,50,A1,6.17,50.41,0.0,0.0,64,40.31,75,39.01,晴,北西,3,3,6.77,1,まくり差し,5,0.07,1.48.0,0.1470967741935484,0.14577981651376148,0.023809523809523808,0.38095238095238093,0.0
2023-11-20,芦屋,3,サンライズＸ,6,5162,松尾怜実,24,福岡,46,B1,3.57,13.04,2.73,13.33,62,26.98,54,42.22,晴,北西,3,3,6.85,5,まくり差し,6,0.1,.  .,0.18041666666666667,0.20183544303797468,0.0,0.40540540540540543,0.0
2023-11-20,芦屋,4,サンライズＹ,1,4042,丸岡正典,44,大阪,51,A1,6.34,46.22,7.69,68.75,11,26.56,60,43.88,晴,北西,2,2,6.79,1,逃げ,1,0.16,1.48.2,0.13285714285714287,0.1610211267605634,0.0,0.34210526315789475,0.0
2023-11-20,芦屋,4,サンライズＹ,2,3246,星野政彦,59,兵庫,53,B1,4.48,24.44,5.38,26.92,35,26.61,37,27.64,晴,北西,2,2,6.78,4,逃げ,2,0.14,1.52.7,0.18769230769230769,0.1782,0.0,0.19230769230769232,0.0
2023-11-20,芦屋,4,サンライズＹ,3,3307,上瀧和則,55,佐賀,53,A2,5.57,39.02,6.15,49.15,17,29.1,36,24.39,晴,北西,2,2,6.78,3,逃げ,3,0.11,1.51.8,0.16516129032258065,0.1682122905027933,0.0,0.0,0.0
2023-11-20,芦屋,4,サンライズＹ,4,5255,藤原仙二,20,滋賀,54,B1,3.99,11.38,5.4,10.0,32,42.74,11,30.71,晴,北西,2,2,6.83,2,逃げ,4,0.11,1.49.5,0.1827659574468085,0.17303317535545024,0.0,0.5,0.5
2023-11-20,芦屋,4,サンライズＹ,5,5126,山下大輝,27,兵庫,52,B1,4.89,29.17,3.53,0.0,55,23.58,57,23.39,晴,北西,2,2,6.8,5,逃げ,5,0.09,.  .,0.18194444444444444,0.15745689655172415,0.0,0.5,0.0
2023-11-20,芦屋,4,サンライズＹ,6,5309,森　雄利,19,長崎,52,B2,1.3,0.0,1.2,0.0,49,28.28,27,44.78,晴,北西,2,2,6.76,6,逃げ,6,0.19,.  .,0.18136363636363637,0.1911267605633803,0.0,0.0,0.0
2023-11-20,芦屋,5,サンライズＺ,1,4715,村上　遼,31,長崎,52,A2,6.89,59.18,7.09,60.61,56,36.96,38,40.32,晴,北西,2,2,6.73,1,逃げ,1,0.12,1.48.3,0.12315789473684209,0.12633333333333335,0.0,0.25,0.0
2023-11-20,芦屋,5,サンライズＺ,2,3928,林　恵祐,48,福岡,60,B1,4.08,18.95,4.42,25.51,60,26.32,26,42.54,晴,北西,2,2,6.89,3,逃げ,2,0.27,1.51.2,0.17478260869565218,0.16849999999999998,0.0,0.5,0.0
2023-11-20,芦屋,5,サンライズＺ,3,4974,安井瑞紀,30,岡山,48,B1,4.06,22.35,2.61,12.9,47,24.24,67,41.54,晴,北西,2,2,6.79,2,逃げ,3,0.22,1.49.1,0.17714285714285716,0.1648019801980198,0.46875,0.34375,0.0
2023-11-20,芦屋,5,サンライズＺ,4,4051,清水敦揮,42,岡山,56,A1,6.79,56.78,6.43,44.26,8,27.87,16,30.71,晴,北西,2,2,6.84,6,逃げ,4,0.23,.  .,0.15500000000000003,0.15190476190476193,0.21875,0.46875,0.53125
2023-11-20,芦屋,5,サンライズＺ,5,5128,坪井爽佑,26,三重,60,B1,3.4,20.75,3.5,25.0,43,21.67,65,33.58,晴,北西,2,2,6.84,5,逃げ,6,0.31,.  .,0.17333333333333334,0.17928057553956836,0.1,0.5333333333333333,0.0
2023-11-20,芦屋,5,サンライズＺ,6,4697,國弘翔平,37,福岡,50,B1,4.06,23.94,4.79,27.91,22,39.69,40,34.53,晴,北西,2,2,6.71,4,逃げ,5,0.28,1.53.0,0.23766666666666666,0.1881656804733728,0.043478260869565216,0.5217391304347826,0.0
2023-11-20,芦屋,6,一般,1,4724,吉田祐貴,37,佐賀,54,B1,3.8,18.99,3.33,16.67,1,35.51,55,27.91,晴,北,2,2,6.74,2,抜き,1,0.11,1.49.4,0.15961538461538463,0.16487922705314012,0.03571428571428571,0.4642857142857143,0.0
2023-11-20,芦屋,6,一般,2,3737,上平真二,49,広島,53,A1,6.91,46.0,8.31,62.07,42,18.38,19,28.57,晴,北,2,2,6.78,1,抜き,2,0.11,1.47.6,0.16975609756097562,0.17345291479820626,0.04,0.48,0.0
2023-11-20,芦屋,6,一般,3,5192,中尾優香,22,福岡,51,B1,2.95,11.71,2.19,2.7,61,37.93,32,31.82,晴,北,2,2,6.81,5,抜き,3,0.08,.  .,0.19942857142857143,0.17363636363636364,0.34375,0.28125,0.0
2023-11-20,芦屋,6,一般,4,3736,岡本　猛,50,大阪,53,A2,5.03,27.01,4.78,11.11,28,21.95,64,27.64,晴,北,2,2,6.69,3,抜き,4,0.19,1.51.3,0.15787878787878787,0.1630212765957447,0.1,0.3,0.5
2023-11-20,芦屋,6,一般,5,5240,高橋龍治,23,福岡,55,B2,2.57,6.19,1.49,0.0,65,41.43,69,40.0,晴,北,2,2,6.76,6,抜き,5,0.16,.  .,0.20944444444444446,0.20695652173913043,0.08823529411764706,0.23529411764705882,0.0
2023-11-20,芦屋,6,一般,6,3569,増田　進,52,東京,53,B1,4.35,15.0,0.0,0.0,27,20.49,24,26.67,晴,北,2,2,6.82,4,抜き,6,0.27,1.52.4,0.22066666666666668,0.18571428571428572,0.06451612903225806,0.3548387096774194,0.0
2023-11-20,芦屋,7,一般,1,4473,藤堂里香,36,福井,43,B1,5.68,43.24,0.0,0.0,4,33.87,47,42.96,晴,北,1,1,6.73,5,まくり,1,0.11,.  .,0.1405,0.15673758865248227,0.13513513513513514,0.2702702702702703,0.0
2023-11-20,芦屋,7,一般,2,3334,角ひとみ,55,広島,45,B1,4.38,25.29,5.3,36.67,34,22.83,62,38.06,晴,北,1,1,6.77,4,まくり,2,0.16,1.52.9,0.2,0.20285714285714285,0.0,0.30434782608695654,0.0
2023-11-20,芦屋,7,一般,3,5162,松尾怜実,24,福岡,46,B1,3.57,13.04,2.73,13.33,62,26.98,54,42.22,晴,北,1,1,6.82,2,まくり,3,0.16,1.51.0,0.188,0.20183544303797468,0.3870967741935484,0.41935483870967744,0.0
2023-11-20,芦屋,7,一般,4,4243,西村　歩,37,大阪,47,B1,5.83,41.67,4.06,29.41,52,37.21,33,37.78,晴,北,1,1,6.78,3,まくり,4,0.21,1.52.3,0.1734375,0.16080000000000003,0.14285714285714285,0.4857142857142857,0.5142857142857142
2023-11-20,芦屋,7,一般,5,5182,宮崎安奈,25,埼玉,49,B1,3.19,12.05,0.0,0.0,59,37.5,45,33.59,晴,北,1,1,6.71,1,まくり,5,0.08,1.49.2,0.16392857142857142,0.17578313253012048,0.10810810810810811,0.32432432432432434,0.0
2023-11-20,芦屋,7,一般,6,5198,奥村明日,22,福岡,44,B1,3.24,12.5,1.56,1.85,37,34.53,12,42.86,晴,北,1,1,6.76,6,まくり,6,0.17,.  .,0.2088372093023256,0.20514563106796116,0.05555555555555555,0.3055555555555556,0.0
2023-11-20,芦屋,8,一般,1,3430,角浜　修,55,広島,56,B1,4.39,31.78,4.93,29.63,57,23.14,66,24.6,晴,北西,2,2,6.72,1,逃げ,1,0.02,1.47.7,0.1367741935483871,0.15995633187772926,0.0,0.3235294117647059,0.0
2023-11-20,芦屋,8,一般,2,3527,中嶋誠一,52,長崎,51,A2,5.52,40.31,5.99,42.11,31,23.93,23,30.77,晴,北西,2,2,6.78,3,逃げ,2,0.05,1.50.6,0.15980769230769232,0.15756493506493507,0.0,0.21875,0.0
2023-11-20,芦屋,8,一般,3,4124,池田雄一,41,静岡,52,A1,6.47,49.11,0.0,0.0,41,20.24,74,36.43,晴,北西,2,2,6.8,2,逃げ,3,0.06,1.48.8,0.16651162790697674,0.16147999999999998,0.52,0.32,0.0
2023-11-20,芦屋,8,一般,4,3246,星野政彦,59,兵庫,53,B1,4.48,24.44,5.38,26.92,35,26.61,37,27.64,晴,北西,2,2,6.79,4,逃げ,4,0.09,1.52.6,0.18954545454545454,0.1782,0.03125,0.4375,0.65625
2023-11-20,芦屋,8,一般,5,5286,坂井滉哉,24,福岡,51,B2,1.91,2.67,1.56,0.0,45,31.54,51,38.06,晴,北西,2,2,6.76,6,逃げ,6,0.17,.  .,0.1735483870967742,0.17433333333333334,0.1935483870967742,0.3548387096774194,0.0
2023-11-20,芦屋,8,一般,6,4379,桑島和宏,39,東京,57,A2,5.98,40.0,0.0,0.0,7,19.17,68,42.45,晴,北西,2,2,6.77,5,逃げ,5,0.13,.  .,0.17878048780487804,0.1557090909090909,0.043478260869565216,0.34782608695652173,0.0
2023-11-20,芦屋,9,一般,1,3606,川北浩貴,51,滋賀,52,A1,6.13,41.26,7.39,72.22,12,43.66,18,39.71,晴,北西,2,2,6.72,1,逃げ,1,0.21,1.48.7,0.1430645161290323,0.14856655290102389,0.12903225806451613,0.3870967741935484,0.0
2023-11-20,芦屋,9,一般,2,3211,北川敏弘,61,佐賀,55,B1,4.13,15.58,4.78,27.03,26,27.13,41,34.88,晴,北西,2,2,6.78,4,逃げ,2,0.21,1.52.6,0.14805555555555555,0.1701041666666667,0.0,0.34615384615384615,0.0
2023-11-20,芦屋,9,一般,3,4358,松本庸平,39,三重,51,B1,3.93,21.95,4.89,44.44,2,36.29,25,27.2,晴,北西,2,2,6.76,5,逃げ,3,0.19,.  .,0.19305555555555556,0.20479452054794522,0.4166666666666667,0.4375,0.0
2023-11-20,芦屋,9,一般,4,3617,竹田広樹,50,佐賀,53,B1,3.59,19.74,4.17,25.0,51,16.53,13,32.06,晴,北西,2,2,6.74,2,逃げ,4,0.19,1.50.3,0.18774193548387097,0.19023952095808383,0.12195121951219512,0.6341463414634146,0.5365853658536586
2023-11-20,芦屋,9,一般,5,5309,森　雄利,19,長崎,52,B2,1.3,0.0,1.2,0.0,49,28.28,27,44.78,晴,北西,2,2,6.74,6,逃げ,6,0.14,.  .,0.20615384615384616,0.1911267605633803,0.10869565217391304,0.5217391304347826,0.0
2023-11-20,芦屋,9,一般,6,3842,星野太郎,47,三重,53,A2,5.72,38.53,4.9,40.0,44,25.37,29,31.08,晴,北西,2,2,6.82,3,逃げ,5,0.19,1.51.5,0.21470588235294116,0.1840079365079365,0.13953488372093023,0.32558139534883723,0.0
2023-11-20,芦屋,9,一般,5,3606,川北浩貴,51,滋賀,52,A1,6.13,41.26,7.39,72.22,12,43.66,18,39.71,晴,北西,2,2,6.72,1,逃げ,1,0.21,1.48.7,0.15395348837209302,0.14856655290102389,0.02857142857142857,0.2571428571428571,0.0
2023-11-20,若松,1,予選,1,4158,木場雄二,42,山口,57,B1,4.61,26.5,4.39,27.78,41,0.0,68,22.86,晴,東,1,1,6.98,1,逃げ,1,0.12,1.51.2,0.15878048780487805,0.16463320463320463,0.030303030303030304,0.2727272727272727,0.0
2023-11-20,若松,1,予選,2,5009,大賀龍之,26,福岡,55,B1,4.39,21.05,4.18,22.95,33,0.0,18,37.61,晴,東,1,1,7.01,3,逃げ,2,0.11,1.53.7,0.19,0.17004830917874397,0.24,0.32,0.0
2023-11-20,若松,1,予選,3,4196,田中太一,41,佐賀,53,B1,4.37,23.08,5.92,41.67,1,0.0,37,36.28,晴,東,1,1,6.98,2,逃げ,3,0.15,1.52.3,0.18,0.1909183673469388,0.0,0.4166666666666667,0.5833333333333334
2023-11-20,若松,1,予選,4,3458,東　健介,57,岡山,54,B1,4.39,25.0,4.85,28.81,6,0.0,13,29.66,晴,東,1,1,6.99,6,逃げ,4,0.16,.  .,0.13407407407407407,0.15962264150943395,0.14814814814814814,0.3333333333333333,0.0
2023-11-20,若松,1,予選,5,3901,松田憲幸,46,山口,52,B1,4.73,23.75,5.08,35.0,2,0.0,28,39.25,晴,東,1,1,6.97,4,逃げ,5,0.15,1.55.3,0.20357142857142857,0.19480392156862747,0.0,0.2727272727272727,0.0
2023-11-20,若松,1,予選,6,4016,西川新太,43,愛知,55,B1,5.62,41.11,5.17,30.43,19,0.0,58,46.77,晴,東,1,1,6.98,5,逃げ,6,0.13,.  .,0.1796,0.1631547619047619,0.05,0.1,0.0
2023-11-20,若松,2,予選,1,4077,品田直樹,45,東京,51,B1,4.7,27.03,4.56,11.11,36,0.0,16,28.46,晴,北東,1,1,6.86,1,逃げ,1,0.13,1.50.4,0.1731111111111111,0.1799621212121212,0.0,0.2608695652173913,0.0
2023-11-20,若松,2,予選,2,3319,山崎義明,56,埼玉,51,A2,5.93,38.18,5.76,28.0,23,0.0,51,33.07,晴,北東,1,1,6.92,2,逃げ,2,0.09,1.51.7,0.13209302325581396,0.1485140562248996,0.0,1.0,0.0
2023-11-20,若松,2,予選,3,4129,宇野博之,43,愛知,55,B1,4.32,22.34,4.8,20.0,10,0.0,44,26.79,晴,北東,1,1,6.95,4,逃げ,3,0.11,1.54.5,0.177,0.17297560975609758,0.75,0.25,0.0
2023-11-20,若松,2,予選,4,4423,坂口貴彦,34,岡山,54,B1,4.66,28.57,5.08,32.91,9,0.0,36,41.28,晴,北東,1,1,6.9,5,逃げ,4,0.12,.  .,0.16699999999999998,0.1552403846153846,0.0,0.6666666666666666,0.3333333333333333
2023-11-20,若松,2,予選,5,4136,江夏　満,43,福岡,53,A1,6.58,45.71,6.73,45.07,32,0.0,19,42.11,晴,北東,1,1,6.92,3,逃げ,5,0.12,1.53.4,0.1572727272727273,0.1455263157894737,0.0,0.125,0.0
2023-11-20,若松,2,予選,6,3930,岸本　隆,47,岡山,56,B1,4.82,25.77,4.98,23.08,24,0.0,20,33.9,晴,北東,1,1,6.97,6,逃げ,6,0.17,.  .,0.18444444444444447,0.16134328358208955,0.0,0.4,0.0
2023-11-20,若松,3,予選,1,4607,鶴田勇雄,34,福岡,52,B1,5.81,36.52,5.38,35.42,50,0.0,14,38.6,晴,東,1,1,6.91,1,逃げ,1,0.15,1.51.0,0.14775,0.17,0.0,0.25,0.0
2023-11-20,若松,3,予選,2,3998,冨成謙児,44,佐賀,52,B1,4.33,26.21,4.82,27.27,8,0.0,53,25.47,晴,東,1,1,6.95,3,逃げ,2,0.15,1.52.5,0.14613636363636362,0.15933035714285712,0.0,0.5,0.0
2023-11-20,若松,3,予選,3,4209,藤田竜弘,40,静岡,58,B1,5.62,31.71,2.56,0.0,21,0.0,24,35.25,晴,東,1,1,6.88,2,逃げ,3,0.21,1.52.1,0.17238095238095238,0.1681111111111111,0.24242424242424243,0.30303030303030304,0.0
2023-11-20,若松,3,予選,4,4278,藤岡俊介,40,兵庫,51,A1,6.9,58.47,4.0,25.0,37,0.0,27,31.62,晴,東,1,1,6.92,6,逃げ,6,0.21,.  .,0.11944444444444444,0.13385593220338984,0.02857142857142857,0.42857142857142855,0.6285714285714286
2023-11-20,若松,3,予選,5,3514,山一鉄也,56,福岡,51,A2,5.9,43.2,6.2,46.67,7,0.0,59,43.12,晴,東,1,1,6.99,4,逃げ,4,0.16,1.53.4,0.17523809523809525,0.1713090909090909,0.07894736842105263,0.3157894736842105,0.0
2023-11-20,若松,3,予選,6,3327,野長瀬正,56,静岡,52,A2,6.13,44.44,6.27,42.31,3,0.0,46,34.68,晴,東,1,1,6.93,5,逃げ,5,0.15,.  .,0.21486486486486486,0.16612781954887218,0.027777777777777776,0.2777777777777778,0.0
2023-11-20,若松,4,予選,1,4592,小林孝弘,42,山口,51,B1,4.36,26.6,4.23,20.0,4,0.0,30,36.07,晴,北,1,1,6.93,1,抜き,1,0.12,1.49.8,0.14935483870967742,0.16742424242424242,0.027777777777777776,0.2222222222222222,0.0
2023-11-20,若松,4,予選,2,4883,岡部大輝,27,東京,52,A2,5.8,38.89,6.42,52.63,47,0.0,48,27.05,晴,北,1,1,6.93,2,抜き,2,0.13,1.50.9,0.1337142857142857,0.135,0.0,0.06896551724137931,0.0
2023-11-20,若松,4,予選,3,4336,松田竜馬,39,福岡,53,B1,5.14,34.17,5.08,35.0,5,0.0,21,22.35,晴,北,1,1,6.92,3,抜き,3,0.12,1.52.4,0.1409090909090909,0.15144927536231884,0.41935483870967744,0.3225806451612903,0.0
2023-11-20,若松,4,予選,4,4537,渡邉和将,33,岡山,51,A1,6.52,47.22,5.84,36.84,16,0.0,60,38.53,晴,北,1,1,6.94,4,抜き,4,0.14,1.52.7,0.1385,0.1326388888888889,0.0625,0.46875,0.75
2023-11-20,若松,4,予選,5,4228,吉田慎二,40,愛知,58,A1,5.99,41.73,0.0,0.0,11,0.0,71,25.89,晴,北,1,1,6.97,5,抜き,5,0.15,.  .,0.16230769230769232,0.16235955056179777,0.08823529411764706,0.47058823529411764,0.0
2023-11-20,若松,4,予選,6,3730,塩崎優司,51,愛知,52,B1,4.82,24.75,3.25,0.0,25,0.0,70,31.4,晴,北,1,1,7.01,6,抜き,6,0.19,.  .,0.187,0.1688284518828452,0.12,0.28,0.0
2023-11-20,若松,5,進入固定戦隊,1,3931,黒崎竜也,47,三重,51,A1,6.19,48.6,5.19,18.75,20,0.0,75,34.15,晴,北,1,1,6.83,3,差し,1,0.14,1.53.7,0.12907407407407406,0.1408888888888889,0.058823529411764705,0.35294117647058826,0.0
2023-11-20,若松,5,進入固定戦隊,2,3412,鈴木　博,54,埼玉,54,A2,6.11,40.74,5.89,47.37,18,0.0,61,17.76,晴,北,1,1,6.86,1,差し,2,0.16,1.50.8,0.1834,0.16268115942028985,0.043478260869565216,0.34782608695652173,0.0
2023-11-20,若松,5,進入固定戦隊,3,4016,西川新太,43,愛知,55,B1,5.62,41.11,5.17,30.43,19,0.0,58,46.77,晴,北,1,1,6.9,2,差し,3,0.14,1.52.3,0.1568965517241379,0.1631547619047619,0.6571428571428571,0.22857142857142856,0.0
2023-11-20,若松,5,進入固定戦隊,4,4179,広次　修,40,山口,52,A2,5.08,29.55,5.65,37.18,53,0.0,67,28.46,晴,北,1,1,6.89,4,差し,4,0.16,1.53.7,0.16044444444444445,0.16161290322580643,0.04081632653061224,0.42857142857142855,0.6326530612244898
2023-11-20,若松,5,進入固定戦隊,5,4367,山口修路,38,福岡,52,B1,4.57,17.11,5.14,31.82,55,0.0,74,28.69,晴,北,1,1,6.84,6,差し,5,0.19,.  .,0.22225806451612903,0.20949238578680204,0.06666666666666667,0.35555555555555557,0.0
2023-11-20,若松,5,進入固定戦隊,6,4466,南　佑典,37,三重,52,B1,5.34,31.58,0.0,0.0,52,0.0,63,39.29,晴,北,1,1,6.94,5,差し,6,0.22,.  .,0.17444444444444446,0.1667932489451477,0.11428571428571428,0.17142857142857143,0.0
2023-11-20,若松,6,予選,1,3901,松田憲幸,46,山口,52,B1,4.73,23.75,5.08,35.0,2,0.0,28,39.25,晴,無風,0,1,6.97,2,まくり差し,1,0.11,1.56.5,0.14533333333333334,0.19480392156862747,0.027777777777777776,0.2777777777777778,0.0
2023-11-20,若松,6,予選,2,4423,坂口貴彦,34,岡山,54,B1,4.66,28.57,5.08,32.91,9,0.0,36,41.28,晴,無風,0,1,6.89,3,まくり差し,2,0.1,1.59.5,0.16513513513513514,0.1552403846153846,0.06666666666666667,0.26666666666666666,0.0
2023-11-20,若松,6,予選,3,4796,春園功太,32,三重,53,A1,6.28,44.04,7.05,50.0,51,0.0,33,38.26,晴,無風,0,1,6.86,1,まくり差し,3,0.09,1.54.8,0.14,0.1509053497942387,0.7755102040816326,0.1836734693877551,0.0
2023-11-20,若松,7,予選,1,4150,山田雄太,41,静岡,55,A2,5.97,43.69,5.14,28.57,46,0.0,47,32.79,晴,北,1,1,6.87,1,逃げ,1,0.16,1.50.0,0.1416,0.1346969696969697,0.16326530612244897,0.6122448979591837,0.6530612244897959
2023-11-20,若松,7,予選,2,3746,岡瀬正人,48,岡山,52,A2,5.98,40.67,6.28,37.97,54,0.0,26,28.95,晴,北,1,1,6.89,3,逃げ,2,0.24,1.52.1,0.18046511627906978,0.17404109589041095,0.18604651162790697,0.5116279069767442,0.0
2023-11-20,若松,7,予選,3,4241,大串重幸,38,長崎,53,B1,5.26,25.74,5.52,34.78,31,0.0,17,27.62,晴,北,1,1,6.91,6,逃げ,3,0.21,.  .,0.1662857142857143,0.1820289855072464,0.15,0.475,0.0
2023-11-20,若松,7,予選,4,4315,山崎昂介,39,長崎,53,B1,4.25,20.39,5.11,30.26,17,0.0,43,29.92,晴,北,1,1,6.85,5,逃げ,4,0.18,.  .,0.16613636363636364,0.1827309236947791,0.02564102564102564,0.38461538461538464,0.0
2023-11-20,若松,7,予選,5,3251,平石和男,57,埼玉,50,A2,5.73,37.59,5.13,34.78,12,0.0,45,36.72,晴,北,1,1,6.9,4,逃げ,5,0.22,1.53.1,0.18857142857142858,0.19244372990353698,0.06060606060606061,0.30303030303030304,0.0
2023-11-20,若松,7,予選,6,4503,上野真之,35,佐賀,52,A1,7.16,54.55,6.42,36.36,22,0.0,40,24.21,晴,北,1,1,6.86,2,逃げ,6,0.17,1.51.5,0.11947368421052632,0.1254785478547855,0.6779661016949152,0.22033898305084745,0.0
2023-11-20,若松,8,エイトビート,1,4472,尾嶋一広,36,兵庫,56,A1,6.59,48.41,5.18,45.45,34,0.0,41,35.45,晴,無風,0,1,6.83,1,逃げ,1,0.14,1.50.2,0.16015151515151516,0.15225705329153605,0.17073170731707318,0.4878048780487805,0.34146341463414637
2023-11-20,若松,8,エイトビート,2,4278,藤岡俊介,40,兵庫,51,A1,6.9,58.47,4.0,25.0,37,0.0,27,31.62,晴,無風,0,1,6.89,2,逃げ,2,0.13,1.50.9,0.14769230769230768,0.13385593220338984,0.38235294117647056,0.35294117647058826,0.0
2023-11-20,若松,8,エイトビート,3,3319,山崎義明,56,埼玉,51,A2,5.93,38.18,5.76,28.0,23,0.0,51,33.07,晴,無風,0,1,6.88,3,逃げ,3,0.15,1.52.6,0.12375,0.1485140562248996,0.3,0.36666666666666664,0.0
2023-11-20,若松,8,エイトビート,4,4638,小林遼太,33,福岡,55,B1,5.0,33.66,4.43,23.81,40,0.0,54,28.16,晴,無風,0,1,6.84,4,逃げ,4,0.18,1.54.5,0.19135135135135134,0.1919724770642202,0.34375,0.375,0.0
2023-11-20,若松,8,エイトビート,5,4158,木場雄二,42,山口,57,B1,4.61,26.5,4.39,27.78,41,0.0,68,22.86,晴,無風,0,1,6.91,6,逃げ,5,0.16,.  .,0.16978260869565218,0.16463320463320463,0.24242424242424243,0.3333333333333333,0.0
2023-11-20,若松,8,エイトビート,6,4091,荒田泰明,42,埼玉,55,B1,4.97,35.87,0.0,0.0,38,0.0,32,24.76,晴,無風,0,1,6.89,5,逃げ,6,0.09,.  .,0.18074074074074073,0.1663768115942029,0.43859649122807015,0.42105263157894735,0.0
2023-11-20,若松,9,予選,1,3514,山一鉄也,56,福岡,51,A2,5.9,43.2,6.2,46.67,7,0.0,59,43.12,晴,無風,0,1,6.9,3,差し,1,0.16,1.52.5,0.15578947368421053,0.1713090909090909,0.16666666666666666,0.48148148148148145,0.5185185185185185
2023-11-20,若松,9,予選,2,4196,田中太一,41,佐賀,53,B1,4.37,23.08,5.92,41.67,1,0.0,37,36.28,晴,無風,0,1,6.92,1,差し,2,0.13,1.50.9,0.16621621621621624,0.1909183673469388,0.061224489795918366,0.4489795918367347,0.0
2023-11-20,若松,9,予選,3,3641,一瀬　明,52,東京,51,A2,6.18,46.58,5.54,42.86,26,0.0,34,43.75,晴,無風,0,1,6.91,2,差し,3,0.11,1.52.0,0.16266666666666668,0.1716326530612245,0.058823529411764705,0.5098039215686274,0.0
2023-11-20,若松,9,予選,4,4592,小林孝弘,42,山口,51,B1,4.36,26.6,4.23,20.0,4,0.0,30,36.07,晴,無風,0,1,6.91,4,差し,4,0.17,1.53.8,0.16794117647058823,0.16742424242424242,0.046511627906976744,0.4186046511627907,0.0
2023-11-20,若松,9,予選,5,4409,坂元浩仁,37,愛知,55,A1,6.46,47.2,6.27,40.91,48,0.0,69,26.79,晴,無風,0,1,6.93,5,差し,5,0.17,.  .,0.14511627906976746,0.1500790513833992,0.04878048780487805,0.34146341463414637,0.0
2023-11-20,若松,9,予選,6,4364,池永　太,38,福岡,53,A1,7.04,56.93,7.24,59.46,35,0.0,72,37.61,晴,無風,0,1,6.83,6,差し,6,0.18,.  .,0.16799999999999998,0.15100694444444446,1.0,0.0,0.0
2023-11-20,鳴門,1,とるならなる,1,3612,馬袋義則,51,兵庫,53,A1,6.13,46.58,6.38,62.5,56,34.85,63,35.67,晴,北西,7,7,7.07,1,逃げ,1,0.18,1.13.8,0.14112903225806453,0.14564516129032257,0.0,0.0,1.0
2023-11-20,鳴門,1,とるならなる,2,3892,草場康幸,47,佐賀,52,B1,5.44,35.16,5.11,32.14,65,34.04,65,34.09,晴,北西,7,7,7.04,2,逃げ,2,0.17,1.14.3,0.15205882352941177,0.15786046511627905,0.3333333333333333,0.3333333333333333,0.0
2023-11-20,鳴門,1,とるならなる,3,4792,杉村賢也,33,東京,51,B1,4.58,25.3,4.47,15.79,60,31.91,61,20.17,晴,北西,7,7,7.09,3,逃げ,3,0.17,1.16.2,0.1777142857142857,0.17850000000000002,0.0,0.6666666666666666,0.0
2023-11-20,鳴門,1,とるならなる,4,4327,加藤　翔,40,静岡,53,B1,4.1,19.0,0.0,0.0,73,29.63,68,28.68,晴,北西,7,7,7.07,5,逃げ,4,0.16,.  .,0.19181818181818183,0.19032710280373832,0.0,0.0,0.0
2023-11-20,鳴門,1,とるならなる,5,5199,垂水　悠,21,徳島,55,B1,4.0,23.26,3.35,16.91,62,29.2,79,32.69,晴,北西,7,7,7.03,4,逃げ,5,0.08,1.16.5,0.13999999999999999,0.14039772727272729,0.0,0.0,0.0
2023-11-20,鳴門,1,とるならなる,6,5143,常盤海心,22,徳島,53,B1,3.79,21.05,3.84,20.65,50,29.41,37,40.91,晴,北西,7,7,7.08,6,逃げ,6,0.17,.  .,0.18416666666666667,0.1934355828220859,0.16129032258064516,0.4838709677419355,0.0
2023-11-20,鳴門,2,どーなるなる,1,4015,前野竜一,43,山口,60,A1,5.97,36.97,6.03,28.13,21,22.14,67,24.81,晴,北西,7,7,7.39,1,抜き,1,0.27,1.13.4,0.15595744680851065,0.17351351351351352,0.0625,0.5625,0.59375
2023-11-20,鳴門,2,どーなるなる,2,3906,飯山晃三,46,長崎,62,B1,4.48,25.83,4.0,16.67,77,28.26,15,31.21,晴,北西,7,7,7.11,6,抜き,2,0.13,.  .,0.1696078431372549,0.17927756653992394,0.08823529411764706,0.35294117647058826,0.0
2023-11-20,鳴門,2,どーなるなる,3,4894,原村拓也,32,香川,52,B1,4.45,23.53,4.55,22.58,63,40.43,72,36.36,晴,北西,7,7,7.14,2,抜き,3,0.07,1.14.2,0.16863636363636364,0.16356846473029046,0.1,0.3,0.0
2023-11-20,鳴門,2,どーなるなる,4,3489,大場　敏,56,静岡,53,A1,6.15,41.04,6.25,41.67,71,27.45,28,33.57,晴,北西,7,7,7.18,5,抜き,4,0.14,.  .,0.15897959183673468,0.16201320132013203,0.1111111111111111,0.2962962962962963,0.0
2023-11-20,鳴門,2,どーなるなる,5,3459,中野和裕,56,佐賀,54,B1,4.04,19.51,4.93,40.0,38,39.55,29,31.69,晴,北西,7,7,7.07,3,抜き,5,0.14,1.15.2,0.17545454545454545,0.16545918367346937,0.0,0.17857142857142858,0.0
2023-11-20,鳴門,2,どーなるなる,6,4873,蒲原健太,30,佐賀,53,B1,4.58,22.5,4.97,26.67,23,29.14,27,28.03,晴,北西,7,7,7.1,4,抜き,6,0.21,1.16.2,0.21848484848484848,0.19585714285714287,0.4230769230769231,0.23076923076923078,0.0
2023-11-20,鳴門,3,どきどきなる,1,5060,数原　魁,26,兵庫,51,A2,5.57,32.38,3.94,11.76,11,23.61,50,29.23,晴,北西,7,7,6.98,5,まくり差し,1,0.12,.  .,0.19604651162790698,0.17666666666666667,0.09375,0.59375,0.375
2023-11-20,鳴門,3,どきどきなる,2,4552,杉山勝匡,34,佐賀,51,B1,3.91,25.93,4.26,21.43,55,48.2,77,31.72,晴,北西,7,7,7.04,6,まくり差し,3,0.11,.  .,0.16027027027027027,0.15091346153846155,0.12121212121212122,0.3939393939393939,0.0
2023-11-20,鳴門,3,どきどきなる,3,5025,粟田　祥,28,徳島,58,B2,3.57,16.42,3.05,10.84,30,29.17,23,40.41,晴,北西,7,7,6.98,1,まくり差し,4,0.12,1.13.8,0.1743478260869565,0.1811111111111111,0.09375,0.34375,0.0
2023-11-20,鳴門,3,どきどきなる,4,3804,中渡修作,49,福岡,54,B1,4.62,23.66,4.0,13.33,18,29.14,22,35.37,晴,北西,7,7,7.04,2,まくり差し,5,0.15,1.15.5,0.15657894736842107,0.16804444444444444,0.034482758620689655,0.2413793103448276,0.0
2023-11-20,鳴門,3,どきどきなる,5,5054,佐々木大,27,大阪,52,B1,5.18,33.33,4.13,6.25,64,30.14,76,27.33,晴,北西,7,7,6.96,3,まくり差し,6,0.2,1.16.8,0.16580645161290322,0.16965,0.043478260869565216,0.043478260869565216,0.0
2023-11-20,鳴門,3,どきどきなる,6,3582,吉川昭男,50,滋賀,53,A1,6.45,50.42,6.17,44.83,26,34.88,11,34.59,晴,北西,7,7,7.01,4,まくり差し,2,0.14,1.17.9,0.1695,0.15923954372623575,0.0,0.3333333333333333,0.0
2023-11-20,鳴門,4,とにかくなる,1,4584,村岡賢人,33,岡山,54,A2,6.73,52.71,6.36,43.64,19,30.25,32,34.46,晴,北西,8,8,7.0,1,逃げ,1,0.13,1.13.5,0.12816326530612246,0.12614545454545453,0.0,0.3333333333333333,1.0
2023-11-20,鳴門,4,とにかくなる,2,4636,赤池修平,33,徳島,54,B2,4.28,27.85,4.31,27.51,32,45.83,54,35.29,晴,北西,8,8,7.12,5,逃げ,2,0.22,.  .,0.1820689655172414,0.17779874213836477,0.0,0.3333333333333333,0.0
2023-11-20,鳴門,4,とにかくなる,3,3851,森田昭彦,51,福岡,56,B1,4.36,23.33,3.86,14.29,33,41.96,39,36.3,晴,北西,8,8,7.1,2,逃げ,3,0.17,1.14.8,0.13214285714285715,0.17545454545454545,0.0,0.5,0.0
2023-11-20,鳴門,4,とにかくなる,4,3643,米田隆弘,51,岡山,53,A2,5.65,37.1,6.07,38.89,68,32.86,60,29.63,晴,北西,8,8,7.06,3,逃げ,4,0.14,1.15.5,0.17439024390243904,0.16402489626556016,0.0,0.3333333333333333,0.0
2023-11-20,鳴門,4,とにかくなる,5,3934,鋤柄貴俊,46,愛知,54,B1,5.07,34.78,6.5,50.0,69,27.59,73,34.9,晴,北西,8,8,7.13,4,逃げ,5,0.14,1.15.8,0.16516129032258065,0.16725806451612904,0.0,0.0,0.0
2023-11-20,鳴門,4,とにかくなる,6,5278,田中駿兵,21,徳島,52,B2,3.31,11.9,3.15,11.32,31,29.29,34,33.55,晴,北西,8,8,6.95,6,逃げ,6,0.16,.  .,0.18752475247524752,0.1871978021978022,0.0,0.0,0.0
2023-11-20,鳴門,5,一般,1,4982,中村将隆,27,兵庫,51,B2,5.06,33.33,2.29,0.0,36,40.0,57,37.01,晴,北西,8,8,7.06,3,まくり,1,0.15,1.15.4,0.16818181818181818,0.18329113924050633,0.0,0.3333333333333333,1.0
2023-11-20,鳴門,5,一般,2,4966,田川大貴,26,長崎,54,A2,5.72,38.68,3.88,18.75,59,37.3,51,39.44,晴,北西,8,8,7.1,1,まくり,2,0.1,1.13.7,0.13275,0.13860169491525423,0.0,0.5,0.0
2023-11-20,鳴門,5,一般,3,4785,木幡純也,35,愛知,52,B1,4.21,15.79,3.93,14.29,16,32.88,21,35.92,晴,北西,8,8,7.14,4,まくり,3,0.14,1.15.8,0.18633333333333332,0.1802439024390244,0.0,0.0,0.0
2023-11-20,鳴門,5,一般,4,4596,葛原大陽,40,徳島,52,A2,5.65,40.94,5.98,40.79,35,37.41,31,26.09,晴,北西,8,8,7.08,2,まくり,4,0.17,1.14.4,0.18925,0.17033333333333334,0.0,0.0,0.0
2023-11-20,鳴門,5,一般,5,4527,高野心吾,35,愛知,50,B1,4.62,28.09,4.2,25.0,29,27.78,20,33.97,晴,北西,8,8,7.04,6,まくり,5,0.15,.  .,0.18228571428571427,0.18156565656565657,0.0,0.0,0.0
2023-11-20,鳴門,5,一般,6,4498,宮本夏樹,36,長崎,54,A1,5.09,29.84,5.61,39.13,74,33.57,75,40.27,晴,北西,8,8,7.01,5,まくり,6,0.11,.  .,0.1657142857142857,0.1557894736842105,0.0,0.25,0.0
2023-11-20,鳴門,6,一般,1,4543,重木輝彦,35,兵庫,51,A2,6.33,45.83,6.26,48.57,34,29.73,74,33.85,晴,北西,6,6,6.87,1,逃げ,1,0.09,1.12.2,0.14119047619047617,0.185,0.2,0.6,0.4
2023-11-20,鳴門,6,一般,2,4531,武富智亮,35,佐賀,54,A1,6.13,46.23,5.93,46.67,72,40.79,17,25.19,晴,北西,6,6,6.97,2,逃げ,2,0.12,1.14.0,0.14130434782608695,0.13842105263157894,0.5,0.0,0.0
2023-11-20,鳴門,6,一般,3,4863,三浦裕貴,34,東京,56,B1,5.2,31.18,5.5,37.5,53,34.78,12,37.82,晴,北西,6,6,7.04,4,逃げ,3,0.1,1.15.3,0.1444736842105263,0.1493193717277487,0.0,0.25,0.0
2023-11-20,鳴門,6,一般,4,4792,杉村賢也,33,東京,51,B1,4.58,25.3,4.47,15.79,60,31.91,61,20.17,晴,北西,6,6,7.05,5,逃げ,4,0.1,.  .,0.16818181818181818,0.17850000000000002,0.0,0.25,0.0
2023-11-20,鳴門,6,一般,5,3578,塩田雄一,50,香川,51,B1,4.41,18.1,5.06,33.33,27,30.88,62,32.03,晴,北西,6,6,7.23,6,逃げ,5,0.12,.  .,0.17813953488372095,0.19058091286307055,0.0,0.0,0.0
2023-11-20,鳴門,6,一般,6,4640,山ノ内雅,32,福岡,53,A2,5.75,41.82,5.1,40.0,51,30.99,13,32.0,晴,北西,6,6,7.04,3,逃げ,6,0.1,1.15.1,0.15093023255813953,0.13782771535580524,0.6461538461538462,0.3076923076923077,0.0
2023-11-20,鳴門,7,一般,1,5054,佐々木大,27,大阪,52,B1,5.18,33.33,4.13,6.25,64,30.14,76,27.33,晴,北西,7,7,7.01,2,差し,1,0.1,1.13.7,0.15419354838709678,0.16965,0.13636363636363635,0.5909090909090909,0.5454545454545454
2023-11-20,鳴門,7,一般,2,5199,垂水　悠,21,徳島,55,B1,4.0,23.26,3.35,16.91,62,29.2,79,32.69,晴,北西,7,7,7.0,1,差し,2,0.07,1.13.3,0.13256410256410256,0.14039772727272729,0.14285714285714285,0.47619047619047616,0.0
2023-11-20,鳴門,7,一般,3,3459,中野和裕,56,佐賀,54,B1,4.04,19.51,4.93,40.0,38,39.55,29,31.69,晴,北西,7,7,6.99,6,差し,3,0.13,.  .,0.17676470588235293,0.16545918367346937,0.044444444444444446,0.4888888888888889,0.0
2023-11-20,鳴門,7,一般,4,4839,四宮与寛,33,徳島,52,B1,6.35,47.83,5.71,40.12,17,24.0,78,28.1,晴,北西,7,7,6.99,4,差し,4,0.23,1.16.7,0.15439024390243902,0.1512785388127854,0.05,0.35,0.0
2023-11-20,鳴門,7,一般,5,3892,草場康幸,47,佐賀,52,B1,5.44,35.16,5.11,32.14,65,34.04,65,34.09,晴,北西,7,7,7.01,3,差し,5,0.26,1.15.4,0.15000000000000002,0.15786046511627905,0.0,0.4166666666666667,0.0
2023-11-20,鳴門,7,一般,6,4894,原村拓也,32,香川,52,B1,4.45,23.53,4.55,22.58,63,40.43,72,36.36,晴,北西,7,7,7.06,5,差し,6,0.34,.  .,0.19916666666666666,0.16356846473029046,0.1935483870967742,0.5161290322580645,0.0
2023-11-20,鳴門,8,一般,1,3489,大場　敏,56,静岡,53,A1,6.15,41.04,6.25,41.67,71,27.45,28,33.57,晴,北西,7,7,6.98,4,差し,1,0.21,1.15.9,0.16333333333333333,0.16201320132013203,0.029411764705882353,0.47058823529411764,0.5
2023-11-20,鳴門,8,一般,2,3934,鋤柄貴俊,46,愛知,54,B1,5.07,34.78,6.5,50.0,69,27.59,73,34.9,晴,北西,7,7,7.07,2,差し,2,0.17,1.14.2,0.1875,0.16725806451612904,0.058823529411764705,0.2647058823529412,0.0
2023-11-20,鳴門,8,一般,3,4552,杉山勝匡,34,佐賀,51,B1,3.91,25.93,4.26,21.43,55,48.2,77,31.72,晴,北西,7,7,7.09,6,差し,3,0.14,.  .,0.14969696969696972,0.15091346153846155,0.0625,0.3125,0.0
2023-11-20,鳴門,8,一般,4,5278,田中駿兵,21,徳島,52,B2,3.31,11.9,3.15,11.32,31,29.29,34,33.55,晴,北西,7,7,6.96,1,差し,4,0.15,1.12.9,0.2008695652173913,0.1871978021978022,0.038461538461538464,0.15384615384615385,0.0
2023-11-20,鳴門,8,一般,5,3906,飯山晃三,46,長崎,62,B1,4.48,25.83,4.0,16.67,77,28.26,15,31.21,晴,北西,7,7,7.18,5,差し,5,0.17,.  .,0.1873913043478261,0.17927756653992394,0.03571428571428571,0.17857142857142858,0.0
2023-11-20,鳴門,8,一般,6,4092,岡部大輔,42,佐賀,53,A2,5.61,38.57,5.58,42.31,22,32.88,25,28.46,晴,北西,7,7,7.1,3,差し,6,0.21,1.15.4,0.1865909090909091,0.15132142857142855,0.25,0.15,0.0
2023-11-20,鳴門,9,なるちゃん特,1,4498,宮本夏樹,36,長崎,54,A1,5.09,29.84,5.61,39.13,74,33.57,75,40.27,晴,北西,6,6,7.0,6,抜き,1,0.18,.  .,0.1587037037037037,0.1557894736842105,0.0,0.68,0.6
2023-11-20,鳴門,9,なるちゃん特,2,5143,常盤海心,22,徳島,53,B1,3.79,21.05,3.84,20.65,50,29.41,37,40.91,晴,北西,6,6,6.94,5,抜き,2,0.23,.  .,0.20264705882352943,0.1934355828220859,0.05,0.35,0.0
2023-11-20,鳴門,9,なるちゃん特,3,4982,中村将隆,27,兵庫,51,B2,5.06,33.33,2.29,0.0,36,40.0,57,37.01,晴,北西,6,6,7.0,1,抜き,3,0.26,1.14.4,0.19125,0.18329113924050633,0.125,0.2916666666666667,0.0
2023-11-20,鳴門,9,なるちゃん特,4,3851,森田昭彦,51,福岡,56,B1,4.36,23.33,3.86,14.29,33,41.96,39,36.3,晴,北西,6,6,7.03,3,抜き,4,0.27,1.15.8,0.1811111111111111,0.17545454545454545,0.0,0.3125,0.0
2023-11-20,鳴門,9,なるちゃん特,5,5060,数原　魁,26,兵庫,51,A2,5.57,32.38,3.94,11.76,11,23.61,50,29.23,晴,北西,6,6,7.0,2,抜き,5,0.24,1.15.1,0.1764102564102564,0.17666666666666667,0.045454545454545456,0.09090909090909091,0.0
2023-11-20,鳴門,9,なるちゃん特,6,4015,前野竜一,43,山口,60,A1,5.97,36.97,6.03,28.13,21,22.14,67,24.81,晴,北西,6,6,6.97,4,抜き,6,0.41,1.16.8,0.1940625,0.17351351351351352,0.13793103448275862,0.3448275862068966,0.0
2023-11-20,びわこ,1,一般,1,4534,坂咲友理,34,大阪,45,B1,3.48,10.42,6.09,27.27,68,37.4,23,25.89,晴,北西,3,2,6.7,2,まくり,1,0.16,1.50.9,0.19999999999999998,0.19316239316239317,0.1111111111111111,0.4722222222222222,0.5277777777777778
2023-11-20,びわこ,1,一般,2,5003,来田衣織,27,兵庫,54,B1,3.19,12.99,4.45,35.0,41,43.85,11,29.55,晴,北西,3,2,6.94,3,まくり,2,0.12,1.51.4,0.19363636363636363,0.19089285714285714,0.02702702702702703,0.35135135135135137,0.0
2023-11-20,びわこ,1,一般,3,5204,宇恵有香,26,三重,45,B1,3.71,17.11,2.19,3.13,61,32.26,43,26.89,晴,北西,3,2,6.91,1,まくり,3,0.16,1.48.0,0.16714285714285712,0.2023444976076555,0.03333333333333333,0.36666666666666664,0.0
2023-11-20,びわこ,1,一般,4,5254,羽田妃希,20,愛知,47,B2,1.59,2.56,0.0,0.0,21,36.42,20,38.51,晴,北西,3,2,6.84,4,まくり,4,0.13,1.52.1,0.20529411764705882,0.18419354838709678,0.0,0.25806451612903225,0.0
2023-11-20,びわこ,1,一般,5,5297,南　彩寧,21,兵庫,57,B2,1.33,0.0,0.0,0.0,44,25.0,56,32.28,晴,北西,3,2,6.79,5,まくり,6,0.22,.  .,0.25,0.236625,0.034482758620689655,0.06896551724137931,0.0
2023-11-20,びわこ,1,一般,6,4784,向井田真,36,広島,48,B1,3.96,25.3,3.0,11.11,30,34.97,52,33.82,晴,北西,3,2,6.82,6,まくり,5,0.29,.  .,0.18958333333333333,0.19051428571428575,0.3125,0.40625,0.0
2023-11-20,びわこ,2,一般,1,4791,黒澤めぐ,34,東京,48,B1,5.15,32.08,4.94,26.56,50,33.58,68,40.28,晴,北西,2,2,6.77,1,逃げ,1,0.07,1.48.5,0.17696969696969697,0.19374384236453202,0.02702702702702703,0.5135135135135135,0.6486486486486487
2023-11-20,びわこ,2,一般,2,4909,薮内瑞希,28,岡山,44,A2,5.11,29.52,4.53,17.65,31,38.13,24,40.82,晴,北西,2,2,6.78,2,逃げ,2,0.19,1.50.3,0.16341463414634147,0.15809523809523812,0.03125,0.28125,0.0
2023-11-20,びわこ,2,一般,3,4275,菅野はや,41,広島,51,B1,3.93,14.61,2.63,5.26,13,30.41,39,31.03,晴,北西,2,2,6.78,3,逃げ,3,0.11,1.52.7,0.1842857142857143,0.19316279069767442,0.03333333333333333,0.3333333333333333,0.0
2023-11-20,びわこ,2,一般,4,5019,柴田百恵,24,静岡,44,B1,5.4,29.9,0.0,0.0,60,34.44,12,36.99,晴,北西,2,2,6.82,4,逃げ,4,0.17,1.54.1,0.18529411764705883,0.19523809523809524,0.0,0.3870967741935484,0.0
2023-11-20,びわこ,2,一般,5,5291,三嶌ここ,22,香川,50,B2,1.33,0.0,0.0,0.0,40,26.32,55,37.5,晴,北西,2,2,6.84,6,逃げ,5,0.17,.  .,0.204,0.2169135802469136,0.0,0.13793103448275862,0.0
2023-11-20,びわこ,2,一般,6,3943,三松直美,44,岡山,62,B1,4.0,18.18,3.7,13.04,26,41.32,28,30.0,晴,北西,2,2,6.9,5,逃げ,6,0.17,.  .,0.20210526315789473,0.1722314049586777,0.38461538461538464,0.3076923076923077,0.0
2023-11-20,びわこ,3,一般,1,5205,刑部亜里,26,静岡,48,B1,5.92,40.63,1.17,0.0,38,33.33,63,36.43,晴,北西,4,4,6.72,1,逃げ,1,0.17,1.48.3,0.18833333333333332,0.15916666666666668,0.06060606060606061,0.45454545454545453,0.6363636363636364
2023-11-20,びわこ,3,一般,2,4680,後藤美翼,33,東京,46,B1,5.54,33.33,2.75,0.0,64,35.76,18,29.41,晴,北西,4,4,6.87,4,逃げ,2,0.17,1.52.7,0.19756097560975608,0.20371428571428574,0.125,0.3125,0.0
2023-11-20,びわこ,3,一般,3,4893,渡邉真奈,33,東京,47,B1,4.75,20.0,0.0,0.0,53,32.39,14,43.92,晴,北西,4,4,6.86,2,逃げ,3,0.17,1.50.5,0.1614814814814815,0.16,0.10714285714285714,0.25,0.0
2023-11-20,びわこ,3,一般,4,4225,土屋千明,41,群馬,46,B1,5.96,38.6,4.81,27.78,45,38.89,25,33.33,晴,北西,4,4,6.96,6,逃げ,4,0.28,.  .,0.16454545454545455,0.16114649681528662,0.03125,0.1875,0.0
2023-11-20,びわこ,3,一般,5,4913,清水さく,27,愛知,52,B2,4.86,32.43,3.5,7.89,57,52.84,38,35.97,晴,北西,4,4,6.79,3,逃げ,5,0.25,1.52.3,0.2307142857142857,0.20474747474747473,0.03571428571428571,0.14285714285714285,0.0
2023-11-20,びわこ,3,一般,6,5250,嶋田有里,21,長崎,48,B2,1.8,2.04,1.13,0.0,20,36.5,62,37.67,晴,北西,4,4,6.83,5,逃げ,6,0.29,.  .,0.25457831325301206,0.24851239669421488,0.35135135135135137,0.32432432432432434,0.0
2023-11-20,びわこ,4,一般,1,3289,高橋淳美,60,大阪,46,B1,4.84,29.13,4.72,28.0,58,36.11,69,26.13,晴,北西,4,4,6.79,1,逃げ,1,0.08,1.49.9,0.17645161290322584,0.1837823834196891,0.046511627906976744,0.46511627906976744,0.5813953488372093
2023-11-20,びわこ,4,一般,2,5146,野田彩加,20,山口,51,B1,4.03,22.54,5.11,22.22,15,32.35,67,27.97,晴,北西,4,4,6.8,3,逃げ,2,0.13,1.53.2,0.24423076923076922,0.22898089171974523,0.1,0.4,0.0
2023-11-20,びわこ,4,一般,3,5165,小林愛実,23,岡山,46,B1,4.27,23.64,3.1,9.52,25,38.16,26,32.61,晴,北西,4,4,6.74,2,逃げ,3,0.14,1.51.5,0.19296296296296298,0.20201117318435757,0.02631578947368421,0.3157894736842105,0.0
2023-11-20,びわこ,4,一般,4,5231,寺田空詩,20,山口,46,B1,3.52,15.79,2.36,0.0,59,39.06,70,36.64,晴,北西,4,4,6.72,4,逃げ,4,0.07,1.54.3,0.21613636363636363,0.21453703703703705,0.0,0.21621621621621623,0.0
2023-11-20,びわこ,4,一般,5,4965,福岡泉水,26,兵庫,52,B1,3.39,17.07,3.8,30.0,51,36.43,60,35.46,晴,北西,4,4,6.73,5,逃げ,5,0.02,.  .,0.1523076923076923,0.18342105263157893,0.0,0.21875,0.0
2023-11-20,びわこ,4,一般,6,5306,河内悠利,20,群馬,47,B2,1.24,0.0,1.1,0.0,48,28.7,51,32.84,晴,北西,4,4,6.75,6,逃げ,6,0.22,.  .,0.23385964912280702,0.22851851851851854,0.4642857142857143,0.32142857142857145,0.0
2023-11-20,びわこ,5,一般,1,4611,今井美亜,33,福井,49,A2,5.48,38.24,4.41,24.14,34,31.29,59,39.46,晴,北西,2,2,6.78,1,逃げ,1,0.13,1.47.7,0.1268421052631579,0.1594685990338164,0.12903225806451613,0.45161290322580644,0.45161290322580644
2023-11-20,びわこ,5,一般,2,4929,梅内夕貴,28,東京,46,B2,2.36,8.33,1.67,0.0,56,22.64,36,28.57,晴,北西,2,2,6.79,6,逃げ,2,0.18,.  .,0.17333333333333334,0.19578947368421054,0.3076923076923077,0.23076923076923078,0.0
2023-11-20,びわこ,5,一般,3,4098,赤澤文香,41,岡山,50,B1,4.36,16.47,4.36,13.64,63,27.19,32,29.03,晴,北西,2,2,6.89,5,逃げ,3,0.13,.  .,0.17243243243243242,0.18596938775510205,0.12121212121212122,0.30303030303030304,0.0
2023-11-20,びわこ,5,一般,4,3900,香川素子,46,滋賀,47,A2,6.26,43.88,6.13,43.56,32,36.36,71,36.23,晴,北西,2,2,6.85,2,逃げ,4,0.1,1.49.1,0.18162162162162163,0.16552742616033758,0.125,0.2916666666666667,0.0
2023-11-20,びわこ,5,一般,5,5264,登みひ果,24,兵庫,44,B2,2.03,1.49,1.29,0.0,65,38.81,37,32.12,晴,北西,2,2,6.72,4,逃げ,5,0.14,1.51.9,0.21644444444444444,0.21506666666666666,0.0,0.27586206896551724,0.0
2023-11-20,びわこ,5,一般,6,4897,深見亜由,32,愛知,45,B1,5.8,36.47,5.21,37.5,72,24.78,44,40.56,晴,北西,2,2,6.93,3,逃げ,6,0.17,1.51.3,0.22617647058823528,0.19764444444444443,0.4,0.0,0.0
2023-11-20,びわこ,6,一般,1,4045,佐々木裕,44,山口,46,A2,5.11,39.66,7.18,54.55,19,36.64,57,17.8,晴,北西,3,3,6.74,1,逃げ,1,0.19,1.48.6,0.16825,0.16319444444444445,0.0,0.16666666666666666,0.3333333333333333
2023-11-20,びわこ,6,一般,2,4819,蜂須瑞生,32,群馬,46,B1,5.78,37.68,4.47,29.41,18,36.88,53,25.96,晴,北西,3,3,6.92,5,逃げ,2,0.2,.  .,0.18966666666666668,0.1746103896103896,0.0,0.16666666666666666,0.0
2023-11-20,びわこ,6,一般,3,5003,来田衣織,27,兵庫,54,B1,3.19,12.99,4.45,35.0,41,43.85,11,29.55,晴,北西,3,3,6.9,6,逃げ,3,0.31,.  .,0.17037037037037037,0.19089285714285714,0.0,0.3333333333333333,0.0
2023-11-20,びわこ,6,一般,4,4275,菅野はや,41,広島,51,B1,3.93,14.61,2.63,5.26,13,30.41,39,31.03,晴,北西,3,3,6.82,3,逃げ,4,0.16,1.51.6,0.17463414634146343,0.19316279069767442,0.0,0.0,0.0
2023-11-20,びわこ,6,一般,5,5254,羽田妃希,20,愛知,47,B2,1.59,2.56,0.0,0.0,21,36.42,20,38.51,晴,北西,3,3,6.84,2,逃げ,5,0.14,1.50.8,0.16785714285714287,0.18419354838709678,0.0,0.0,0.0
2023-11-20,びわこ,6,一般,6,5113,黒明花夢,23,岡山,47,B2,4.21,20.78,2.17,0.0,36,36.31,72,33.59,晴,北西,3,3,6.88,4,逃げ,6,0.22,1.53.2,0.20049999999999998,0.1694160583941606,0.5238095238095238,0.35714285714285715,0.0
2023-11-20,びわこ,7,一般,1,4372,原田佑実,36,大阪,46,A2,5.42,28.21,4.94,33.33,14,34.56,33,21.55,曇り,北西,4,4,6.77,2,まくり差し,1,0.23,1.55.5,0.15028571428571427,0.1513095238095238,0.16666666666666666,0.5333333333333333,0.5333333333333333
2023-11-20,びわこ,7,一般,2,4893,渡邉真奈,33,東京,47,B1,4.75,20.0,0.0,0.0,53,32.39,14,43.92,曇り,北西,4,4,6.82,3,まくり差し,2,0.22,1.57.6,0.1776,0.16,0.13333333333333333,0.3333333333333333,0.0
2023-11-20,びわこ,7,一般,3,4569,中澤宏奈,35,東京,48,B1,4.33,27.05,4.76,22.03,66,41.72,46,44.44,曇り,北西,4,4,6.7,1,まくり差し,3,0.21,1.52.9,0.18543478260869564,0.18392561983471073,0.13157894736842105,0.3684210526315789,0.0
2023-11-20,びわこ,7,一般,4,5151,山下奈緒,28,大阪,47,B1,3.27,7.23,1.81,0.0,47,34.29,64,35.29,曇り,北西,4,4,6.79,4,まくり差し,4,0.26,2.00.0,0.24972972972972973,0.2426595744680851,0.038461538461538464,0.3076923076923077,0.0
2023-11-20,びわこ,7,一般,6,5297,南　彩寧,21,兵庫,57,B2,1.33,0.0,0.0,0.0,44,25.0,56,32.28,曇り,北西,4,4,6.71,5,まくり差し,6,0.22,.  .,0.23134615384615384,0.236625,0.0,0.5,0.0
2023-11-20,びわこ,8,一般,1,4844,村上奈穂,30,広島,48,B1,4.34,28.57,4.55,15.0,46,32.64,16,40.27,晴,北西,4,4,6.75,1,逃げ,1,0.11,1.49.1,0.16521739130434782,0.19490445859872613,0.35714285714285715,0.5,0.0
2023-11-20,びわこ,8,一般,2,5204,宇恵有香,26,三重,45,B1,3.71,17.11,2.19,3.13,61,32.26,43,26.89,晴,北西,4,4,6.8,3,逃げ,2,0.16,1.52.5,0.24363636363636365,0.2023444976076555,0.18421052631578946,0.34210526315789475,0.5263157894736842
2023-11-20,びわこ,8,一般,3,4965,福岡泉水,26,兵庫,52,B1,3.39,17.07,3.8,30.0,51,36.43,60,35.46,晴,北西,4,4,6.8,2,逃げ,3,0.13,1.50.3,0.1675,0.18342105263157893,0.05714285714285714,0.4,0.0
2023-11-20,びわこ,8,一般,4,4913,清水さく,27,愛知,52,B2,4.86,32.43,3.5,7.89,57,52.84,38,35.97,晴,北西,4,4,6.73,5,逃げ,4,0.14,.  .,0.20833333333333334,0.20474747474747473,0.05555555555555555,0.25,0.0
2023-11-20,びわこ,8,一般,5,4909,薮内瑞希,28,岡山,44,A2,5.11,29.52,4.53,17.65,31,38.13,24,40.82,晴,北西,4,4,6.82,6,逃げ,5,0.16,.  .,0.15594594594594596,0.15809523809523812,0.05,0.35,0.0
2023-11-20,びわこ,8,一般,6,5291,三嶌ここ,22,香川,50,B2,1.33,0.0,0.0,0.0,40,26.32,55,37.5,晴,北西,4,4,6.84,4,逃げ,6,0.17,1.55.4,0.22267857142857145,0.2169135802469136,0.0,0.2,0.0
2023-11-20,びわこ,9,ビナちゃん特,1,4225,土屋千明,41,群馬,46,B1,5.96,38.6,4.81,27.78,45,38.89,25,33.33,晴,北西,3,3,6.92,5,まくり,1,0.21,.  .,0.1472,0.16114649681528662,0.2,0.26666666666666666,0.0
2023-11-20,びわこ,9,ビナちゃん特,2,4897,深見亜由,32,愛知,45,B1,5.8,36.47,5.21,37.5,72,24.78,44,40.56,晴,北西,3,3,6.89,3,まくり,2,0.31,1.51.8,0.18878048780487805,0.19764444444444443,0.05555555555555555,0.1111111111111111,0.6111111111111112
2023-11-20,びわこ,9,ビナちゃん特,3,5019,柴田百恵,24,静岡,44,B1,5.4,29.9,0.0,0.0,60,34.44,12,36.99,晴,北西,3,3,6.86,4,まくり,3,0.24,1.53.8,0.2076666666666667,0.19523809523809524,0.0,0.10526315789473684,0.0
2023-11-20,びわこ,9,ビナちゃん特,4,3943,三松直美,44,岡山,62,B1,4.0,18.18,3.7,13.04,26,41.32,28,30.0,晴,北西,3,3,6.88,1,まくり,4,0.11,1.49.8,0.173,0.1722314049586777,0.0,0.11764705882352941,0.0
2023-11-20,びわこ,9,ビナちゃん特,5,5165,小林愛実,23,岡山,46,B1,4.27,23.64,3.1,9.52,25,38.16,26,32.61,晴,北西,3,3,6.82,2,まくり,5,0.09,1.51.2,0.20176470588235296,0.20201117318435757,0.0,0.3125,0.0
2023-11-20,びわこ,9,ビナちゃん特,6,4246,喜多那由,41,静岡,49,B1,4.68,28.57,3.96,10.71,39,30.88,35,30.5,晴,北西,3,3,6.86,6,まくり,6,0.13,.  .,0.1858064516129032,0.18303921568627451,0.11764705882352941,0.0,0.0
2023-11-20,蒲郡,1,一般戦,1,5120,山本稔太,22,愛知,54,B1,5.49,35.71,4.68,29.82,54,37.89,21,37.23,晴,北西,5,2,6.62,2,差し,1,0.09,1.50.5,0.11913043478260871,0.15211428571428573,0.34782608695652173,0.391304347826087,0.0
2023-11-20,蒲郡,1,一般戦,2,2014,高塚清一,76,静岡,54,B1,3.85,13.83,5.22,37.04,31,25.56,64,25.93,晴,北西,5,2,6.69,5,差し,2,0.08,.  .,0.16911764705882354,0.17382075471698114,0.038461538461538464,0.34615384615384615,0.46153846153846156
2023-11-20,蒲郡,1,一般戦,3,3202,三品隆浩,58,東京,53,B1,4.32,19.75,3.12,8.0,46,35.42,22,41.94,晴,北西,5,2,6.75,3,差し,3,0.05,1.52.9,0.1673529411764706,0.1772972972972973,0.10344827586206896,0.27586206896551724,0.0
2023-11-20,蒲郡,1,一般戦,4,3620,信濃由行,49,福井,54,B1,4.45,24.14,4.19,19.44,20,35.42,65,31.33,晴,北西,5,2,6.79,1,差し,4,0.06,1.50.0,0.16416666666666666,0.17669767441860465,0.09090909090909091,0.3181818181818182,0.0
2023-11-20,蒲郡,1,一般戦,5,4905,土井祥伍,29,大阪,53,B1,4.45,23.75,2.35,0.0,52,22.58,52,26.09,晴,北西,5,2,6.8,4,差し,5,0.1,1.53.0,0.24666666666666667,0.19675324675324676,0.0,0.36,0.0
2023-11-20,蒲郡,1,一般戦,6,5319,近藤颯斗,22,愛知,52,B2,0.0,0.0,0.0,0.0,37,50.6,24,32.93,晴,北西,5,2,6.79,6,差し,6,0.2,.  .,0.19999999999999998,0.215,0.0,0.2,0.0
2023-11-20,蒲郡,2,一般戦,1,4231,鈴木裕隆,40,愛知,59,B1,4.64,25.0,4.77,28.79,56,30.34,57,23.17,晴,北西,5,2,6.76,6,差し,1,0.16,.  .,0.15787878787878787,0.18324000000000001,0.5666666666666667,0.36666666666666664,0.0
2023-11-20,蒲郡,2,一般戦,2,4067,永井　源,43,愛知,51,A1,6.68,48.57,6.55,45.86,18,14.86,58,24.64,晴,北西,5,2,6.66,2,差し,2,0.18,1.51.7,0.19622222222222221,0.16154761904761905,0.14545454545454545,0.43636363636363634,0.4
2023-11-20,蒲郡,2,一般戦,3,4054,福嶋智之,45,岡山,52,B1,4.81,31.63,5.3,39.13,62,63.1,29,17.5,晴,北西,5,2,6.66,3,差し,3,0.16,1.52.7,0.1388888888888889,0.14966981132075471,0.12727272727272726,0.45454545454545453,0.0
2023-11-20,蒲郡,2,一般戦,4,4410,井上大輔,37,岡山,52,B1,5.02,33.94,0.0,0.0,48,24.44,46,44.21,晴,北西,5,2,6.79,4,差し,4,0.18,1.54.4,0.14608695652173911,0.16317647058823528,0.08,0.5,0.0
2023-11-20,蒲郡,2,一般戦,5,3303,渡辺　豊,56,東京,54,A2,6.46,42.95,5.9,39.58,28,37.21,61,36.78,晴,北西,5,2,6.75,5,差し,5,0.23,.  .,0.17777777777777778,0.18010169491525424,0.04081632653061224,0.3877551020408163,0.0
2023-11-20,蒲郡,2,一般戦,6,4565,西村豪洋,35,愛知,53,B1,4.91,29.23,5.34,32.86,55,36.71,25,33.68,晴,北西,5,2,6.76,1,差し,6,0.27,1.49.7,0.1940740740740741,0.17271676300578034,0.0,0.40476190476190477,0.0
2023-11-20,蒲郡,3,一般戦,1,5252,荒木颯斗,21,愛知,53,B1,3.22,10.23,1.5,0.0,24,36.46,49,29.55,晴,北西,5,2,6.67,6,差し,1,0.03,.  .,,,0.6197183098591549,0.29577464788732394,0.0
2023-11-20,蒲郡,3,一般戦,2,3905,天野友和,46,愛知,54,A1,5.96,41.8,5.79,34.44,30,22.97,30,34.85,晴,北西,5,2,6.69,1,差し,2,0.05,1.49.7,0.16347826086956524,0.15712121212121213,0.25,0.3541666666666667,0.5416666666666666
2023-11-20,蒲郡,3,一般戦,3,4706,三浦洋次,35,愛知,46,A2,5.53,35.35,6.42,48.65,39,37.04,39,37.66,晴,北西,5,2,6.72,2,差し,3,0.08,1.51.0,0.16022727272727272,0.1729296875,0.2,0.48,0.0
2023-11-20,蒲郡,3,一般戦,4,4417,服部　剛,36,静岡,54,B1,4.63,25.26,4.59,17.24,27,33.33,51,40.91,晴,北西,5,2,6.81,5,差し,4,0.14,.  .,0.1782758620689655,0.187,0.2,0.4222222222222222,0.0
2023-11-20,蒲郡,3,一般戦,5,4407,鹿島敏弘,37,群馬,60,B1,5.38,29.52,4.38,25.0,32,24.72,23,19.05,晴,北西,5,2,6.78,3,差し,5,0.12,1.53.4,0.20600000000000002,0.18169117647058824,0.11904761904761904,0.38095238095238093,0.0
2023-11-20,蒲郡,3,一般戦,6,5166,仲道大輔,23,愛知,50,B1,5.52,32.94,2.82,10.0,64,26.67,34,38.54,晴,北西,5,2,6.81,4,差し,6,0.15,1.54.2,0.1503846153846154,0.17093922651933702,0.04878048780487805,0.5853658536585366,0.0
2023-11-20,蒲郡,4,一般戦,1,4557,松尾光広,33,岡山,58,B1,4.65,29.87,3.0,20.0,34,32.47,26,22.22,晴,北西,5,2,6.73,1,逃げ,1,0.15,1.50.3,0.17714285714285716,0.17794444444444446,0.7777777777777778,0.15555555555555556,0.0
2023-11-20,蒲郡,4,一般戦,2,3867,松浦　勝,48,愛知,55,B2,4.07,21.43,3.3,14.04,29,44.09,36,35.42,晴,北西,5,2,6.68,3,逃げ,2,0.12,1.52.3,0.18181818181818182,0.16102564102564101,0.2619047619047619,0.40476190476190477,0.42857142857142855
2023-11-20,蒲郡,4,一般戦,3,4926,吉川貴仁,30,三重,51,A1,7.07,59.21,6.49,51.28,22,26.03,27,12.33,晴,北西,5,2,6.63,5,逃げ,3,0.25,.  .,0.16028571428571428,0.15248826291079814,0.3142857142857143,0.4,0.0
2023-11-20,蒲郡,4,一般戦,4,3813,佐藤大介,47,愛知,54,A1,6.46,45.69,6.43,42.86,26,39.47,28,31.52,晴,北西,5,2,6.75,2,逃げ,4,0.12,1.51.4,0.2028888888888889,0.16555984555984557,0.21428571428571427,0.35714285714285715,0.0
2023-11-20,蒲郡,4,一般戦,5,4995,田邉亮蔵,32,東京,55,B1,4.51,26.87,1.8,0.0,23,29.07,47,37.63,晴,北西,5,2,6.68,6,逃げ,5,0.19,.  .,0.21,0.19516483516483518,0.3181818181818182,0.2727272727272727,0.0
2023-11-20,蒲郡,4,一般戦,6,4850,野中一平,29,愛知,52,A2,7.25,61.16,7.05,59.34,36,34.94,31,25.27,晴,北西,5,2,6.72,4,逃げ,6,0.06,1.53.5,0.1011764705882353,0.11015209125475285,0.3939393939393939,0.2727272727272727,0.0
2023-11-20,蒲郡,5,一般戦,1,5159,笠間憲哉,25,愛知,50,B1,2.49,7.22,1.85,3.64,47,28.72,33,30.34,晴,北西,6,3,6.79,3,まくり差し,1,0.3,1.53.3,0.16999999999999998,0.17465240641711233,0.0,0.0,0.0
2023-11-20,蒲郡,5,一般戦,2,4218,吉川喜継,42,滋賀,52,A1,6.5,47.48,5.82,35.29,59,26.37,54,32.26,晴,北西,6,3,6.78,4,まくり差し,2,0.26,1.54.0,0.15175,0.16617647058823531,0.4,0.32,0.0
2023-11-20,蒲郡,5,一般戦,3,4491,田中　堅,36,群馬,52,B1,5.73,37.39,4.62,23.81,61,40.0,50,27.71,晴,北西,6,3,6.76,5,まくり差し,3,0.29,.  .,0.18357142857142858,0.19118577075098814,0.02127659574468085,0.48936170212765956,0.574468085106383
2023-11-20,蒲郡,5,一般戦,4,4043,桐本康臣,44,三重,54,A1,6.0,40.71,5.82,27.27,38,31.25,62,31.4,晴,北西,6,3,6.72,2,まくり差し,4,0.26,1.51.1,0.16325,0.15811023622047246,0.23684210526315788,0.47368421052631576,0.0
2023-11-20,蒲郡,5,一般戦,5,4430,永田秀二,38,東京,55,A2,6.19,47.32,6.7,60.61,51,34.02,41,38.64,晴,北西,6,3,6.7,1,まくり差し,5,0.27,1.50.4,0.18025641025641026,0.17964980544747083,0.13513513513513514,0.43243243243243246,0.0
2023-11-20,蒲郡,5,一般戦,6,3419,栗原謙治,53,群馬,56,B1,3.9,22.09,3.74,12.77,25,22.22,43,41.03,晴,北西,6,3,6.83,6,まくり差し,6,0.31,.  .,0.23700000000000002,0.21422222222222223,0.18181818181818182,0.5,0.0
2023-11-20,蒲郡,6,一般戦,1,4339,平瀬城啓,39,福井,52,B1,4.12,22.37,3.89,11.11,58,30.77,55,42.86,晴,北西,6,2,6.8,5,まくり,1,0.1,.  .,0.14409090909090908,0.1847398843930636,0.0967741935483871,0.5806451612903226,0.0
2023-11-20,蒲郡,6,一般戦,2,3984,坂口　周,45,三重,54,A1,6.42,51.15,7.02,62.0,33,32.53,60,36.96,晴,北西,6,2,6.82,1,まくり,2,0.05,1.59.0,0.16674418604651162,0.1631640625,0.6296296296296297,0.3333333333333333,0.0
2023-11-20,蒲郡,6,一般戦,3,4593,小坂宗司,42,大阪,51,A2,5.45,35.62,5.56,44.44,60,27.78,48,45.63,晴,北西,6,2,6.86,3,まくり,3,0.07,2.04.7,0.1403225806451613,0.14292397660818715,0.07142857142857142,0.2857142857142857,0.4642857142857143
2023-11-20,蒲郡,6,一般戦,4,4054,福嶋智之,45,岡山,52,B1,4.81,31.63,5.3,39.13,62,63.1,29,17.5,晴,北西,6,2,6.83,2,まくり,4,0.11,2.02.8,0.1461764705882353,0.14966981132075471,0.12121212121212122,0.42424242424242425,0.0
2023-11-20,蒲郡,6,一般戦,5,5319,近藤颯斗,22,愛知,52,B2,0.0,0.0,0.0,0.0,37,50.6,24,32.93,晴,北西,6,2,6.91,4,まくり,6,0.09,2.06.0,0.26,0.215,0.06666666666666667,0.36666666666666664,0.0
2023-11-20,蒲郡,7,一般戦,1,4518,大須賀友,36,愛知,52,A2,6.7,50.0,5.68,38.0,35,35.29,38,30.77,晴,北西,5,2,6.75,1,逃げ,1,0.06,1.49.1,0.15023809523809525,0.1647417840375587,0.06896551724137931,0.41379310344827586,0.0
2023-11-20,蒲郡,7,一般戦,2,4565,西村豪洋,35,愛知,53,B1,4.91,29.23,5.34,32.86,55,36.71,25,33.68,晴,北西,5,2,6.73,6,逃げ,2,0.05,.  .,0.18466666666666667,0.17271676300578034,0.08695652173913043,0.17391304347826086,0.0
2023-11-20,蒲郡,7,一般戦,3,3950,石川哲秀,47,大阪,56,B1,4.35,28.09,4.14,28.57,57,35.23,63,30.14,晴,北西,5,2,6.8,5,逃げ,3,0.12,.  .,0.1471875,0.14969325153374233,0.4166666666666667,0.25,0.0
2023-11-20,蒲郡,7,一般戦,4,3792,田中　豪,51,東京,53,A1,5.61,38.1,5.61,32.26,66,45.78,45,39.78,晴,北西,5,2,6.76,2,逃げ,4,0.15,1.50.1,0.17783783783783785,0.1873134328358209,0.1111111111111111,0.3333333333333333,0.5185185185185185
2023-11-20,蒲郡,7,一般戦,5,5120,山本稔太,22,愛知,54,B1,5.49,35.71,4.68,29.82,54,37.89,21,37.23,晴,北西,5,2,6.73,3,逃げ,5,0.16,1.51.4,0.16088235294117648,0.15211428571428573,0.1111111111111111,0.37037037037037035,0.0
2023-11-20,蒲郡,7,一般戦,6,5321,一色颯輝,21,愛知,56,B2,0.0,0.0,0.0,0.0,49,30.43,32,40.82,晴,北西,5,2,6.82,4,逃げ,6,0.18,1.53.1,0.29000000000000004,0.24,0.05263157894736842,0.2631578947368421,0.0
2023-11-20,蒲郡,8,一般戦,1,4570,前田聖文,35,愛知,54,A2,5.7,38.26,6.23,47.54,63,30.0,35,47.83,晴,北西,5,2,6.79,1,抜き,1,0.16,1.49.4,0.13380952380952382,0.14115079365079367,0.0,0.25925925925925924,0.0
2023-11-20,蒲郡,8,一般戦,2,3202,三品隆浩,58,東京,53,B1,4.32,19.75,3.12,8.0,46,35.42,22,41.94,晴,北西,5,2,6.89,2,抜き,2,0.18,1.51.0,0.15823529411764706,0.1772972972972973,0.07142857142857142,0.17857142857142858,0.0
2023-11-20,蒲郡,8,一般戦,3,5252,荒木颯斗,21,愛知,53,B1,3.22,10.23,1.5,0.0,24,36.46,49,29.55,晴,北西,5,2,6.81,4,抜き,3,0.14,1.53.2,0.275,0.16009852216748768,0.36,0.36,0.0
2023-11-20,蒲郡,8,一般戦,4,3940,飯山　泰,45,東京,50,A1,6.63,49.6,5.35,34.52,65,40.0,66,34.44,晴,北西,5,2,6.78,5,抜き,4,0.12,.  .,0.13999999999999999,0.13768456375838928,0.13157894736842105,0.4473684210526316,0.5789473684210527
2023-11-20,蒲郡,8,一般戦,5,4557,松尾光広,33,岡山,58,B1,4.65,29.87,3.0,20.0,34,32.47,26,22.22,晴,北西,5,2,6.86,3,抜き,5,0.14,1.52.6,0.17147058823529412,0.17794444444444446,0.034482758620689655,0.3448275862068966,0.0
2023-11-20,蒲郡,8,一般戦,6,5318,河内一馬,22,愛知,54,B2,0.0,0.0,0.0,0.0,53,47.06,59,27.91,晴,北西,5,2,6.79,6,抜き,6,0.16,.  .,0.25666666666666665,0.21800000000000003,0.03225806451612903,0.22580645161290322,0.0
2023-11-20,蒲郡,9,準優勝戦,1,4926,吉川貴仁,30,三重,51,A1,7.07,59.21,6.49,51.28,22,26.03,27,12.33,晴,北西,5,2,6.7,1,逃げ,1,0.1,1.49.0,0.12625,0.15248826291079814,0.0,0.20588235294117646,0.0
2023-11-20,蒲郡,9,準優勝戦,2,4043,桐本康臣,44,三重,54,A1,6.0,40.71,5.82,27.27,38,31.25,62,31.4,晴,北西,5,2,6.73,3,逃げ,2,0.13,1.52.1,0.13347826086956524,0.15811023622047246,0.0,0.13636363636363635,0.0
2023-11-20,蒲郡,9,準優勝戦,3,4067,永井　源,43,愛知,51,A1,6.68,48.57,6.55,45.86,18,14.86,58,24.64,晴,北西,5,2,6.78,2,逃げ,3,0.17,1.49.6,0.1527272727272727,0.16154761904761905,0.5238095238095238,0.3333333333333333,0.0
2023-11-20,蒲郡,9,準優勝戦,4,3303,渡辺　豊,56,東京,54,A2,6.46,42.95,5.9,39.58,28,37.21,61,36.78,晴,北西,5,2,6.83,4,逃げ,4,0.19,1.52.9,0.18302325581395348,0.18010169491525424,0.10714285714285714,0.2857142857142857,0.4642857142857143
2023-11-20,蒲郡,9,準優勝戦,5,3905,天野友和,46,愛知,54,A1,5.96,41.8,5.79,34.44,30,22.97,30,34.85,晴,北西,5,2,6.76,5,逃げ,5,0.17,.  .,0.1523076923076923,0.15712121212121213,0.15384615384615385,0.34615384615384615,0.0
2023-11-20,蒲郡,9,準優勝戦,6,4417,服部　剛,36,静岡,54,B1,4.63,25.26,4.59,17.24,27,33.33,51,40.91,晴,北西,5,2,6.81,6,逃げ,6,0.17,.  .,0.1711111111111111,0.187,0.038461538461538464,0.3076923076923077,0.0
2023-11-20,平和島,1,予選,1,3911,鈴木　猛,49,東京,54,B1,4.94,28.42,5.55,38.3,46,28.05,62,27.5,晴,北,5,3,6.71,3,まくり,1,0.16,1.53.9,0.1459375,0.15655813953488373,0.041666666666666664,0.25,0.0
2023-11-20,平和島,1,予選,2,4790,柳内敬太,34,兵庫,51,A2,6.13,48.0,4.74,31.58,35,40.74,69,24.05,晴,北,5,3,6.76,1,まくり,2,0.06,1.49.4,0.13289473684210526,0.15296,0.0,0.043478260869565216,0.0
2023-11-20,平和島,1,予選,3,4460,後藤翔之,37,東京,55,A2,6.84,51.94,7.11,58.11,53,29.63,59,30.0,晴,北,5,3,6.65,2,まくり,3,0.07,1.51.8,0.1475,0.13488805970149254,0.6,0.2,0.0
2023-11-20,平和島,1,予選,4,4419,原加央理,36,埼玉,47,B1,5.45,33.8,5.05,31.71,59,29.41,70,23.08,晴,北,5,3,6.67,5,まくり,4,0.1,.  .,0.1325,0.1485792349726776,0.02857142857142857,0.5428571428571428,0.6
2023-11-20,平和島,1,予選,5,5314,中曽瑠華,23,東京,48,B2,0.0,0.0,0.0,0.0,74,26.83,29,32.18,晴,北,5,3,6.59,6,まくり,6,0.14,.  .,,,0.05714285714285714,0.42857142857142855,0.0
2023-11-20,平和島,1,予選,6,4203,小倉康典,41,群馬,53,B1,4.43,26.37,4.51,26.32,37,45.05,26,41.18,晴,北,5,3,6.71,4,まくり,5,0.17,1.55.6,0.18193548387096772,0.1671090047393365,0.03225806451612903,0.25806451612903225,0.0
2023-11-20,平和島,2,予選,1,5153,佐藤ほの,27,東京,46,B1,2.81,9.26,2.04,2.94,69,28.75,23,37.36,晴,北,6,4,6.7,4,まくり,1,0.22,1.56.9,0.18619047619047618,0.1669047619047619,0.02857142857142857,0.2571428571428571,0.0
2023-11-20,平和島,2,予選,2,4488,小山　勉,37,埼玉,53,A1,6.07,42.73,7.2,70.0,67,36.14,56,27.17,晴,北,6,4,6.7,2,まくり,2,0.23,1.53.3,0.16391304347826088,0.16585271317829456,0.0,0.17647058823529413,0.0
2023-11-20,平和島,2,予選,3,4318,桑原将光,39,東京,52,A2,5.75,35.51,6.73,48.65,30,32.05,11,44.32,晴,北,6,4,6.75,6,まくり,3,0.22,.  .,0.13936170212765958,0.144452296819788,0.6666666666666666,0.0,0.0
2023-11-20,平和島,2,予選,4,4457,神田達也,37,愛知,53,B1,4.96,31.88,4.75,37.5,73,47.62,64,30.51,晴,北,6,4,6.66,1,まくり,4,0.28,1.52.0,0.20961538461538462,0.20271084337349396,0.3333333333333333,0.0,0.6666666666666666
2023-11-20,平和島,2,予選,5,4786,佐藤博亮,35,愛知,55,A2,6.96,58.16,5.0,38.89,60,37.5,30,27.78,晴,北,6,4,6.64,3,まくり,5,0.21,1.55.2,0.11642857142857144,0.13478947368421051,0.0,0.25,0.0
2023-11-20,平和島,2,予選,6,4843,深尾巴恵,31,群馬,47,B1,5.72,46.15,5.07,36.96,16,48.84,63,24.1,晴,北,6,4,6.57,5,まくり,6,0.37,.  .,0.1984,0.17412790697674418,0.0,0.5,0.0
2023-11-20,平和島,3,予選,1,3994,茶谷　桜,44,滋賀,46,B1,5.71,31.88,4.79,25.0,25,43.96,17,44.83,晴,北,7,5,6.67,4,まくり差し,1,0.24,1.54.9,0.21821428571428572,0.19764705882352943,0.0,0.0,0.0
2023-11-20,平和島,3,予選,2,4877,鈴谷一平,29,兵庫,58,A1,6.34,46.36,4.08,15.38,14,39.08,34,33.67,晴,北,7,5,6.63,2,まくり差し,2,0.15,1.52.9,0.12666666666666668,0.1402510460251046,0.0,0.0,0.0
2023-11-20,平和島,3,予選,3,3338,出本正博,58,広島,55,B1,3.3,5.41,0.0,0.0,21,30.38,61,31.65,晴,北,7,5,6.59,6,まくり差し,3,0.22,.  .,0.156875,0.17203703703703702,0.5454545454545454,0.2727272727272727,0.0
2023-11-20,平和島,3,予選,4,4644,山田亮太,44,東京,52,A2,5.8,44.03,4.76,20.69,50,22.67,66,25.0,晴,北,7,5,6.69,1,まくり差し,4,0.15,1.50.8,0.16275,0.15894941634241247,0.10714285714285714,0.5,0.6071428571428571
2023-11-20,平和島,3,予選,5,4560,庄司樹良,32,東京,58,A2,4.15,19.23,5.27,37.5,61,32.93,33,33.71,晴,北,7,5,6.58,5,まくり差し,5,0.11,.  .,0.1603030303030303,0.15657754010695188,0.0,0.40625,0.0
2023-11-20,平和島,3,予選,6,5023,久永祥平,28,東京,51,B1,4.08,18.07,4.66,23.93,20,23.08,55,37.5,晴,北,7,5,6.66,3,まくり差し,6,0.07,1.54.4,0.20407407407407407,0.17053763440860215,0.0,0.35714285714285715,0.0
2023-11-20,平和島,4,予選,1,5189,藤原早菜,23,岡山,46,B1,4.34,20.43,2.11,0.0,56,16.0,67,42.68,晴,北,7,5,6.68,3,まくり,1,0.22,1.53.0,0.19357142857142856,0.18717277486910994,0.0,0.2962962962962963,0.0
2023-11-20,平和島,4,予選,2,4703,森永　隆,35,山口,51,A1,6.69,52.38,5.33,22.22,65,36.49,16,35.71,晴,北,7,5,6.56,4,まくり,2,0.19,1.54.1,0.12522727272727271,0.13307692307692306,0.0,0.2727272727272727,0.0
2023-11-20,平和島,4,予選,3,4709,岡村将也,34,福岡,54,A2,5.78,40.35,0.0,0.0,17,32.5,60,24.69,晴,北,7,5,6.68,1,まくり,3,0.2,1.49.9,0.15333333333333335,0.15465587044534415,0.38461538461538464,0.5,0.0
2023-11-20,平和島,4,予選,4,5066,鈴木孝明,25,埼玉,54,A2,6.2,46.3,4.44,22.22,39,34.94,68,35.53,晴,北,7,5,6.71,2,まくり,4,0.27,1.52.0,0.13119999999999998,0.1352840909090909,0.10344827586206896,0.3448275862068966,0.5517241379310345
2023-11-20,平和島,4,予選,5,4103,山崎善庸,44,埼玉,54,B1,4.06,18.75,5.0,31.25,28,21.79,57,39.76,晴,北,7,5,6.73,5,まくり,5,0.34,.  .,0.2207142857142857,0.2216969696969697,0.029411764705882353,0.35294117647058826,0.0
2023-11-20,平和島,4,予選,6,5310,土屋　蘭,18,岡山,48,B2,1.17,0.0,0.0,0.0,38,40.0,25,40.24,晴,北,7,5,6.83,6,まくり,6,0.34,.  .,0.1776,0.203,0.038461538461538464,0.11538461538461539,0.0
2023-11-20,平和島,5,東京ベイラン,1,4191,赤羽克也,42,埼玉,54,A1,6.59,54.63,6.17,39.58,75,28.92,74,33.75,晴,北,6,4,6.53,1,逃げ,1,0.13,1.50.5,0.14113636363636364,0.15531645569620253,0.03571428571428571,0.14285714285714285,0.0
2023-11-20,平和島,5,東京ベイラン,2,4943,八木治樹,32,愛知,54,B1,4.37,17.95,4.0,23.81,40,27.85,22,33.71,晴,北,6,4,6.54,4,逃げ,2,0.15,1.55.8,0.14423076923076922,0.15622641509433963,0.0,0.0,0.0
2023-11-20,平和島,5,東京ベイラン,3,3850,小川知行,51,群馬,52,B1,4.54,25.0,5.64,41.03,64,27.38,20,22.89,晴,北,6,4,6.59,2,逃げ,3,0.16,1.53.7,0.15526315789473685,0.14359605911330048,0.45161290322580644,0.3548387096774194,0.0
2023-11-20,平和島,5,東京ベイラン,4,4484,稲生夏季,33,東京,49,B1,4.34,13.68,4.79,19.72,24,22.89,10,23.17,晴,北,6,4,6.73,3,逃げ,4,0.23,1.54.7,0.1753125,0.19372972972972974,0.2222222222222222,0.3611111111111111,0.5277777777777778
2023-11-20,平和島,5,東京ベイラン,5,4365,盛本真輔,38,兵庫,52,B1,4.99,29.75,4.5,20.0,70,39.02,24,40.54,晴,北,6,4,6.55,5,逃げ,5,0.24,.  .,0.19795918367346937,0.18597701149425286,0.08571428571428572,0.4,0.0
2023-11-20,平和島,6,予選,1,4146,柳橋宏紀,41,滋賀,52,B1,4.55,27.62,5.2,25.0,27,32.53,72,28.21,晴,北,4,3,6.67,5,まくり,1,0.25,.  .,0.1625714285714286,0.16270742358078602,0.06896551724137931,0.5172413793103449,0.0
2023-11-20,平和島,6,予選,2,3869,井芹大志,48,福岡,54,B1,4.34,23.26,5.13,37.5,32,36.59,65,18.42,晴,北,4,3,6.77,4,まくり,2,0.16,1.54.9,0.1875757575757576,0.1883589743589744,0.0,0.23529411764705882,0.0
2023-11-20,平和島,6,予選,3,4169,多田有佑,41,東京,57,B1,4.86,27.78,4.64,27.27,18,25.64,35,32.18,晴,北,4,3,6.76,6,まくり,3,0.13,.  .,0.14184210526315788,0.1645070422535211,0.03571428571428571,0.17857142857142858,0.0
2023-11-20,平和島,6,予選,4,3681,山谷　央,50,東京,51,A2,5.6,33.33,6.47,44.92,23,40.96,58,32.91,晴,北,4,3,6.6,1,まくり,4,0.03,1.52.0,0.16489361702127658,0.16228346456692913,0.5833333333333334,0.2916666666666667,0.0
2023-11-20,平和島,6,予選,5,4594,谷川祐一,42,滋賀,53,A1,6.23,51.0,6.07,50.0,57,37.35,21,38.2,晴,北,4,3,6.76,3,まくり,5,0.06,1.54.2,0.14970588235294116,0.13976923076923078,0.08,0.52,0.76
2023-11-20,平和島,6,予選,6,5201,村上宗太,21,東京,53,B1,3.98,20.2,3.22,11.11,52,30.95,27,32.18,晴,北,4,3,6.68,2,まくり,6,0.05,1.52.6,0.21363636363636362,0.16976958525345623,0.125,0.5,0.0
2023-11-20,平和島,7,予選,1,3081,岡本慎治,60,山口,52,B1,5.11,30.67,0.0,0.0,12,26.51,31,28.57,晴,北,5,4,6.73,5,まくり,1,0.25,.  .,0.16079999999999997,0.1661904761904762,0.045454545454545456,0.2727272727272727,0.0
2023-11-20,平和島,7,予選,2,4064,原田篤志,44,山口,51,A1,6.42,48.36,7.44,44.44,13,37.18,12,34.12,晴,北,5,4,6.72,3,まくり,2,0.23,1.53.7,0.14340909090909093,0.1560553633217993,0.04,0.2,0.0
2023-11-20,平和島,7,予選,3,3838,伊藤啓三,48,埼玉,52,A2,5.97,40.0,6.13,40.0,68,41.18,32,43.62,晴,北,5,4,6.77,4,まくり,3,0.23,1.55.3,0.12431818181818181,0.1257370517928287,0.0,0.35,0.0
2023-11-20,平和島,7,予選,4,5228,若林樹蘭,21,東京,52,B1,5.54,32.93,4.02,22.22,33,21.95,15,18.18,晴,北,5,4,6.67,1,まくり,4,0.09,1.49.5,0.15806451612903227,0.14696969696969697,0.07692307692307693,0.4230769230769231,0.0
2023-11-20,平和島,7,予選,5,3994,茶谷　桜,44,滋賀,46,B1,5.71,31.88,4.79,25.0,25,43.96,17,44.83,晴,北,5,4,6.71,6,まくり,5,0.12,.  .,0.16633333333333333,0.19764705882352943,0.0,0.41935483870967744,0.45161290322580644
2023-11-20,平和島,7,予選,6,4700,金子和之,36,埼玉,53,A2,5.41,38.3,6.53,47.06,31,30.12,71,21.33,晴,北,5,4,6.51,2,まくり,6,0.08,1.51.8,0.1953125,0.1878238341968912,0.06060606060606061,0.36363636363636365,0.0
2023-11-20,平和島,8,ベイブレイク,1,4644,山田亮太,44,東京,52,A2,5.8,44.03,4.76,20.69,50,22.67,66,25.0,晴,北,6,5,6.66,2,まくり,1,0.21,1.51.9,0.16191489361702127,0.15894941634241247,0.03571428571428571,0.25,0.0
2023-11-20,平和島,8,ベイブレイク,2,4203,小倉康典,41,群馬,53,B1,4.43,26.37,4.51,26.32,37,45.05,26,41.18,晴,北,6,5,6.71,3,まくり,2,0.21,1.55.0,0.18542857142857144,0.1671090047393365,0.0,0.2692307692307692,0.0
2023-11-20,平和島,8,ベイブレイク,3,5189,藤原早菜,23,岡山,46,B1,4.34,20.43,2.11,0.0,56,16.0,67,42.68,晴,北,6,5,6.75,4,まくり,3,0.21,1.55.8,0.20459459459459461,0.18717277486910994,0.0,0.13043478260869565,0.0
2023-11-20,平和島,8,ベイブレイク,4,3484,芝田浩治,52,兵庫,54,A1,5.91,40.52,6.24,46.94,15,28.57,14,39.78,晴,北,6,5,6.63,1,まくり,4,0.16,1.51.2,0.15244444444444444,0.15667870036101084,0.1875,0.53125,0.0
2023-11-20,平和島,8,ベイブレイク,5,4811,向井田佑,34,広島,50,B1,5.47,32.43,0.0,0.0,41,18.75,13,30.68,晴,北,6,5,6.75,5,まくり,5,0.15,.  .,0.15625,0.16079831932773112,0.11764705882352941,0.20588235294117646,0.4411764705882353
2023-11-20,平和島,8,ベイブレイク,6,5279,石渡翔一,21,東京,52,B1,3.64,15.46,2.64,10.71,26,27.16,28,38.46,晴,北,6,5,6.76,6,まくり,6,0.19,.  .,0.15596153846153846,0.15875,0.043478260869565216,0.21739130434782608,0.0
2023-11-20,平和島,9,予選特賞,1,4560,庄司樹良,32,東京,58,A2,4.15,19.23,5.27,37.5,61,32.93,33,33.71,晴,北,5,4,6.54,1,逃げ,1,0.12,1.50.1,0.14551724137931032,0.15657754010695188,0.058823529411764705,0.2647058823529412,0.0
2023-11-20,平和島,9,予選特賞,2,3911,鈴木　猛,49,東京,54,B1,4.94,28.42,5.55,38.3,46,28.05,62,27.5,晴,北,5,4,6.63,5,逃げ,2,0.13,.  .,0.1617948717948718,0.15655813953488373,0.08108108108108109,0.13513513513513514,0.0
2023-11-20,平和島,9,予選特賞,3,4786,佐藤博亮,35,愛知,55,A2,6.96,58.16,5.0,38.89,60,37.5,30,27.78,晴,北,5,4,6.58,6,逃げ,3,0.3,.  .,0.1428125,0.13478947368421051,0.03125,0.25,0.0
2023-11-20,平和島,9,予選特賞,4,4103,山崎善庸,44,埼玉,54,B1,4.06,18.75,5.0,31.25,28,21.79,57,39.76,晴,北,5,4,6.62,2,逃げ,4,0.22,1.52.2,0.22653846153846155,0.2216969696969697,0.0,1.0,0.0
2023-11-20,平和島,9,予選特賞,5,4191,赤羽克也,42,埼玉,54,A1,6.59,54.63,6.17,39.58,75,28.92,74,33.75,晴,北,5,4,6.65,3,逃げ,5,0.16,1.53.5,0.15967741935483873,0.15531645569620253,0.0,0.3333333333333333,0.6666666666666666
2023-11-20,平和島,9,予選特賞,6,4057,松井賢治,44,兵庫,52,A1,6.06,41.86,5.71,37.5,49,22.78,75,42.86,晴,北,5,4,6.67,4,逃げ,6,0.18,1.54.8,0.16279069767441862,0.15450184501845018,0.0,1.0,0.0
2023-11-20,江戸川,1,一般,1,3855,大熊辰弥,51,香川,53,B1,3.65,13.58,6.44,55.56,50,26.85,35,35.34,晴,北西,9,15,6.85,1,抜き,1,0.58,1.56.4,0.19222222222222224,0.21525,0.0,1.0,0.0
2023-11-20,江戸川,1,一般,2,4202,浮田圭浩,41,岡山,56,B1,4.43,22.45,5.64,36.0,41,33.33,18,36.54,晴,北西,9,15,6.88,5,抜き,2,0.46,.  .,0.1788888888888889,0.1889300411522634,0.0,0.75,0.0
2023-11-20,江戸川,1,一般,3,4976,金山立樹,29,東京,54,B1,4.26,20.73,4.94,30.65,32,36.52,17,40.18,晴,北西,9,15,6.96,4,抜き,3,0.39,1.58.9,0.19,0.18737864077669902,0.0,0.4,0.0
2023-11-20,江戸川,1,一般,4,4041,小林基樹,44,山口,54,B1,4.72,31.0,0.0,0.0,61,18.18,60,34.86,晴,北西,9,15,7.08,3,抜き,4,0.41,1.58.6,0.2161290322580645,0.195906432748538,0.3333333333333333,0.43137254901960786,0.0
2023-11-20,江戸川,1,一般,5,5285,若林　麗,24,東京,51,B2,1.26,0.0,1.22,0.0,67,40.18,36,28.97,晴,北西,9,15,6.91,6,抜き,5,0.38,.  .,0.22576923076923078,0.230875,0.06382978723404255,0.48936170212765956,0.5319148936170213
2023-11-20,江戸川,1,一般,6,4432,黄金井力,37,埼玉,56,B1,5.18,26.19,5.56,32.0,23,17.0,49,40.18,晴,北西,9,15,7.02,2,抜き,6,0.32,1.57.5,0.22,0.17452380952380953,0.10810810810810811,0.43243243243243246,0.0
2023-11-20,江戸川,2,一般,1,3065,増田弘喜,63,埼玉,55,B1,4.0,16.9,4.82,23.53,46,39.62,31,27.68,晴,北西,9,20,6.86,4,まくり,1,0.47,1.19.4,0.1870967741935484,0.21356481481481482,0.07692307692307693,0.4358974358974359,0.0
2023-11-20,江戸川,2,一般,2,4656,大崎　翔,36,兵庫,59,B1,4.75,25.29,5.6,30.95,35,26.5,43,30.28,晴,北西,9,20,6.84,1,まくり,2,0.31,1.16.6,0.14057142857142857,0.137720207253886,0.125,0.28125,0.0
2023-11-20,江戸川,2,一般,3,4251,川崎誠志,40,山口,52,B1,4.57,29.7,5.9,44.83,71,28.18,41,33.03,晴,北西,9,20,6.81,2,まくり,3,0.46,1.18.0,0.16833333333333333,0.19690476190476192,0.05714285714285714,0.2571428571428571,0.0
2023-11-20,江戸川,2,一般,4,4474,渡辺　崇,36,福岡,57,B1,5.11,28.44,0.0,0.0,37,38.53,28,36.21,晴,北西,9,20,6.91,5,まくり,4,0.57,.  .,0.1841860465116279,0.17427966101694917,0.746031746031746,0.15873015873015872,0.0
2023-11-20,江戸川,2,一般,5,3655,本橋克洋,50,群馬,54,A2,5.59,35.59,6.9,52.08,48,31.58,58,27.08,晴,北西,9,20,6.9,3,まくり,5,0.53,1.18.6,0.18027027027027026,0.17798449612403103,0.2549019607843137,0.5294117647058824,0.5294117647058824
2023-11-20,江戸川,3,一般,1,3967,鈴木茂高,44,愛知,57,B1,4.44,21.82,4.68,26.03,15,39.09,29,22.33,晴,北西,7,15,6.79,4,まくり差し,1,0.11,1.17.6,0.16,0.19434389140271494,0.07692307692307693,0.4423076923076923,0.0
2023-11-20,江戸川,3,一般,2,4069,山本修一,43,岡山,53,A1,6.95,53.06,6.57,46.67,29,35.65,22,29.46,晴,北西,7,15,6.8,5,まくり差し,2,0.12,.  .,0.15621621621621623,0.16054794520547946,0.17073170731707318,0.43902439024390244,0.0
2023-11-20,江戸川,3,一般,3,4818,伏見俊介,32,東京,56,A2,5.37,33.85,5.7,37.66,49,23.85,25,20.39,晴,北西,7,15,6.91,6,まくり差し,3,0.11,.  .,0.1192,0.1350887573964497,0.046511627906976744,0.5116279069767442,0.0
2023-11-20,江戸川,3,一般,4,4674,池田剛規,36,福岡,51,B1,4.98,30.84,4.23,13.64,47,19.19,19,27.68,晴,北西,7,15,6.82,2,まくり差し,4,0.09,1.16.2,0.15305555555555556,0.15130044843049328,0.07317073170731707,0.2926829268292683,0.0
2023-11-20,江戸川,3,一般,5,3740,大澤普司,49,群馬,56,A2,6.34,48.48,6.8,57.14,51,39.09,45,44.04,晴,北西,7,15,6.8,1,まくり差し,5,0.06,1.15.1,0.1688888888888889,0.15624000000000002,0.41935483870967744,0.41935483870967744,0.0
2023-11-20,江戸川,3,一般,6,4729,佐藤謙史,34,福岡,56,B1,4.51,18.18,4.8,29.11,30,27.88,64,24.53,晴,北西,7,15,6.66,3,まくり差し,6,0.11,1.17.0,0.17379310344827587,0.17080645161290323,0.14705882352941177,0.38235294117647056,0.6176470588235294
2023-11-20,江戸川,4,一般,1,4368,山口隆史,38,福岡,53,B1,4.13,22.95,5.25,32.14,22,30.84,59,35.14,晴,北西,6,15,6.65,1,逃げ,1,0.11,1.15.0,0.1725,0.1846236559139785,0.29411764705882354,0.2647058823529412,0.0
2023-11-20,江戸川,4,一般,2,3863,海老澤泰,49,東京,57,A2,4.29,24.17,6.0,45.83,64,40.52,21,42.48,晴,北西,6,15,6.69,3,逃げ,2,0.17,1.17.0,0.1404081632653061,0.1574329501915709,0.14814814814814814,0.3333333333333333,0.0
2023-11-20,江戸川,4,一般,3,3686,鳥居塚孝,48,群馬,52,A2,6.02,41.27,6.04,41.07,10,44.44,56,33.64,晴,北西,6,15,6.76,2,逃げ,3,0.25,1.16.2,0.1513953488372093,0.14581673306772908,0.0,0.42857142857142855,0.0
2023-11-20,江戸川,4,一般,4,5100,栗原一馬,27,群馬,57,B2,3.76,20.34,2.9,8.7,26,34.58,61,30.91,晴,北西,6,15,6.77,5,逃げ,4,0.22,.  .,0.18000000000000002,0.18584070796460178,0.0,0.13636363636363635,0.0
2023-11-20,江戸川,4,一般,5,3105,内山文典,60,東京,54,A2,5.54,37.7,5.88,43.22,27,44.04,11,36.52,晴,北西,6,15,6.74,4,逃げ,5,0.27,1.18.1,0.16971428571428573,0.16365853658536583,0.5964912280701754,0.3333333333333333,0.0
2023-11-20,江戸川,4,一般,6,4405,南野利騰,38,福井,54,B1,4.49,20.0,5.8,40.0,24,22.94,20,33.33,晴,北西,6,15,6.76,6,逃げ,6,0.26,.  .,0.1809090909090909,0.15702970297029703,0.14754098360655737,0.45901639344262296,0.5409836065573771
2023-11-20,江戸川,5,一般,1,4976,金山立樹,29,東京,54,B1,4.26,20.73,4.94,30.65,32,36.52,17,40.18,晴,北西,7,15,6.66,4,まくり,1,0.26,1.17.0,0.175,0.18737864077669902,0.16326530612244897,0.5918367346938775,0.0
2023-11-20,江戸川,5,一般,2,3277,齋藤　勇,57,東京,52,B1,4.47,22.34,5.41,34.15,38,23.15,66,32.48,晴,北西,7,15,6.72,5,まくり,2,0.31,.  .,0.17710526315789474,0.16513966480446926,0.09302325581395349,0.3953488372093023,0.0
2023-11-20,江戸川,5,一般,3,4973,栗原直也,31,埼玉,51,A2,2.51,8.57,5.21,36.54,57,31.58,13,31.82,晴,北西,7,15,6.69,6,まくり,3,0.32,.  .,0.1588,0.184468085106383,0.1111111111111111,0.4444444444444444,0.0
2023-11-20,江戸川,5,一般,4,4122,安東幸治,41,福岡,56,A2,6.18,44.8,6.61,51.61,14,40.18,14,41.28,晴,北西,7,15,6.72,2,まくり,4,0.26,1.16.6,0.162,0.17055335968379445,0.05,0.45,0.0
2023-11-20,江戸川,5,一般,5,3876,中辻崇人,46,福岡,53,A1,7.49,66.1,8.67,66.67,11,47.79,37,31.73,晴,北西,7,15,6.66,1,まくり,5,0.21,1.14.5,0.13474999999999998,0.13612781954887218,0.6842105263157895,0.15789473684210525,0.0
2023-11-20,江戸川,5,一般,6,5111,三村岳人,24,岡山,50,B1,4.94,30.56,3.35,5.88,21,35.14,68,44.44,晴,北西,7,15,6.74,3,まくり,6,0.26,1.17.0,0.14653846153846153,0.15473933649289098,0.13043478260869565,0.5217391304347826,0.4782608695652174
2023-11-20,江戸川,6,一般,1,4438,森作雄大,37,東京,53,A2,5.64,37.84,5.34,31.65,43,34.91,33,30.19,晴,北西,6,15,6.64,6,差し,1,0.18,.  .,0.15630434782608696,0.1490494296577947,0.20454545454545456,0.36363636363636365,0.0
2023-11-20,江戸川,6,一般,2,5172,田村　慶,22,徳島,52,B1,4.66,28.7,3.26,16.13,56,21.43,48,30.43,晴,北西,6,15,6.63,1,差し,2,0.16,1.15.3,0.18170731707317073,0.1736574074074074,0.0851063829787234,0.3829787234042553,0.0
2023-11-20,江戸川,6,一般,3,3855,大熊辰弥,51,香川,53,B1,3.65,13.58,6.44,55.56,50,26.85,35,35.34,晴,北西,6,15,6.76,4,差し,3,0.28,1.17.2,0.217027027027027,0.21525,0.05555555555555555,0.3055555555555556,0.0
2023-11-20,江戸川,6,一般,4,4475,末永祐輝,36,山口,55,A1,5.86,38.02,4.8,20.0,40,35.71,67,25.74,晴,北西,6,15,6.7,5,差し,4,0.25,.  .,0.1478723404255319,0.14723247232472325,0.0,0.32558139534883723,0.0
2023-11-20,江戸川,6,一般,5,4656,大崎　翔,36,兵庫,59,B1,4.75,25.29,5.6,30.95,35,26.5,43,30.28,晴,北西,6,15,6.74,3,差し,5,0.31,1.17.1,0.142,0.137720207253886,0.52,0.24,0.0
2023-11-20,江戸川,6,一般,6,4292,麻生慎介,38,広島,51,A1,6.45,42.34,5.14,40.91,39,29.57,12,39.02,晴,北西,6,15,6.67,2,差し,6,0.24,1.16.7,0.15028571428571427,0.14764940239043825,0.09375,0.5,0.65625
2023-11-20,江戸川,7,一般,1,4467,渡邉俊介,37,愛知,51,A2,5.19,31.82,5.77,37.5,34,29.36,71,37.17,晴,北西,7,15,6.7,3,抜き,1,0.19,1.17.0,0.13647058823529412,0.1359622641509434,0.16129032258064516,0.3548387096774194,0.0
2023-11-20,江戸川,7,一般,2,3602,奥平拓也,53,東京,51,B1,3.86,13.92,5.87,41.14,54,27.72,54,24.47,晴,北西,7,15,6.82,2,抜き,2,0.14,1.16.0,0.1626829268292683,0.1791703056768559,0.037037037037037035,0.4074074074074074,0.0
2023-11-20,江戸川,7,一般,3,3771,折下寛法,49,東京,51,A2,5.65,35.58,5.87,38.03,69,39.09,34,31.67,晴,北西,7,15,6.8,1,抜き,3,0.16,1.15.5,0.13583333333333333,0.14063636363636364,0.07407407407407407,0.07407407407407407,0.0
2023-11-20,江戸川,7,一般,4,3581,加木　郁,50,山口,54,B1,4.89,24.55,5.13,25.0,12,38.89,47,29.82,晴,北西,7,15,6.78,4,抜き,4,0.22,1.17.5,0.17093023255813955,0.1864102564102564,0.0,0.08333333333333333,0.0
2023-11-20,江戸川,7,一般,5,5257,西丸侑太,19,香川,54,B1,2.98,4.76,2.85,0.0,65,51.4,65,35.4,晴,北西,7,15,6.76,6,抜き,5,0.24,.  .,0.19569767441860467,0.19623430962343097,0.13636363636363635,0.45454545454545453,0.0
2023-11-20,江戸川,7,一般,6,4202,浮田圭浩,41,岡山,56,B1,4.43,22.45,5.64,36.0,41,33.33,18,36.54,晴,北西,7,15,6.79,5,抜き,6,0.28,.  .,0.19891891891891894,0.1889300411522634,0.0,0.27586206896551724,0.41379310344827586
2023-11-20,江戸川,8,一般,1,3300,川崎智幸,56,岡山,53,A1,6.36,47.58,6.17,46.67,16,40.0,55,33.33,晴,北西,7,15,6.7,1,逃げ,1,0.24,1.14.9,0.15317460317460319,0.1459106529209622,0.12,0.28,0.0
2023-11-20,江戸川,8,一般,2,3655,本橋克洋,50,群馬,54,A2,5.59,35.59,6.9,52.08,48,31.58,58,27.08,晴,北西,7,15,6.83,2,逃げ,2,0.31,1.16.6,0.18551020408163266,0.17798449612403103,0.07407407407407407,0.18518518518518517,0.0
2023-11-20,江戸川,8,一般,3,4674,池田剛規,36,福岡,51,B1,4.98,30.84,4.23,13.64,47,19.19,19,27.68,晴,北西,7,15,6.78,5,逃げ,3,0.22,.  .,0.15764705882352942,0.15130044843049328,0.0,0.23076923076923078,0.0
2023-11-20,江戸川,8,一般,4,3065,増田弘喜,63,埼玉,55,B1,4.0,16.9,4.82,23.53,46,39.62,31,27.68,晴,北西,7,15,6.78,4,逃げ,4,0.18,1.18.2,0.21405405405405406,0.21356481481481482,0.0,0.15789473684210525,0.0
2023-11-20,江戸川,8,一般,5,4683,向井田直,33,広島,46,B1,4.39,29.33,6.09,54.55,66,27.93,53,34.62,晴,北西,7,15,6.84,3,逃げ,5,0.16,1.17.7,0.14454545454545456,0.1275392670157068,0.4166666666666667,0.4166666666666667,0.0
2023-11-20,江戸川,8,一般,6,5190,大月遊雅,22,東京,53,B1,2.99,9.72,2.25,3.77,19,37.39,51,24.53,晴,北西,7,15,6.77,6,逃げ,6,0.23,.  .,0.20857142857142857,0.17024691358024693,0.09375,0.25,0.4375
2023-11-20,江戸川,9,一般特賞,1,3105,内山文典,60,東京,54,A2,5.54,37.7,5.88,43.22,27,44.04,11,36.52,晴,北西,7,15,6.73,5,まくり差し,1,0.24,.  .,0.15729166666666666,0.16365853658536583,0.22580645161290322,0.2903225806451613,0.0
2023-11-20,江戸川,9,一般特賞,2,4474,渡辺　崇,36,福岡,57,B1,5.11,28.44,0.0,0.0,37,38.53,28,36.21,晴,北西,7,15,6.73,3,まくり差し,2,0.26,1.16.9,0.189,0.17427966101694917,0.13793103448275862,0.3103448275862069,0.0
2023-11-20,江戸川,9,一般特賞,3,3629,浅見昌克,54,埼玉,52,A2,5.57,36.92,6.57,51.79,20,32.46,30,35.24,晴,北西,7,15,6.72,1,まくり差し,3,0.22,1.15.3,0.13564102564102565,0.13150214592274678,0.08,0.44,0.0
2023-11-20,江戸川,9,一般特賞,4,4069,山本修一,43,岡山,53,A1,6.95,53.06,6.57,46.67,29,35.65,22,29.46,晴,北西,7,15,6.8,2,まくり差し,4,0.21,1.15.7,0.15967741935483873,0.16054794520547946,0.2692307692307692,0.15384615384615385,0.0
2023-11-20,江戸川,9,一般特賞,5,4003,表　憲一,46,福井,54,B1,5.59,28.43,6.23,32.5,60,39.09,63,38.46,晴,北西,7,15,6.8,4,まくり差し,5,0.21,1.17.2,0.18634146341463417,0.19124481327800832,0.3870967741935484,0.2903225806451613,0.0
2023-11-20,江戸川,9,一般特賞,6,3277,齋藤　勇,57,東京,52,B1,4.47,22.34,5.41,34.15,38,23.15,66,32.48,晴,北西,7,15,6.75,6,まくり差し,6,0.22,.  .,0.1759090909090909,0.16513966480446926,0.0625,0.3125,0.5
2023-11-20,戸田,1,一般戦,1,5053,山口広樹,28,福岡,55,B1,4.49,21.43,0.0,0.0,3,24.59,19,27.87,晴,北西,6,5,6.87,1,逃げ,1,0.15,1.51.4,0.14814814814814814,0.17782383419689118,0.07142857142857142,0.4642857142857143,0.0
2023-11-20,戸田,1,一般戦,2,5065,伊久間陽,25,群馬,52,B1,4.41,28.92,3.26,16.13,1,25.0,67,28.57,晴,北西,6,5,6.95,5,逃げ,2,0.51,.  .,0.11942857142857143,0.1248989898989899,0.037037037037037035,0.14814814814814814,0.0
2023-11-20,戸田,1,一般戦,4,5175,島崎丈一,19,東京,52,B1,3.74,17.24,2.08,5.48,29,37.5,53,35.38,晴,北西,6,5,6.96,3,逃げ,4,0.27,1.55.2,0.18310344827586209,0.18535911602209942,0.03125,0.125,0.0
2023-11-20,戸田,1,一般戦,5,5131,江藤敦宏,24,福岡,52,B1,3.37,14.52,3.5,11.54,34,28.79,66,34.78,晴,北西,6,5,6.83,4,逃げ,5,0.23,2.00.4,0.20299999999999999,0.17666666666666667,0.0,0.14285714285714285,0.0
2023-11-20,戸田,1,一般戦,6,5288,尾道佳諭,24,埼玉,59,B2,1.49,0.0,1.44,0.0,16,49.33,47,33.85,晴,北西,6,5,6.83,2,逃げ,6,0.19,1.54.2,0.1777142857142857,0.17103448275862068,0.3793103448275862,0.4482758620689655,0.0
2023-11-20,戸田,2,一般戦,1,5115,香川颯太,23,滋賀,52,B1,5.41,36.94,4.38,15.38,9,25.42,57,23.73,晴,北西,6,5,6.9,1,逃げ,1,0.08,1.50.8,0.13806451612903226,0.14393364928909952,0.10714285714285714,0.39285714285714285,0.4642857142857143
2023-11-20,戸田,2,一般戦,2,5209,小野京平,25,福岡,58,B1,3.0,11.84,0.0,0.0,32,42.03,23,29.03,晴,北西,6,5,6.93,4,逃げ,2,0.09,1.54.8,0.16722222222222224,0.16396739130434784,0.05714285714285714,0.4,0.0
2023-11-20,戸田,2,一般戦,3,5160,藤森陸斗,24,福岡,54,B1,3.55,16.28,3.2,13.33,18,34.29,29,33.8,晴,北西,6,5,6.99,2,逃げ,3,0.08,1.52.2,0.12186046511627907,0.1464622641509434,0.034482758620689655,0.4827586206896552,0.0
2023-11-20,戸田,2,一般戦,4,5191,飛田江己,22,埼玉,51,B1,5.05,35.92,3.54,14.43,49,31.94,73,25.0,晴,北西,6,5,7.01,3,逃げ,4,0.09,1.53.7,0.1611904761904762,0.1580408163265306,0.0,0.25,0.0
2023-11-20,戸田,2,一般戦,5,5042,畑田汰一,25,埼玉,52,A2,6.89,52.63,6.47,50.68,52,25.93,63,37.29,晴,北西,6,5,6.91,5,逃げ,5,0.12,.  .,0.12870967741935485,0.13078260869565217,0.0,0.14285714285714285,0.0
2023-11-20,戸田,2,一般戦,6,5292,佐藤右京,22,東京,57,B2,1.33,0.0,0.0,0.0,42,37.84,54,37.1,晴,北西,6,5,7.01,6,逃げ,6,0.21,.  .,0.2527272727272727,0.24014925373134327,0.5681818181818182,0.2727272727272727,0.0
2023-11-20,戸田,3,一般戦,1,5138,村本大成,23,福岡,53,B1,2.97,5.13,3.33,0.0,65,36.36,36,38.57,晴,北西,5,4,6.92,2,差し,1,0.15,1.53.8,0.15266666666666667,0.17410071942446043,0.11627906976744186,0.5813953488372093,0.5813953488372093
2023-11-20,戸田,3,一般戦,2,5098,大江　純,27,愛知,53,B1,4.75,23.53,5.6,40.0,33,35.59,74,30.16,晴,北西,5,4,6.92,3,差し,2,0.14,1.54.4,0.159,0.1522058823529412,0.125,0.475,0.0
2023-11-20,戸田,3,一般戦,3,5048,眞鳥康太,29,長崎,57,B1,5.21,33.33,0.0,0.0,55,22.03,69,20.55,晴,北西,5,4,6.91,5,差し,3,0.13,.  .,0.1663888888888889,0.18372549019607845,0.16279069767441862,0.37209302325581395,0.0
2023-11-20,戸田,3,一般戦,4,5137,川原　涼,23,愛知,53,B1,4.25,23.6,3.22,18.92,17,25.0,14,30.16,晴,北西,5,4,6.95,1,差し,4,0.12,1.52.0,0.14166666666666666,0.1514207650273224,0.05263157894736842,0.34210526315789475,0.0
2023-11-20,戸田,3,一般戦,5,5212,西川拓利,25,福岡,57,B1,3.31,9.47,0.0,0.0,58,10.0,22,16.18,晴,北西,5,4,6.98,6,差し,5,0.14,.  .,0.17389830508474577,0.17085365853658538,0.024390243902439025,0.34146341463414637,0.0
2023-11-20,戸田,3,一般戦,6,5051,松本純平,28,埼玉,53,A1,6.85,51.49,5.3,32.35,31,42.65,28,29.69,晴,北西,5,4,6.87,4,差し,6,0.13,1.54.7,0.20142857142857143,0.16258741258741258,0.5957446808510638,0.3191489361702128,0.0
2023-11-20,戸田,4,一般戦,1,5035,櫻井　優,25,埼玉,53,B1,4.51,27.52,5.02,35.24,27,37.31,56,31.08,晴,北西,5,4,6.99,2,差し,1,0.21,1.52.9,0.1682142857142857,0.17957142857142858,0.15217391304347827,0.4782608695652174,0.45652173913043476
2023-11-20,戸田,4,一般戦,2,5107,松本真広,24,福岡,48,B1,3.67,15.22,1.93,0.0,39,25.42,18,29.41,晴,北西,5,4,6.99,6,差し,2,0.15,.  .,0.18342105263157893,0.17769607843137256,0.1509433962264151,0.39622641509433965,0.0
2023-11-20,戸田,4,一般戦,3,5222,津田陸翔,22,広島,52,B1,4.72,23.08,0.0,0.0,40,31.75,24,35.94,晴,北西,5,4,6.85,3,差し,3,0.13,1.53.9,0.14588235294117646,0.16293532338308458,0.06521739130434782,0.41304347826086957,0.0
2023-11-20,戸田,4,一般戦,4,5210,藤井公人,25,福岡,57,B1,2.18,2.99,0.0,0.0,37,45.88,15,27.27,晴,北西,5,4,6.91,5,差し,6,0.24,.  .,0.17375000000000002,0.1779754601226994,0.05405405405405406,0.43243243243243246,0.0
2023-11-20,戸田,4,一般戦,5,4980,佐々木完,27,山口,51,A1,6.98,55.0,7.33,55.56,45,29.31,35,27.42,晴,北西,5,4,7.02,1,差し,4,0.18,1.52.1,0.1565625,0.1489344262295082,0.0,0.40540540540540543,0.0
2023-11-20,戸田,4,一般戦,6,4978,山田和佐,29,広島,52,B1,4.15,20.0,0.0,0.0,53,27.87,44,35.21,晴,北西,5,4,7.06,4,差し,5,0.21,1.56.2,0.158,0.15225806451612903,0.5,0.45,0.0
2023-11-20,戸田,5,一般戦,1,5130,上野拓馬,25,三重,52,B1,4.25,15.38,3.36,19.4,61,44.62,75,34.43,晴,北西,5,4,6.85,5,まくり,1,0.13,.  .,0.20888888888888887,0.18787878787878787,0.16666666666666666,0.5555555555555556,0.6111111111111112
2023-11-20,戸田,5,一般戦,2,5090,生方靖亜,23,群馬,54,B1,4.81,29.9,4.29,16.33,15,26.92,25,38.71,晴,北西,5,4,6.86,1,まくり,2,0.1,1.49.8,0.15046511627906975,0.17436681222707423,0.15,0.4,0.0
2023-11-20,戸田,5,一般戦,3,5065,伊久間陽,25,群馬,52,B1,4.41,28.92,3.26,16.13,1,25.0,67,28.57,晴,北西,5,4,6.98,4,まくり,3,0.16,1.54.7,0.12382352941176471,0.1248989898989899,0.05555555555555555,0.5,0.0
2023-11-20,戸田,5,一般戦,4,5020,宮村勇哉,31,三重,54,B1,3.8,20.37,2.56,0.0,24,32.81,45,30.0,晴,北西,5,4,6.91,3,まくり,4,0.04,1.53.1,0.17166666666666666,0.17073394495412844,0.0,0.5294117647058824,0.0
2023-11-20,戸田,5,一般戦,5,5053,山口広樹,28,福岡,55,B1,4.49,21.43,0.0,0.0,3,24.59,19,27.87,晴,北西,5,4,6.94,6,まくり,5,0.05,.  .,0.19451612903225807,0.17782383419689118,0.045454545454545456,0.36363636363636365,0.0
2023-11-20,戸田,5,一般戦,6,5029,中　亮太,26,福岡,54,A2,5.71,43.8,6.24,46.0,50,39.19,17,25.45,晴,北西,5,4,6.95,2,まくり,6,0.05,1.51.2,0.1532608695652174,0.1346527777777778,0.6379310344827587,0.3448275862068966,0.0
2023-11-20,戸田,6,一般戦,1,5131,江藤敦宏,24,福岡,52,B1,3.37,14.52,3.5,11.54,34,28.79,66,34.78,晴,北西,6,5,6.8,3,まくり,1,0.12,1.53.8,0.16999999999999998,0.17666666666666667,0.17307692307692307,0.40384615384615385,0.46153846153846156
2023-11-20,戸田,6,一般戦,2,5007,近藤雄一,27,東京,53,B1,4.57,26.37,4.27,20.51,47,43.48,64,18.06,晴,北西,6,5,6.85,4,まくり,2,0.14,1.54.6,0.19114285714285714,0.18009900990099012,0.14,0.56,0.0
2023-11-20,戸田,6,一般戦,3,4969,町田洸希,32,長崎,53,B1,4.74,30.68,0.0,0.0,36,27.69,11,32.35,晴,北西,6,5,6.85,6,まくり,3,0.14,.  .,0.1586842105263158,0.17990610328638498,0.1951219512195122,0.4146341463414634,0.0
2023-11-20,戸田,6,一般戦,4,5209,小野京平,25,福岡,58,B1,3.0,11.84,0.0,0.0,32,42.03,23,29.03,晴,北西,6,5,6.93,1,まくり,4,0.08,1.51.0,0.17954545454545456,0.16396739130434784,0.10204081632653061,0.30612244897959184,0.0
2023-11-20,戸田,6,一般戦,5,5112,砂長知輝,24,埼玉,51,A2,5.86,42.37,5.62,39.88,22,25.4,48,33.8,晴,北西,6,5,6.92,2,まくり,5,0.15,1.52.2,0.14722222222222223,0.14831932773109244,0.02631578947368421,0.21052631578947367,0.0
2023-11-20,戸田,6,一般戦,6,5290,坂本一真,22,東京,55,B2,1.26,0.0,1.0,0.0,35,18.03,60,20.51,晴,北西,6,5,6.96,5,まくり,6,0.14,.  .,0.19526315789473686,0.18888888888888888,0.32558139534883723,0.27906976744186046,0.0
2023-11-20,戸田,7,一般戦,1,5122,相馬　翔,22,埼玉,55,B1,3.83,14.89,3.72,20.51,25,40.79,12,38.67,晴,西,7,5,6.91,6,まくり,1,0.17,.  .,0.12321428571428572,0.16520737327188942,0.13513513513513514,0.4594594594594595,0.4594594594594595
2023-11-20,戸田,7,一般戦,2,5212,西川拓利,25,福岡,57,B1,3.31,9.47,0.0,0.0,58,10.0,22,16.18,晴,西,7,5,7.05,5,まくり,2,0.22,.  .,0.19153846153846155,0.17085365853658538,0.1111111111111111,0.4444444444444444,0.0
2023-11-20,戸田,7,一般戦,3,5012,加倉侑征,26,福岡,51,B1,5.69,32.56,4.88,25.0,51,41.27,13,38.57,晴,西,7,5,6.91,2,まくり,3,0.26,1.53.5,0.14181818181818182,0.15442105263157896,0.02857142857142857,0.2571428571428571,0.0
2023-11-20,戸田,7,一般戦,4,4985,井本昌也,26,山口,49,A1,6.36,49.29,5.11,38.89,41,42.19,46,22.22,晴,西,7,5,6.93,1,まくり,4,0.21,1.51.1,0.16,0.15498360655737706,0.0,0.2857142857142857,0.0
2023-11-20,戸田,7,一般戦,5,5288,尾道佳諭,24,埼玉,59,B2,1.49,0.0,1.44,0.0,16,49.33,47,33.85,晴,西,7,5,6.91,3,まくり,6,0.18,1.53.8,0.15727272727272726,0.17103448275862068,0.0,0.2222222222222222,0.0
2023-11-20,戸田,7,一般戦,6,5027,重冨勇哉,27,山口,55,B1,4.72,24.32,4.5,13.33,59,30.77,30,31.48,晴,西,7,5,7.09,4,まくり,5,0.26,1.55.0,0.164,0.14031088082901555,0.2222222222222222,0.2777777777777778,0.0
2023-11-20,戸田,8,一般戦,1,5125,高井雄基,27,愛知,52,B1,4.63,24.24,3.41,13.79,23,31.67,31,25.76,晴,北西,6,5,6.92,2,まくり,1,0.07,1.51.7,0.1274074074074074,0.1617766497461929,0.0,0.42105263157894735,0.5789473684210527
2023-11-20,戸田,8,一般戦,2,5005,石田貴洋,27,埼玉,52,A2,5.85,37.1,5.45,35.21,54,46.48,76,31.75,晴,北西,6,5,6.82,4,まくり,2,0.09,1.55.0,0.16622222222222224,0.15,0.0,0.0,0.0
2023-11-20,戸田,8,一般戦,3,5175,島崎丈一,19,東京,52,B1,3.74,17.24,2.08,5.48,29,37.5,53,35.38,晴,北西,6,5,6.95,3,まくり,3,0.1,1.53.5,0.17029411764705882,0.18535911602209942,0.0,0.25,0.0
2023-11-20,戸田,8,一般戦,4,5050,木下雄介,28,滋賀,51,B1,5.17,34.86,4.14,28.57,26,26.23,77,29.41,晴,北西,6,5,6.87,6,まくり,4,0.07,.  .,0.14944444444444444,0.16305699481865285,0.0,0.1875,0.0
2023-11-20,戸田,8,一般戦,5,5210,藤井公人,25,福岡,57,B1,2.18,2.99,0.0,0.0,37,45.88,15,27.27,晴,北西,6,5,6.87,5,まくり,6,0.17,.  .,0.1860344827586207,0.1779754601226994,0.0,0.05263157894736842,0.0
2023-11-20,戸田,8,一般戦,6,5028,原田才一,27,福岡,52,A1,5.39,34.33,5.41,31.82,21,35.0,34,31.67,晴,北西,6,5,6.78,1,まくり,5,0.11,1.50.4,0.18078947368421053,0.16899999999999998,0.46153846153846156,0.19230769230769232,0.0
2023-11-20,戸田,9,一般戦,1,5137,川原　涼,23,愛知,53,B1,4.25,23.6,3.22,18.92,17,25.0,14,30.16,晴,北西,6,5,6.85,1,逃げ,1,0.13,1.51.7,0.14222222222222222,0.1514207650273224,0.17857142857142858,0.35714285714285715,0.5357142857142857
2023-11-20,戸田,9,一般戦,2,5081,篠原飛翔,25,福岡,52,A1,4.98,27.03,0.0,0.0,46,30.65,71,29.09,晴,北西,6,5,6.84,2,逃げ,2,0.14,1.52.8,0.19028571428571428,0.17280542986425337,0.16129032258064516,0.5483870967741935,0.0
2023-11-20,戸田,9,一般戦,3,5138,村本大成,23,福岡,53,B1,2.97,5.13,3.33,0.0,65,36.36,36,38.57,晴,北西,6,5,6.9,4,逃げ,3,0.14,1.56.1,0.17458333333333334,0.17410071942446043,0.08333333333333333,0.5833333333333334,0.0
2023-11-20,戸田,9,一般戦,4,5077,滝沢　崚,26,埼玉,50,B1,3.62,13.46,3.57,17.92,43,26.47,65,32.79,晴,北西,6,5,6.84,5,逃げ,4,0.19,.  .,0.15416666666666667,0.1741666666666667,0.17391304347826086,0.34782608695652173,0.0
2023-11-20,戸田,9,一般戦,5,5107,松本真広,24,福岡,48,B1,3.67,15.22,1.93,0.0,39,25.42,18,29.41,晴,北西,6,5,6.95,6,逃げ,5,0.18,.  .,0.1658974358974359,0.17769607843137256,0.08695652173913043,0.2608695652173913,0.0
2023-11-20,戸田,9,一般戦,6,5015,高橋竜矢,25,広島,51,A1,6.81,48.39,0.0,0.0,48,31.88,20,22.22,晴,北西,6,5,6.99,3,逃げ,6,0.17,1.53.6,0.1514285714285714,0.12730769230769232,0.21052631578947367,0.47368421052631576,0.0
