o^ԍ,I薼,no1_sasare_by_no2,no1_makurare_by_no2,no1_makurare_by_no3,no1_makurisasare_by_no3,no2_sasi,no2_makuri,no3_makuri,no3_makurisasi,no4_sasi,no4_makuri,no4_makurisasi,no5_sasi,no5_makuri,no5_makurisasi,no6_sasi,no6_makuri,no6_makurisasi
2014,ː,7,2,4,0,0,0,0,0,0,1,0,0,0,0,0,0,0
2538,N,2,8,4,1,2,0,0,0,0,0,0,0,0,1,0,0,0
2878,xROK,5,1,6,1,3,1,1,2,2,0,1,2,0,4,0,0,0
2930,VǈK,0,0,0,0,0,0,0,0,0,0,0,0,0,0,0,0,0
3024,`,4,1,2,3,6,6,6,1,5,4,0,3,3,0,1,7,0
3054,kKT,2,2,1,0,1,1,3,1,0,2,1,0,1,0,0,1,1
3065,cO,2,2,2,1,0,0,0,0,1,0,0,0,0,0,0,0,1
3070,RWO,1,1,0,2,2,0,0,1,0,0,0,0,0,0,2,1,0
3072,c,3,2,1,1,2,1,0,0,3,0,0,2,0,0,1,0,0
3075,T,5,1,3,2,3,1,1,0,1,2,0,0,0,1,0,0,0
3081,{T,1,1,4,1,2,0,0,0,0,0,1,0,0,1,0,0,0
3105,RT,5,1,0,4,1,0,0,2,0,0,1,0,1,0,0,0,0
3107,dT,4,3,3,3,1,0,2,0,1,2,0,0,0,0,0,0,0
3141,Ral,3,2,1,1,0,1,0,0,0,0,0,0,0,0,0,0,0
3156,qǏ,4,3,1,3,2,0,1,1,1,0,0,0,2,0,0,1,0
3158,j,2,1,2,4,7,4,3,1,1,4,0,0,0,4,0,0,1
3159,]W,2,0,4,2,6,0,2,0,3,3,0,3,1,0,3,1,0
3161,ÏP`,6,1,4,1,4,0,2,0,0,1,0,1,1,0,0,0,0
3175,nӐ瑐,8,3,4,1,3,2,1,1,0,0,1,0,0,1,0,0,0
3176,J,4,2,4,1,3,0,1,1,0,1,0,1,0,1,0,0,0
3188,q,9,0,1,3,1,1,4,0,0,2,2,0,0,2,0,0,0
3202,Oi_,9,2,3,2,0,1,0,0,0,1,0,1,0,0,0,0,0
3207,ca,4,6,4,1,0,0,0,2,0,0,0,0,0,0,0,0,0
3211,kqO,6,3,2,3,0,0,0,0,0,1,0,0,0,0,0,0,1
3212,T{E,3,1,0,1,1,0,0,0,0,0,0,0,0,0,0,0,1
3224,IRɗm,3,4,2,3,2,0,4,1,0,2,1,0,0,0,0,0,0
3226,YcM`,2,6,1,1,1,0,0,0,0,1,1,0,0,0,0,0,0
3232,RRI,8,1,4,1,5,4,3,0,1,8,2,0,0,1,1,0,0
3233,,5,0,2,1,1,0,0,2,0,1,0,0,1,0,0,0,0
3243,엲m,2,1,0,2,0,1,0,0,0,0,0,0,0,0,0,0,0
3246,쐭F,1,2,2,0,0,2,3,2,0,0,0,0,0,1,0,1,0
3251,Θaj,6,0,1,2,7,1,1,4,0,1,0,0,1,1,0,0,2
3256,OpNj,6,0,2,3,6,3,3,1,2,6,3,0,2,3,0,3,1
3257,c,3,0,1,2,3,0,4,0,1,3,0,1,0,0,2,6,0
3265,F,4,1,4,2,2,1,0,0,2,2,0,2,0,0,0,1,0
3268,X,1,1,0,1,0,0,1,0,0,2,0,0,0,0,0,0,0
3273,Γc,6,1,2,0,1,1,1,2,1,2,1,0,0,0,0,0,0
3277,VE,4,1,2,0,5,1,1,0,0,0,0,0,0,0,0,0,0
3280,_,2,0,2,0,0,1,1,0,0,0,0,0,0,1,0,0,0
3282,r{P,5,2,2,2,2,0,4,0,0,1,0,0,0,0,0,0,0
3284,n粐LY,3,1,2,2,4,0,3,1,2,2,0,0,0,0,0,1,1
3286,Ⓦ,0,3,0,1,1,0,0,0,0,1,1,0,0,2,0,0,0
3289,~,3,1,1,1,2,0,0,0,0,1,0,0,0,0,0,0,1
3290,qJaM,4,2,0,0,0,0,1,0,0,0,0,0,0,0,0,0,0
3293,{RIp,9,0,1,2,2,0,0,1,2,0,0,0,0,0,0,0,0
3294,쒆`,5,2,1,4,1,1,0,0,0,1,1,0,1,1,1,0,0
3297,ی,6,2,2,3,1,1,1,0,0,4,1,1,0,0,0,5,0
3300,qK,1,1,6,2,7,0,0,3,2,1,2,0,0,2,0,1,1
3302,J엢],5,1,1,5,2,5,5,1,1,12,0,0,3,1,0,0,0
3303,nӖL,9,0,0,5,4,6,1,1,0,1,0,1,0,2,0,0,1
3304,G쌫,2,1,3,2,3,3,9,3,0,0,1,1,1,2,0,0,1
3305,M,3,1,3,0,1,0,3,0,0,1,1,0,0,0,0,0,0
3306,cI,6,1,5,2,2,1,5,0,1,3,0,0,0,0,0,0,0
3307,a,2,0,0,0,1,0,0,0,0,0,0,0,0,0,1,0,0
3313,{g,1,1,1,1,2,0,0,0,1,0,1,0,0,0,0,0,0
3315,Lm,1,5,3,1,0,1,1,2,0,1,1,0,1,0,0,0,0
3319,R`,6,0,3,1,1,1,1,4,1,2,0,0,0,1,0,0,0
3327,쒷F,1,1,4,2,2,0,0,2,2,0,0,0,0,1,1,1,0
3333,۔`F,6,1,1,0,6,0,4,0,5,2,0,0,0,4,1,0,0
3334,pЂƂ,6,3,1,0,4,1,0,3,2,1,1,1,0,1,0,0,0
3338,o{,1,0,2,0,0,0,0,0,0,0,0,0,0,0,0,0,0
3339,,3,2,3,2,1,0,0,2,0,3,0,0,0,1,0,1,0
3340,rc,11,2,2,1,5,0,1,1,0,1,2,0,0,0,0,0,1
3346,{{TV,3,2,1,1,1,1,0,0,0,0,1,0,0,1,0,0,0
3347,㍄,1,0,2,0,0,0,0,0,0,0,0,0,0,0,0,0,0
3349,gcY,3,0,0,1,3,2,1,1,1,1,0,1,0,0,1,1,0
3350,{j,2,0,2,4,5,0,0,0,2,1,0,0,0,0,0,0,0
3352,Wi,0,0,0,0,0,0,0,0,0,0,0,0,1,1,0,1,1
3353,Oc,2,2,2,0,1,0,0,0,0,1,0,0,0,0,0,0,0
3355,JcD,0,2,2,1,0,0,0,0,0,0,0,0,0,0,0,0,0
3357,zq,4,2,2,3,4,1,3,0,0,1,1,0,0,0,0,0,0
3361,_,3,1,2,0,0,0,1,1,0,1,0,0,2,0,0,0,0
3362,ԓmu,3,1,2,2,1,0,5,2,0,2,0,2,2,0,1,1,0
3370,ؓ,3,5,2,1,1,1,0,0,1,0,2,0,0,0,0,0,0
3372,V,4,2,1,0,0,0,0,0,0,0,0,0,0,0,0,0,0
3377,˓cC,2,2,4,0,0,1,0,0,0,1,0,0,0,0,0,2,0
3381,Fs,7,2,1,2,2,5,6,1,0,5,0,0,2,0,0,3,0
3385,n糖rL,4,3,4,0,5,2,3,1,1,0,1,0,0,1,0,0,1
3388,_Y,3,2,1,1,3,2,6,3,1,4,4,0,1,1,0,4,2
3392,XMY,3,0,2,2,2,0,0,0,0,0,0,0,0,0,0,0,0
3400,]ėS,3,0,0,0,0,0,0,0,0,0,0,0,0,0,0,0,0
3401,c,1,0,4,1,4,0,2,0,1,0,0,0,0,0,1,0,0
3406,pv,4,2,4,4,5,0,1,0,2,0,0,0,0,1,0,0,0
3411,r㗲s,3,1,1,4,0,1,0,1,0,1,0,0,0,0,0,0,0
3412,ؔ,3,0,0,3,4,6,2,4,3,0,1,0,1,2,2,0,1
3414,qG,1,2,1,4,1,1,0,0,1,1,0,0,0,0,0,0,0
3415,,3,1,2,6,10,0,1,3,2,0,1,1,0,0,0,0,0
3419,I,5,1,4,2,0,0,0,0,0,0,0,0,0,0,0,0,0
3422,Kj,7,0,0,1,3,2,2,1,0,4,2,1,5,1,0,2,2
3427,LK,1,1,2,0,1,0,1,1,0,0,0,0,0,0,0,0,0
3430,plC,1,1,2,0,2,0,2,0,0,1,0,0,0,0,0,0,1
3432,{F,10,1,3,3,4,1,3,1,0,1,2,0,0,0,0,0,0
3434,M,4,0,0,0,0,2,0,0,0,0,0,0,0,0,0,0,0
3435,cb,4,0,2,2,4,3,5,4,1,4,0,0,0,0,1,0,1
3436,K,3,1,0,5,1,0,3,0,0,2,0,0,1,0,0,0,0
3439,啽_j,5,0,2,1,2,1,1,2,3,1,2,0,0,3,0,0,0
3441,yN,3,4,1,4,5,0,0,0,1,0,0,0,0,1,0,0,0
3442,{pi,7,3,1,1,2,0,0,1,2,1,2,0,0,0,0,1,0
3444,,4,1,0,2,0,1,4,0,0,4,1,0,1,0,0,0,0
3445,j,5,2,2,3,4,0,1,1,0,2,0,0,0,1,0,0,0
3448,RGY,2,4,3,1,2,0,0,0,0,0,0,0,0,0,0,0,0
3454,,7,1,1,4,0,0,1,0,0,1,0,0,0,2,0,0,0
3455,J{Ki,6,1,1,4,4,0,2,2,0,0,2,0,0,1,0,0,0
3458,,1,2,1,4,4,0,0,2,0,1,1,0,0,0,0,0,0
3459,aT,4,3,0,1,4,1,0,0,1,0,0,0,0,0,0,0,0
3461,n粓N,3,1,3,3,0,0,0,1,0,0,0,0,0,0,0,0,0
3462,|^i,5,4,2,1,2,0,0,1,0,0,0,0,1,3,0,0,0
3463,ÍNu,3,2,2,1,0,0,0,1,0,0,0,0,0,0,0,0,1
3467,XOs,4,0,2,2,0,2,0,1,1,0,0,0,0,0,0,0,0
3470,VcF,3,1,0,1,3,2,3,1,0,0,1,0,0,1,0,0,0
3471,ԕa,3,2,0,1,1,0,0,0,1,0,0,0,0,0,0,0,0
3473,ΐ^,6,5,2,4,3,0,2,0,6,1,0,4,2,0,10,0,0
3474,O,4,1,2,3,3,0,3,1,0,1,1,0,0,0,0,0,0
3475,{va,3,1,2,3,3,1,2,0,0,4,4,0,1,1,0,0,0
3477,ߓ,5,5,3,3,2,2,0,0,0,1,0,0,0,0,0,2,0
3478,cMx,2,2,3,3,3,1,1,1,2,0,1,0,0,0,0,0,0
3482,qҎu,6,2,2,1,3,0,2,0,2,1,0,0,1,1,0,0,0
3484,œc_,2,0,0,0,5,3,1,4,1,0,1,1,0,0,0,0,0
3489,q,4,2,2,1,6,0,1,2,3,0,1,2,0,0,1,0,2
3497,㓡_,1,2,2,0,3,1,1,5,0,0,4,1,0,0,0,0,1
3499,sN,3,0,2,2,1,1,1,1,1,1,1,0,0,1,0,0,0
3501,㏸,2,0,2,0,1,0,0,1,0,1,0,0,0,1,0,0,0
3502,n糉p,3,1,1,2,3,1,5,4,0,5,2,0,0,3,0,2,2
3503,mj,2,1,2,2,1,0,0,1,0,0,0,0,1,0,0,0,0
3505,Rc,7,3,1,4,5,2,2,3,1,2,1,0,1,1,0,0,1
3507,O,6,1,3,1,1,0,1,1,1,0,0,0,1,0,0,0,0
3508,vxO,6,4,2,2,2,0,0,1,1,0,0,0,0,1,1,0,0
3509,,5,1,2,3,0,0,0,1,0,0,1,0,0,0,0,0,0
3514,RS,1,0,2,5,3,3,2,2,1,2,0,2,1,1,0,1,1
3516,gl,7,4,3,1,1,0,1,0,1,1,2,0,0,0,0,0,0
3517,M,2,2,2,3,3,1,1,1,1,2,2,1,0,4,1,0,1
3518,qc,4,2,2,1,1,0,0,1,0,2,0,0,0,0,0,0,0
3519,ycGK,6,1,1,6,1,0,1,2,0,1,0,0,0,1,0,0,0
3523,c,1,0,2,2,1,0,0,0,0,1,0,0,0,1,1,0,1
3527,Y,4,0,4,2,3,1,0,0,2,0,1,0,0,0,0,0,0
3528,}FIb,1,10,2,0,2,0,0,1,1,0,0,0,1,0,0,0,0
3532,ēc,0,0,2,4,4,2,2,3,3,4,0,0,2,2,2,3,1
3535,nC,2,0,0,2,2,0,0,3,1,1,0,0,0,0,0,0,0
3536,F돺,2,2,3,0,0,0,1,0,0,0,0,0,0,0,0,0,0
3537,cRaL,1,2,2,0,0,0,0,0,0,0,0,0,0,0,0,0,0
3538,er,7,1,2,2,1,0,2,1,1,1,0,0,0,0,0,1,0
3539,q,3,3,4,3,2,0,1,0,0,0,0,0,1,0,0,0,1
3541,Oi,1,0,0,3,6,3,3,3,4,1,1,1,0,4,0,0,0
3542,I,5,4,3,1,1,0,0,0,1,0,0,0,1,0,1,1,0
3543,c,5,0,0,0,5,6,2,0,0,1,2,0,0,0,1,1,0
3544,LcP,1,0,0,2,2,0,1,0,0,2,0,0,0,0,0,0,0
3546,u,5,0,2,3,4,0,1,1,0,0,1,0,0,1,0,0,0
3548,c׎j,1,0,2,3,2,0,1,1,0,2,3,0,0,0,0,0,3
3550,sz,3,5,0,1,1,2,8,0,0,5,1,0,3,1,0,0,0
3551,c,2,3,2,1,2,2,2,2,0,0,0,0,0,0,0,0,0
3553,rmu,5,1,1,5,0,0,0,0,0,2,1,0,1,1,0,0,0
3554,,2,2,3,1,8,2,1,4,2,0,2,3,2,1,1,4,2
3556,cMY,4,1,1,6,3,1,2,5,1,2,1,0,1,1,0,1,1
3557,ca,8,1,4,2,4,1,3,0,2,2,2,1,3,2,0,1,1
3558,R{_,1,1,1,5,2,0,1,2,0,0,0,0,1,0,0,1,0
3562,RaF,2,1,3,4,6,1,2,3,0,1,2,1,0,2,0,0,2
3563,珸,5,1,3,0,4,0,3,2,0,0,0,0,0,1,0,1,1
3564,K[,2,3,2,1,1,4,2,1,0,5,2,0,1,0,0,3,1
3565,{,1,2,2,1,0,0,0,0,0,1,0,0,0,0,0,0,0
3566,Yp,3,1,1,3,2,2,4,1,0,0,1,0,0,0,0,0,0
3567,g,2,0,2,0,2,1,0,0,0,0,0,0,0,0,0,0,0
3568,ؑG,3,2,2,1,3,1,3,2,0,0,0,0,1,1,0,0,0
3569,ci,5,4,1,1,1,2,0,1,0,0,3,0,0,0,0,0,0
3572,cF,1,1,1,3,0,3,0,2,1,1,0,0,0,0,0,0,0
3574,_Ni,4,1,0,3,0,2,3,1,1,1,0,0,3,1,0,2,0
3576,,6,2,2,0,4,2,0,0,0,2,2,0,1,3,1,0,0
3577,_,2,2,1,3,4,4,4,0,0,1,1,0,2,1,1,1,1
3578,cY,6,4,0,0,0,0,0,1,0,1,1,0,0,1,0,0,0
3579,Dq,6,1,1,3,1,2,0,0,0,0,3,0,2,2,0,0,0
3580,RI,1,2,4,2,2,0,0,0,0,0,1,0,0,0,0,0,1
3581,؈,6,2,6,1,2,0,3,1,1,1,0,0,0,0,0,1,0
3582,g쏺j,5,0,1,1,7,1,5,3,2,0,0,5,3,0,1,3,1
3583,VqT,1,0,2,2,1,0,0,0,0,1,0,0,0,1,0,0,0
3584,X؉p,7,3,2,5,3,0,2,0,1,2,0,0,0,1,0,0,0
3587,cM,2,1,0,3,0,1,1,0,1,1,0,0,0,0,0,0,0
3589,,9,1,3,2,4,0,1,1,0,1,0,0,1,1,0,0,1
3590,_J,3,1,3,2,4,4,2,3,0,2,0,0,0,3,1,0,1
3591,㓡F`,1,1,1,1,0,0,0,0,0,0,0,0,0,0,0,0,0
3596,͏N,2,4,1,2,1,1,0,1,3,0,0,0,0,0,1,0,0
3600,nO,7,1,1,2,1,0,0,1,0,1,0,0,0,0,0,0,0
3602,,4,3,2,5,3,1,4,0,0,2,0,0,0,1,0,0,0
3604,q,6,5,0,1,0,1,1,0,0,0,0,1,0,0,0,0,0
3605,琬,3,2,1,2,1,2,0,0,0,1,0,0,0,0,0,0,0
3606,k_M,9,1,1,1,3,1,3,1,1,1,0,1,0,1,0,0,0
3611,F,7,0,4,2,5,2,5,1,1,3,0,0,0,0,0,0,2
3612,n܋`,2,4,1,5,5,1,3,3,0,0,0,1,0,2,2,3,2
3613,pJ,5,0,1,4,8,3,9,7,0,2,1,0,1,1,0,0,0
3614,JK,4,0,2,0,3,0,2,0,0,2,0,0,1,1,0,1,0
3615,c,4,0,2,1,1,0,1,1,0,2,2,1,1,1,0,0,0
3616,^,7,1,1,2,3,1,1,1,0,2,1,0,1,3,0,0,1
3617,|cL,3,0,0,1,4,3,3,0,0,0,0,0,0,0,0,0,0
3618,C䂩,8,0,3,0,4,5,5,0,0,4,1,0,0,0,1,0,0
3619,J[,3,2,4,2,6,2,1,2,2,0,1,0,0,2,0,0,0
3620,MZRs,4,3,0,1,1,0,0,0,0,0,1,1,0,1,0,0,0
3621,V쏻v,6,1,1,2,4,0,1,4,2,0,3,0,0,1,0,0,0
3623,[^,6,0,0,3,5,4,5,8,4,2,0,6,4,0,9,4,0
3624,ΘaF,1,0,1,1,0,0,0,0,0,0,0,0,0,0,0,0,0
3627,b,3,1,2,1,2,0,5,0,0,2,1,0,0,1,0,0,0
3629,󌩏,3,1,2,4,7,0,1,1,0,3,1,0,1,1,0,0,0
3630,ci,6,2,1,3,0,0,1,0,0,0,0,1,1,0,0,0,0
3631,cYN,1,2,2,0,0,0,1,0,0,0,0,0,0,0,0,0,1
3635,Γc,3,1,1,4,8,1,0,2,1,1,1,0,0,1,0,0,0
3637,Va,8,1,1,4,3,0,1,0,0,1,0,0,1,1,0,0,1
3641,ꐣ,7,1,1,2,4,2,3,1,2,3,0,0,0,3,1,0,0
3642,ˍ_,6,2,5,1,0,1,0,1,0,0,1,0,0,0,0,0,0
3643,ēcO,6,0,2,2,2,0,0,0,0,0,1,0,0,3,0,0,0
3645,Ǔc爟,2,1,0,1,4,1,0,4,2,3,1,0,0,2,1,0,0
3647,ɓY,3,2,2,3,2,0,1,0,0,0,1,0,0,0,0,0,0
3652,XE,1,1,1,2,0,1,0,0,0,1,1,0,0,0,0,0,0
3653,i쌫,9,3,2,0,2,0,1,1,0,0,0,0,0,0,0,0,0
3654,cj,3,3,2,4,3,3,4,1,1,2,1,0,1,1,1,0,1
3655,{m,4,0,0,4,3,2,2,2,1,0,1,0,0,0,0,0,0
3656,FP,5,2,4,1,2,1,0,1,1,0,0,0,0,0,0,0,0
3659,Yl,4,1,3,1,3,0,0,1,0,1,0,0,0,1,0,0,0
3660,Je,2,0,4,1,0,0,1,0,0,0,0,0,0,1,0,0,0
3661,u,8,1,2,1,1,0,3,1,1,0,0,0,0,1,0,0,0
3662,댳,1,2,3,3,4,0,5,4,2,1,0,0,1,2,0,0,1
3663,؎RaK,5,0,0,3,5,0,2,1,0,2,1,2,1,0,0,0,0
3664,،,4,0,0,3,1,2,4,0,0,5,2,0,1,1,0,1,0
3668,s,1,1,0,0,0,0,0,0,0,0,0,0,0,0,0,0,0
3674,݌bq,1,1,2,2,3,2,4,1,0,0,2,0,1,0,0,0,1
3679,ѓO,5,0,0,1,5,0,2,1,1,0,1,0,1,1,0,0,0
3680,Xё,2,5,3,1,0,4,1,0,0,0,0,0,0,4,0,0,0
3681,RJ,1,0,3,2,1,1,1,0,0,1,1,0,0,0,0,0,0
3682,ؓc,5,1,0,0,0,0,0,0,0,0,0,0,0,0,0,0,0
3684,U,4,3,1,2,5,2,2,0,1,1,2,0,1,1,0,0,0
3685,rPN,2,3,0,2,5,4,3,2,0,2,1,0,1,3,0,0,0
3686,ˍF,1,2,3,1,1,3,3,3,0,2,0,0,0,1,0,0,0
3687,ԓca,3,2,1,1,2,0,0,1,0,0,0,0,0,0,0,1,0
3690,͍OO,3,3,6,2,3,0,5,3,0,1,0,0,0,1,0,0,1
3692,|,4,0,2,2,0,0,4,0,0,1,0,0,0,0,0,0,0
3693,Dq,1,1,1,0,0,2,3,0,0,1,0,0,0,0,0,0,0
3696,F,4,2,1,3,1,0,3,1,0,0,4,0,2,0,0,1,0
3697,엳i,1,0,1,0,1,0,0,0,0,0,0,0,0,1,0,0,0
3699,xil,7,1,0,2,6,0,2,1,1,1,0,0,1,1,1,0,0
3701,吼m,6,1,2,2,2,1,0,2,1,1,0,0,0,1,0,0,0
3702,匓~,2,0,2,4,1,2,0,0,0,1,2,0,0,1,0,0,0
3703,,2,0,1,2,2,3,3,1,0,0,1,0,1,1,0,1,1
3704,{߂,2,3,6,1,2,2,0,0,0,0,0,0,1,0,0,0,0
3708,Mi,1,0,1,3,7,1,0,1,1,3,0,0,2,0,0,0,1
3709,c_V,2,0,0,0,1,0,0,0,0,0,0,0,1,0,0,0,0
3710,gi׍O,4,0,2,4,1,0,0,4,0,0,1,0,1,0,0,0,0
3711,]{^,4,2,1,5,7,0,0,2,2,1,1,0,0,0,1,0,1
3712,Ǎ,2,0,1,2,1,1,0,3,0,1,2,0,0,0,0,0,0
3713,ɓ,6,0,2,4,3,1,2,0,3,3,2,0,1,0,0,0,0
3714,,7,1,1,1,3,0,1,3,0,1,0,0,0,0,0,0,0
3715,q,6,0,2,1,3,0,2,0,0,1,1,0,0,0,0,0,0
3716,ΓnS,4,0,1,4,2,2,1,6,0,1,3,0,0,3,0,0,0
3717,ԏ[G,2,0,2,3,5,4,1,2,1,2,2,0,0,6,0,2,2
3718,ɒB,1,0,4,4,2,0,0,3,0,0,0,0,0,0,0,0,0
3719,҉h,3,2,2,7,3,1,0,4,2,0,4,0,1,3,1,0,2
3721,cr,1,2,2,0,3,2,2,3,2,2,0,0,0,3,0,1,3
3722,G,2,1,3,3,1,1,0,0,0,0,0,0,0,0,0,0,0
3726,jъ,3,0,1,0,3,1,3,4,0,1,0,0,0,1,0,0,1
3730,Di,6,1,4,0,1,0,1,2,0,0,0,0,0,0,0,0,0
3731,_Fv,0,1,2,2,9,0,1,2,0,0,1,0,0,0,1,1,0
3736,{,6,0,0,3,4,0,0,1,0,4,0,0,0,1,0,1,0
3737,㕽^,2,2,5,4,7,1,3,2,1,0,1,0,0,2,4,0,0
3740,Vi,3,2,4,8,6,1,2,3,0,3,0,0,4,1,0,0,0
3741,,6,1,2,1,1,0,3,0,0,0,1,0,0,0,0,0,0
3742,{nGF,5,0,1,1,2,0,0,0,0,0,0,0,0,1,0,0,0
3743,є,4,1,2,2,2,4,4,3,1,10,3,0,4,3,1,4,2
3744,G,2,0,0,1,3,1,3,5,3,4,2,0,1,3,2,2,3
3745,{N,7,1,2,2,8,1,0,3,0,1,0,0,0,3,0,1,0
3746,l,2,3,2,2,3,1,0,1,0,1,1,1,0,1,0,0,0
3747,Ǐt,4,0,2,4,0,3,2,2,2,2,2,0,0,2,0,2,0
3748,,4,4,4,2,1,0,3,0,1,2,0,0,1,0,0,0,0
3752,Fy׏A,5,2,2,2,2,0,0,0,0,0,0,1,0,1,0,0,1
3757,aG,2,0,1,2,1,2,0,0,0,2,1,0,0,0,0,1,0
3761,R{Y,5,0,1,5,3,3,1,2,0,1,1,0,0,3,0,0,0
3769,|PF,2,0,1,1,0,2,2,1,0,2,0,0,0,0,0,0,1
3771,܉@,5,2,1,2,2,2,3,0,0,0,1,0,0,0,0,0,0
3772,aF,4,0,2,3,4,0,3,0,0,2,0,1,0,1,0,0,0
3773,×_Y,3,0,3,1,5,0,0,0,3,3,2,0,1,0,0,0,1
3775,[,5,1,1,2,2,0,1,1,1,1,0,0,2,3,0,0,0
3776,䌒,9,2,1,3,3,0,0,0,0,0,0,0,0,0,0,0,0
3777,,6,1,4,2,6,6,3,4,2,4,1,0,0,4,0,0,1
3778,B,2,4,2,1,0,0,4,0,0,1,1,0,0,0,0,0,0
3779,cK,2,0,1,4,2,0,3,1,4,6,0,0,0,1,1,0,3
3780,JqV,1,0,2,1,4,0,1,1,2,0,2,0,0,1,0,0,0
3783,Z`,4,1,0,1,4,1,2,2,1,1,2,0,0,1,1,0,0
3784,Fa,6,1,4,0,0,0,4,0,0,3,0,0,0,0,0,0,0
3787,V쐽,3,1,2,0,3,0,1,0,0,0,0,0,0,0,0,0,0
3788,{O,1,0,1,2,1,0,0,0,0,2,1,0,1,0,0,0,1
3790,B,1,3,1,1,1,1,0,1,1,1,1,0,0,1,0,0,1
3792,c,2,0,2,2,2,2,4,2,2,1,2,0,0,0,1,1,0
3793,^,4,0,4,1,1,0,1,0,0,2,0,1,0,1,0,0,0
3796,쓹b,1,1,2,4,4,2,2,1,0,4,0,1,1,2,0,0,1
3797,,4,2,3,1,2,0,0,0,0,0,0,0,0,1,0,0,0
3800,qG,4,1,4,3,5,2,1,4,1,2,1,0,0,3,0,0,0
3801,ܔcE,2,1,2,0,2,0,0,0,1,4,0,0,1,0,0,1,0
3802,X܂,2,0,0,0,1,1,2,0,0,3,0,0,0,2,0,0,0
3804,nC,2,1,3,0,1,1,1,0,0,1,0,0,0,0,0,0,0
3805,pV,4,1,2,3,2,1,3,2,0,1,0,0,1,4,0,0,1
3807,N,6,0,1,1,1,1,3,4,0,2,1,0,2,1,0,0,0
3808,HcY,5,1,2,2,1,0,1,0,0,0,2,0,0,0,0,0,0
3809,gc,3,6,0,4,2,1,0,1,1,2,1,0,0,1,3,0,0
3811,Γc͉,9,3,1,1,4,3,4,3,1,3,4,0,0,4,0,0,0
3812,R萹i,3,0,3,0,2,0,0,0,0,0,0,0,1,1,0,0,0
3813,,3,2,1,1,3,2,2,5,0,2,1,1,0,2,1,0,0
3814,qMu,0,3,2,3,3,0,0,1,2,0,0,1,0,1,0,0,0
3820,~tY,3,0,0,2,1,0,0,1,0,1,0,0,0,2,0,0,0
3822,T,2,1,2,2,5,1,1,2,0,4,1,0,1,7,1,1,3
3825,{Y,5,1,3,2,1,2,3,1,0,7,0,0,1,0,0,0,1
3826,cC,1,0,6,3,0,2,1,1,3,1,1,0,0,1,0,0,1
3827,O,6,1,3,2,1,0,0,0,0,0,1,0,0,0,0,0,0
3828,ΐV,2,1,1,1,2,2,0,2,0,0,1,0,0,0,0,0,0
3831,TM,1,1,2,2,1,1,1,0,0,0,2,0,0,0,1,0,0
3832,cN,8,5,2,1,2,0,0,0,1,0,1,0,0,2,0,0,0
3833,ҔP,4,1,0,3,11,2,1,7,1,4,0,0,0,2,0,0,4
3834,א얾l,2,2,3,1,0,1,3,0,0,0,0,0,1,0,0,0,2
3837,HRL,2,0,1,4,4,3,0,4,2,2,3,0,0,2,0,0,0
3838,ɓ[O,4,1,5,1,6,0,1,6,2,1,3,2,0,0,0,0,1
3839,썇i,1,3,2,0,2,0,1,0,0,0,1,0,0,1,0,0,0
3841,XؘaL,3,1,4,3,4,0,0,2,1,1,1,3,0,1,0,0,0
3842,쑾Y,1,0,1,0,5,0,0,4,0,1,1,0,0,0,0,0,0
3843,VWO,4,0,0,1,2,0,4,1,1,4,0,0,0,1,0,0,0
3845,Jq,3,2,3,3,2,1,1,2,1,0,2,1,0,0,1,2,0
3848,㑏,4,1,0,1,4,5,1,2,0,3,0,0,0,2,0,0,1
3849,F,1,0,0,3,1,1,3,3,0,6,3,0,0,1,2,5,1
3850,ms,4,2,2,2,2,1,0,1,0,2,0,0,1,1,1,0,0
3851,XcF,2,1,0,0,1,1,3,0,0,0,0,1,0,0,0,0,2
3852,V,4,1,3,3,1,2,0,3,1,2,1,1,0,3,0,0,1
3853,萳,1,1,1,3,5,0,1,2,0,1,1,0,0,1,0,0,0
3854,g쌳_,5,2,1,1,3,5,2,3,1,2,1,1,0,2,1,0,2
3855,FC,1,3,3,0,1,0,0,0,1,0,1,0,0,0,0,0,0
3857,g,0,0,0,0,0,0,0,0,0,0,0,0,6,0,1,7,1
3859,BV,5,0,1,1,2,2,0,0,0,1,0,0,0,0,0,0,1
3860,{_M,6,1,2,3,3,0,1,0,0,0,1,0,0,0,0,0,0
3863,CVV׍s,12,0,1,5,0,2,2,0,0,2,0,0,0,1,0,0,0
3866,؎R,6,0,0,0,1,1,0,0,0,0,1,0,0,0,0,0,0
3867,Y,3,3,5,0,0,0,0,0,0,0,0,0,0,1,0,0,1
3868,`h,5,1,4,2,3,0,1,2,0,0,0,0,0,0,0,0,0
3869,ڑu,6,0,2,2,2,0,0,0,0,0,0,1,0,0,0,0,0
3870,Y,2,0,3,1,4,0,0,1,0,2,0,0,0,1,0,0,0
3871,rcT,5,2,0,2,0,2,5,0,0,4,0,0,0,0,0,1,1
3872,cs,3,1,2,3,1,1,0,1,0,0,1,0,1,2,0,0,0
3873,ʕ{,2,2,2,3,3,1,1,0,0,0,2,0,0,3,0,0,0
3874,R{v,5,0,4,4,5,5,1,4,2,0,1,0,0,5,0,0,1
3875,Aǈ,3,3,1,3,0,2,0,0,0,0,1,0,0,0,0,0,0
3876,Ґl,1,1,1,2,1,5,8,3,1,12,3,0,6,2,1,8,4
3877,Yl,1,2,0,0,2,0,1,1,0,0,0,0,0,0,0,0,0
3878,Ӗ{u,1,3,3,1,1,0,0,1,0,4,0,0,2,0,0,0,0
3880,󌩏@F,4,2,2,6,2,0,1,1,1,0,0,0,0,0,0,2,1
3881,Y,1,2,3,2,3,0,1,2,1,0,0,0,0,0,0,0,0
3882,Vcq,5,1,2,1,3,1,3,3,2,0,0,0,0,1,0,2,0
3883,R,0,2,1,1,0,0,0,0,0,0,0,0,0,0,0,0,0
3885,vc,4,2,2,2,2,1,0,4,2,0,3,0,0,0,1,0,0
3888,R{pu,5,1,2,1,8,0,3,0,1,2,1,0,0,2,1,0,0
3889,{Y,4,0,0,0,3,0,0,0,0,2,0,0,0,0,0,0,0
3891,J,7,2,2,5,2,0,1,0,1,1,0,0,1,0,0,0,0
3892,NK,3,0,1,2,3,0,1,3,0,2,0,0,0,1,0,0,0
3893,萳,2,1,3,3,2,0,0,0,1,0,1,0,0,0,0,0,0
3895,x{T,6,1,2,1,0,1,0,0,0,0,0,0,0,0,0,0,0
3896,cm,3,0,4,1,4,1,1,0,1,0,1,0,0,0,1,0,0
3897,p,3,1,1,2,2,0,1,2,0,2,2,1,1,2,2,0,0
3898,c,1,0,4,1,5,3,3,2,1,7,2,0,3,2,0,1,1
3900,fq,3,0,3,3,1,1,2,0,1,1,1,0,0,1,0,0,2
3901,cK,5,1,0,4,2,0,3,1,0,1,1,0,1,1,0,0,0
3902,吐N,0,0,0,0,2,1,1,0,0,0,0,0,0,1,0,0,0
3903,Ό,0,0,0,0,0,0,0,0,0,0,0,0,0,0,0,0,0
3904,XMm,3,1,1,2,4,0,2,4,0,1,1,0,0,1,0,0,0
3905,VFa,3,1,2,5,1,1,5,0,0,5,0,0,1,2,0,0,0
3906,юRWO,3,2,1,2,2,2,3,1,0,0,0,0,0,1,0,0,0
3907,z,3,0,3,0,4,0,0,2,1,1,3,1,0,2,1,0,1
3908,dl,5,0,1,4,5,0,1,4,1,1,3,0,0,1,0,0,1
3909,X؍NK,4,1,2,3,1,3,3,3,3,6,3,0,0,6,0,0,3
3910,mK,3,2,2,0,2,1,2,2,1,0,0,0,0,2,0,0,1
3911,ؖ,7,2,1,0,4,0,1,0,1,3,1,0,1,2,0,0,1
3912,쌴,1,1,3,2,1,7,8,1,0,3,1,1,2,1,0,0,0
3915,ɖJ\,4,2,3,1,5,1,0,1,4,0,1,0,0,1,0,0,0
3918,[䗘,3,1,1,4,6,2,4,2,3,4,1,0,0,3,0,0,2
3919,㏃,0,1,0,0,0,0,0,1,0,0,0,0,0,0,0,0,0
3920,ؐ,1,3,2,1,1,0,1,0,0,3,0,0,0,0,2,1,0
3921,쑺P,6,2,2,0,4,1,0,3,2,2,0,0,1,0,0,0,0
3922,,10,0,1,0,0,0,0,1,0,1,0,0,0,1,0,0,0
3928,ьbS,4,0,2,1,2,2,2,0,0,1,1,0,0,1,0,1,0
3929,ۖ쐾,4,1,1,2,3,2,0,2,0,1,0,1,0,0,0,1,1
3930,ݖ{,1,1,0,2,3,1,0,1,2,5,2,1,0,3,0,0,1
3931,藳,1,0,0,2,2,2,1,1,1,1,1,0,1,0,0,0,0
3932,rc_,4,0,1,1,2,9,2,1,0,1,1,0,0,0,0,0,0
3933,Rn,3,2,1,5,1,0,0,0,1,1,1,2,0,0,0,0,0
3934,Mr,8,2,3,1,5,0,0,1,0,3,1,0,0,0,0,0,0
3935,ÓOY,4,2,1,1,4,1,2,0,0,1,2,0,0,1,0,0,0
3939,nӐ^,5,1,1,2,3,0,0,1,2,2,0,1,0,1,1,0,0
3940,юR,3,0,3,3,4,3,3,3,1,3,0,0,3,1,0,2,1
3941,rc_,2,0,1,2,8,0,1,2,5,0,3,0,0,3,1,0,0
3942,c,5,0,3,3,8,0,3,2,0,2,1,0,2,2,0,0,0
3943,O,1,1,2,1,0,0,0,0,0,0,0,0,0,0,0,0,0
3944,RT,3,2,2,1,5,3,0,5,1,2,4,0,1,1,0,0,0
3945,^,6,0,2,1,1,1,0,2,0,3,0,0,1,1,0,0,0
3946,ԊP,6,2,5,4,4,1,2,1,4,3,3,4,2,1,0,2,1
3947,{,4,2,2,1,2,0,1,1,1,0,0,0,0,1,0,0,0
3948,咬,5,1,2,2,1,0,2,0,0,0,0,0,0,1,0,0,0
3949,oW,3,4,4,2,3,0,1,0,1,0,0,0,0,1,0,0,0
3950,ΐNG,2,1,0,2,1,0,0,0,0,0,0,0,0,1,0,0,0
3951,ΐgM,5,0,4,2,2,2,2,1,0,1,0,0,0,1,0,0,0
3952,Vau,5,2,1,1,5,1,4,3,1,3,0,0,1,8,0,0,0
3953,uga,3,1,2,1,1,1,0,1,0,2,0,0,0,1,0,0,0
3955,cp,3,0,3,0,0,3,2,3,0,1,1,0,0,1,0,0,0
3956,V,7,0,1,1,2,2,1,6,0,2,4,1,0,3,1,2,0
3957,JO,3,3,3,0,2,0,1,2,0,1,0,1,0,0,0,0,0
3959,؈N,2,3,3,5,6,0,2,2,1,1,2,1,0,2,0,0,1
3960,enF,3,0,2,2,4,0,3,3,0,1,0,0,1,2,1,0,2
3961,J,7,3,0,0,4,2,2,4,0,0,1,0,0,2,0,0,2
3963,cG,1,1,2,2,1,1,2,1,0,2,3,0,1,2,0,0,0
3964,{nm,3,3,1,3,3,0,0,0,0,1,0,0,0,0,1,0,0
3965,k,2,0,3,1,4,1,1,1,1,2,0,0,1,0,0,2,0
3966,ԏ,7,3,4,5,8,1,1,3,1,2,5,0,2,4,0,0,1
3967,ؖ΍,1,0,2,5,2,0,1,0,0,0,0,0,0,2,0,0,0
3968,JM,4,2,2,3,9,0,0,3,1,0,0,0,0,1,0,0,0
3973,藘m,6,2,5,0,4,0,0,3,0,2,0,0,0,0,0,0,0
3974,[RS,7,2,2,2,1,0,1,1,0,1,0,0,0,1,0,0,0
3975,쎛qm,5,0,1,5,1,2,4,1,2,3,0,0,0,0,0,0,0
3976,c\,1,3,0,0,0,0,0,1,2,0,0,0,0,1,0,0,0
3977,R{m,4,1,5,1,0,1,1,1,0,2,1,0,0,1,0,0,0
3978,ꎓm,5,1,1,5,7,0,0,3,2,2,0,1,0,1,0,0,0
3981,WL,4,3,2,2,0,1,0,1,1,1,0,0,0,0,0,0,0
3982,c,3,3,0,1,1,0,0,2,1,2,0,0,0,1,1,0,0
3983,{,1,0,1,3,3,2,1,3,2,2,0,1,1,3,0,0,0
3984,,2,1,0,1,4,2,2,8,0,2,0,0,0,0,0,0,2
3986,La,3,0,3,2,4,1,0,1,1,1,0,0,0,0,0,0,0
3987,㓡@,6,3,0,1,6,3,2,3,0,4,1,1,1,2,1,1,1
3988,Ð쐽V,1,1,2,4,5,1,1,2,1,1,1,1,0,1,0,0,3
3989,F{p,5,1,1,2,2,0,0,0,0,1,0,0,0,0,0,0,0
3990,VF,4,1,2,0,3,1,2,1,2,0,0,0,0,0,0,0,0
3992,֌qv,5,0,0,2,5,6,3,2,0,3,1,0,1,1,0,0,0
3993,i䐹,2,2,3,1,1,2,3,0,0,1,0,0,0,0,0,0,0
3994,,5,3,0,0,3,1,2,0,1,0,1,0,0,1,1,0,0
3994,J,0,4,1,0,1,0,0,1,1,0,0,0,0,0,0,0,0
3995,dNV,2,0,0,3,3,4,1,0,2,3,3,0,1,2,1,3,1
3996,HRV,2,1,2,0,5,4,6,3,0,1,4,0,1,0,1,1,1
3997,kk,5,0,2,1,12,0,0,5,2,0,1,1,0,3,0,1,0
3998,y,7,0,1,1,4,1,3,0,0,0,1,0,0,0,0,0,0
3999,떾,4,2,3,0,3,0,2,3,0,0,1,0,0,0,0,0,0
4000,{,3,0,3,1,2,1,3,1,0,1,1,0,1,2,0,0,1
4002,ÌG,2,0,1,0,5,3,1,6,1,2,3,0,4,2,0,1,1
4003,\,8,3,1,6,4,0,2,1,0,0,0,0,0,2,0,0,0
4004,R{_,6,1,2,1,1,0,0,0,0,1,1,0,0,0,0,0,0
4005,,5,1,3,2,1,2,0,1,0,0,0,0,0,0,0,0,0
4006,E,3,3,1,2,0,1,1,0,1,1,0,0,1,0,0,0,0
4007,ēcF,5,0,2,0,1,1,0,2,0,1,1,0,1,0,0,0,0
4009,ш,2,0,1,2,1,1,0,0,1,2,2,0,1,1,0,1,0
4010,zqƍ_,1,2,0,4,0,0,0,0,0,0,0,0,0,0,0,0,0
4011,xVIq,3,3,3,3,7,1,1,1,0,3,0,0,1,2,0,0,1
4012,LT,2,3,0,3,3,2,3,3,1,1,3,0,0,3,0,2,2
4013,F,3,1,1,1,9,1,1,0,0,4,1,0,0,0,0,0,1
4014,Љb,3,2,2,1,2,1,4,1,1,1,0,0,0,1,0,0,0
4015,O엳,1,2,2,2,5,1,1,1,1,1,0,0,0,1,0,0,0
4016,VY,2,2,2,2,3,2,2,2,0,2,2,0,0,0,0,0,0
4017,,5,0,1,1,8,4,3,0,2,1,3,0,0,0,0,0,0
4019,},2,0,2,2,4,0,4,1,2,4,4,1,0,1,2,0,0
4020,㐴l,3,2,2,1,1,0,2,0,0,0,2,0,0,1,0,0,0
4022,ҒYI,8,0,1,5,4,1,4,1,2,1,0,0,1,0,0,0,2
4023,ēcFa,5,1,2,1,1,1,0,0,0,2,1,0,1,1,0,0,0
4024,T,2,2,2,0,4,1,1,4,0,1,4,0,1,3,0,1,1
4025,R{K,3,0,1,3,3,5,4,2,0,3,0,0,1,2,0,2,1
4027,]G,10,1,4,0,7,0,4,2,0,4,4,0,1,0,1,3,0
4028,cM,0,0,1,1,4,1,3,9,0,2,1,0,0,0,1,1,1
4030,X^,6,0,3,2,0,0,2,4,2,3,2,0,1,0,0,0,1
4031,ѓ,4,2,1,0,1,0,0,0,0,0,0,0,0,0,0,0,0
4033,ɓg,3,0,1,1,5,4,2,7,1,7,3,0,1,0,0,0,0
4034,,7,0,1,2,1,0,2,0,1,0,0,0,0,0,1,0,0
4035,]_,3,5,0,0,0,1,1,1,0,1,1,0,0,1,0,0,0
4036,c@,3,0,2,0,4,1,6,2,0,4,1,0,2,2,1,4,2
4037,ʕ{K,8,0,0,6,5,3,3,0,0,0,0,0,0,1,0,0,0
4039,S,6,0,2,2,1,0,3,1,0,6,1,0,0,1,0,0,0
4040,A,2,3,2,3,2,1,3,5,0,3,1,0,0,3,0,0,0
4041,ъ,3,2,2,2,2,0,1,0,0,1,0,0,0,0,0,0,0
4042,ۉT,3,1,1,2,9,3,2,2,0,5,2,0,2,2,1,0,0
4043,˖{Nb,3,1,1,3,9,3,4,1,1,1,7,0,0,1,0,0,2
4044,_i,4,1,2,3,5,1,2,0,4,2,2,0,0,3,1,0,2
4045,XؗT,5,0,1,2,2,4,4,3,1,2,1,0,0,2,0,1,0
4046,J[i,4,0,4,0,0,1,0,0,0,1,0,0,0,0,0,0,0
4047,gi_,6,1,0,1,0,1,1,0,0,1,0,0,0,0,0,0,0
4049,r쌒,1,1,4,0,6,1,2,4,3,0,3,1,0,2,1,0,0
4050,cߎq,6,0,0,2,7,5,5,5,1,2,1,1,1,3,0,0,1
4051,֊,3,1,1,1,8,1,1,4,2,2,2,0,0,3,0,0,1
4052,×,3,0,1,1,1,2,3,1,1,2,3,0,0,0,0,1,1
4053,V],2,0,1,0,4,0,3,1,1,1,1,0,0,2,0,0,1
4054,qV,4,1,0,1,1,2,1,0,1,0,0,0,1,1,0,3,0
4055,gcrF,4,0,1,2,5,5,1,4,1,2,2,0,0,2,1,0,1
4056,pP,7,1,0,0,1,1,1,1,0,0,0,0,0,1,0,0,0
4057,䌫,7,0,3,1,3,3,0,2,3,2,1,0,0,1,0,0,0
4058,얖q,3,2,0,3,3,0,1,4,0,0,0,0,0,0,0,0,1
4059,VF,4,1,1,1,2,5,2,3,0,6,2,0,0,3,0,0,2
4060,cꐶ,7,0,3,2,3,2,4,1,1,0,1,0,0,1,0,0,2
4061,Gl,4,1,0,3,6,3,2,5,4,3,0,2,1,1,0,0,2
4062,㓡z,2,0,1,1,3,2,3,2,0,6,0,1,2,1,0,2,1
4063,sm,5,1,1,0,3,1,2,3,0,3,2,0,0,2,0,0,2
4064,cĎu,4,2,1,1,4,3,1,2,4,0,1,0,0,1,1,0,0
4065,cKq,3,3,1,1,4,3,4,0,0,2,0,0,1,0,0,0,1
4066,{,3,2,2,1,5,0,2,2,2,3,0,1,0,0,0,1,0
4067,i䌹,3,1,1,3,8,0,1,4,5,3,2,1,0,2,1,0,0
4068,KcqT,2,1,0,1,4,0,0,0,0,1,0,0,0,1,0,0,0
4069,R{C,6,0,2,2,5,1,2,5,0,1,1,2,0,0,0,0,2
4071,É珻,2,3,3,3,4,0,2,2,0,0,2,0,0,0,0,0,0
4072,Xi~,1,0,2,1,6,4,3,3,3,2,6,0,1,4,0,0,0
4073,勴Y,3,0,3,2,6,3,0,6,3,1,3,0,0,3,0,0,0
4074,,4,2,0,4,6,2,0,6,0,1,5,0,0,3,2,1,0
4075,쎟Y,6,0,1,5,7,0,3,3,2,3,1,0,0,4,0,1,1
4076,cČ,2,4,5,2,2,1,1,0,0,1,0,1,0,2,1,0,0
4077,ic,7,3,3,1,4,0,2,0,1,0,0,1,0,0,0,0,0
4078,nӎjV,3,4,5,1,0,0,0,0,0,0,0,0,0,0,0,0,0
4079,oFT,4,1,1,0,6,3,8,3,3,3,1,0,0,2,1,0,1
4080,RNi,1,0,0,0,7,2,1,5,1,3,3,0,0,1,0,0,1
4081,͐,5,1,2,0,1,0,0,2,0,1,1,0,0,0,0,0,0
4082,_落,2,1,1,0,1,1,1,1,1,1,1,0,0,0,0,0,0
4083,E,2,0,5,2,4,2,6,0,1,5,3,0,3,1,0,1,0
4084,R,5,1,3,0,8,1,4,2,2,5,2,0,1,3,1,1,1
4085,T,3,0,0,2,1,0,0,1,1,0,1,0,0,1,0,0,0
4086,{d,1,0,1,2,5,2,1,2,1,0,0,0,0,3,0,1,0
4089,K,2,1,1,3,7,1,0,4,1,1,2,0,0,0,0,2,0
4090,,4,0,0,2,6,2,3,6,0,1,0,0,0,2,0,0,0
4091,rcז,0,0,0,0,0,0,0,0,0,0,0,0,0,0,0,0,0
4092,,1,1,3,1,5,2,2,2,0,1,3,0,1,1,0,0,0
4093,gc@O,3,2,4,2,0,2,2,0,0,0,0,0,1,1,0,0,1
4094,^,3,1,4,1,1,0,0,0,0,1,0,0,0,4,0,0,0
4095,,4,2,0,4,9,0,0,5,1,2,3,1,0,4,1,0,4
4096,΋F,4,2,0,2,7,0,1,2,2,3,0,0,1,4,0,0,5
4097,ђnJl,1,2,3,2,1,0,0,0,0,0,0,0,0,1,0,0,0
4098,V,5,3,1,0,1,1,1,2,0,0,0,0,0,0,0,0,0
4099,giY,3,1,1,0,6,2,2,4,3,0,2,0,0,3,1,3,1
4100,ci,3,0,1,1,4,1,0,2,0,1,1,0,0,0,0,0,0
4102,vc[i,6,0,1,2,7,2,7,3,1,6,3,0,2,2,0,0,0
4103,RPf,6,3,3,1,2,0,0,0,1,0,0,1,0,0,0,0,0
4104,؉z,3,3,1,2,0,2,3,2,1,3,1,1,0,1,0,0,0
4105,,2,4,1,2,4,1,0,4,1,1,2,0,1,3,0,0,0
4106,Nk,3,3,0,4,1,1,0,0,2,1,0,0,0,1,1,0,0
4108,g,0,0,1,2,3,2,0,2,0,3,2,0,1,1,0,1,0
4109,JÍKG,2,2,2,3,6,2,3,4,0,3,3,0,0,1,1,0,1
4110,Va,2,0,0,2,2,1,0,0,0,1,0,0,0,1,0,0,0
4111,c,1,1,3,2,2,2,1,0,2,1,0,0,0,0,0,0,2
4112,vېMY,0,0,0,0,0,0,0,0,0,0,0,0,0,0,0,0,0
4113,ؑ_m,3,2,2,2,4,1,1,1,0,1,0,0,0,1,0,0,0
4114,[VB,2,2,2,3,3,2,2,0,2,1,1,0,0,0,0,0,0
4116,cl,3,4,2,0,1,0,2,1,0,0,4,0,0,0,0,0,0
4117,Aqш,3,2,2,3,1,1,0,2,0,2,2,0,1,1,0,0,1
4118,F~,5,0,0,2,7,2,3,3,1,3,2,0,1,2,0,0,0
4119,DJB,0,2,1,1,3,3,1,2,0,6,2,1,2,1,0,0,1
4120,ѐA_,3,0,0,1,9,0,3,3,1,2,3,0,1,0,0,0,0
4121,xiC,5,0,2,3,5,0,2,1,1,4,1,0,2,0,1,0,2
4122,K,1,1,4,1,3,1,1,3,1,2,4,0,0,2,0,0,2
4123,אTq,8,1,2,2,5,2,5,1,0,3,1,3,0,4,0,1,0
4124,rcY,3,1,4,6,5,2,0,1,0,0,3,0,0,6,0,0,2
4126,g{描,1,1,0,1,0,0,0,0,0,0,0,0,0,0,0,0,0
4128,Mv,4,1,1,1,0,3,3,0,0,1,2,0,0,1,0,0,0
4129,F씎V,6,4,0,3,4,0,5,0,2,0,1,0,0,1,0,1,0
4131,Ly,2,1,3,2,4,3,2,2,1,1,2,0,0,3,0,0,0
4133,j,2,0,2,2,3,2,3,0,1,2,2,1,0,2,0,0,0
4134,RM,4,3,0,2,3,3,3,6,2,3,3,0,0,2,0,0,1
4136,]Ė,2,0,2,1,6,1,2,4,1,1,0,1,0,3,0,0,0
4137,NGO,10,1,0,0,5,1,3,5,2,3,1,0,3,2,0,0,2
4138,rS,6,1,4,1,4,0,1,3,0,6,3,1,3,2,0,0,1
4139,O,2,1,1,1,3,1,0,0,1,2,1,0,1,1,0,0,3
4140,wu,1,0,1,0,3,2,7,3,5,3,1,1,1,1,0,0,1
4142,a,5,1,3,2,4,1,0,3,1,0,0,0,0,0,0,0,0
4143,YcWk,6,1,2,3,1,2,4,0,0,5,0,0,1,0,0,0,0
4144,Βˋv,2,2,3,1,9,5,6,1,0,3,2,0,0,2,0,0,1
4145,Vw,2,5,3,2,1,0,0,0,0,0,0,0,0,1,0,0,0
4146,GI,4,2,0,7,3,2,1,0,0,0,0,0,0,0,0,0,0
4148,},1,0,2,1,1,2,3,4,1,0,1,0,0,0,0,1,1
4150,RcY,3,1,0,1,6,2,3,1,0,2,3,0,2,0,0,2,1
4151,͗_j,3,2,0,2,9,0,0,0,0,1,1,0,0,1,1,0,1
4152,[TY,5,0,1,3,6,1,2,3,0,1,0,0,0,0,0,0,0
4154,XO,2,1,1,0,4,1,2,2,3,2,0,0,0,0,0,0,0
4155,suY,3,1,2,1,5,2,2,4,1,3,1,0,0,2,1,0,3
4156,lFu,3,2,0,1,4,2,2,0,0,1,1,0,1,1,0,0,2
4158,؏YY,5,2,0,0,1,1,1,2,2,3,1,0,2,0,0,0,0
4159,㗴,1,0,0,3,6,5,3,0,2,0,2,1,0,2,0,0,0
4161,_F,2,1,3,2,2,2,3,1,0,8,0,0,2,1,1,1,0
4162,|{,2,0,0,0,0,0,0,0,0,0,0,0,0,0,0,0,0
4163,RTi,3,0,1,3,5,1,0,4,0,0,0,0,2,0,0,0,1
4164,iߖ,2,2,1,2,0,1,0,0,0,0,0,0,0,0,0,0,0
4166,gcgY,2,0,0,5,5,0,2,2,1,3,2,0,1,3,0,0,1
4167,ЉG,3,0,1,1,1,0,3,1,0,2,2,0,0,1,0,0,1
4168,ΖMV,1,0,1,1,6,1,5,1,0,2,1,1,0,2,0,0,1
4169,cLC,1,2,4,0,3,1,1,0,0,2,0,0,0,0,0,0,0
4171,|Ki,3,1,3,5,5,1,5,2,1,1,0,0,0,2,1,0,0
4172,XWj,6,0,1,7,9,1,2,6,1,2,1,1,0,2,0,0,1
4173,J,2,1,2,0,1,0,0,1,0,0,0,0,0,1,0,0,0
4174,ԍr,3,2,1,0,2,3,3,3,0,7,0,0,0,3,1,2,1
4175,Kו,1,1,0,5,0,1,3,2,1,1,2,0,0,0,0,0,1
4176,F,2,0,0,1,1,1,0,2,0,0,0,0,0,1,0,0,0
4177,ݐk,0,2,0,2,3,2,2,1,1,4,1,0,0,3,0,0,0
4179,LC,1,0,1,6,2,0,0,4,0,0,1,0,0,2,0,0,0
4180,Ga,4,4,2,1,2,1,2,0,0,1,0,0,0,0,0,0,0
4181,Ԗ{Ď,2,0,1,2,2,0,0,0,0,0,1,0,0,1,0,0,0
4182,gcam,4,1,5,0,2,3,2,1,0,3,2,0,0,0,1,0,0
4183,F퐶,3,1,3,1,8,7,3,7,2,4,1,0,2,3,0,0,0
4184,n粗YY,4,1,1,2,2,3,5,2,3,3,1,1,2,3,0,1,2
4186,쎞,2,0,0,2,0,0,2,0,0,1,0,0,0,1,0,0,0
4188,vcqV,3,0,1,2,9,3,1,8,0,7,5,0,1,2,3,0,3
4189,㍄,3,3,2,5,3,0,1,1,1,1,1,0,1,2,2,1,0
4190,L,5,1,2,1,3,6,1,2,1,2,2,0,0,3,0,0,1
4191,ԉH,4,1,1,0,2,2,0,0,0,0,0,0,0,0,0,0,0
4193,͕,1,0,1,2,5,4,4,1,2,2,1,0,0,0,0,0,0
4195,Ok,2,4,1,1,3,0,1,0,1,0,0,0,0,0,0,1,1
4196,cY,2,0,1,2,3,0,1,1,0,2,1,0,0,0,0,0,0
4197,Y,6,3,1,5,1,2,2,1,1,3,0,0,1,0,0,0,0
4199,k쏁,5,0,2,0,1,2,4,2,0,2,0,1,1,3,2,1,0
4200,쏮l,3,2,2,3,1,3,5,2,0,0,0,0,0,1,0,0,0
4201,|F,6,1,1,0,5,0,0,0,0,2,0,0,1,2,0,0,1
4202,c\_,3,2,2,2,3,1,0,1,0,0,3,1,0,2,0,0,1
4203,qNT,5,0,0,1,1,2,0,0,0,2,0,0,1,0,0,0,0
4204,ēc,2,0,2,1,2,0,2,0,1,3,0,0,0,0,0,0,1
4205,R,2,0,1,3,5,2,0,3,3,1,0,0,1,1,3,2,2
4207,,4,0,1,2,3,7,5,2,0,9,0,0,4,0,0,1,1
4208,OYi,2,2,1,5,11,3,2,6,4,3,2,1,0,3,1,0,2
4209,cO,5,4,2,1,2,0,2,2,1,1,0,0,2,1,0,0,0
4210,N,6,0,2,3,5,0,1,0,0,1,1,0,0,0,0,0,0
4211,c,2,1,0,2,0,0,3,0,0,0,0,0,0,0,0,0,0
4213,dxL,2,1,1,1,2,1,1,0,0,0,1,0,0,0,0,0,0
4214,їS,2,2,2,3,2,2,0,2,1,2,1,1,1,1,1,0,0
4215,g˔V,3,3,2,2,5,3,5,3,0,4,2,1,1,3,1,0,1
4216,h,6,0,3,2,0,1,1,4,0,0,1,0,1,0,0,0,1
4218,gp,3,0,3,2,4,2,1,1,1,0,4,0,1,1,3,2,2
4219,{,4,3,4,3,0,0,0,0,1,0,0,0,0,0,0,0,0
4220,[am,3,0,3,2,3,1,1,1,1,3,1,0,0,2,0,0,0
4222,Ru,0,1,1,0,2,0,0,1,0,0,1,0,0,1,0,0,0
4224,勴h,1,0,2,1,3,0,3,0,0,1,0,1,0,0,0,0,0
4225,y疾,3,0,1,2,4,1,4,1,1,1,2,0,0,0,0,0,0
4226,c_i,2,1,3,0,1,0,0,1,0,0,1,0,0,0,0,0,0
4227,BT,1,0,0,2,4,2,3,3,2,1,0,0,1,2,0,0,1
4228,gcTY,3,1,2,0,1,2,6,4,2,2,0,1,0,2,0,0,1
4229,sG,5,3,6,1,0,2,0,0,1,0,0,0,0,0,0,0,0
4230,_蒼,3,0,3,0,3,7,8,3,0,6,5,1,2,1,0,2,3
4231,ؗT,6,1,1,3,8,1,5,2,1,2,2,1,1,2,0,1,2
4232,}Y,2,1,1,1,0,2,1,0,1,0,0,0,0,1,0,0,0
4233,TRK,6,2,1,1,7,2,3,3,1,1,0,0,0,1,0,0,1
4234,쑊Oi,4,1,1,2,2,1,0,1,0,1,0,0,0,1,0,0,0
4236,q,1,1,0,1,6,3,1,5,3,3,3,1,0,3,1,0,2
4237,L,5,0,2,3,7,0,4,2,0,5,2,0,0,1,3,1,4
4238,œ,1,2,1,0,3,0,4,3,1,2,3,0,0,3,2,0,3
4239,|cC,2,1,1,0,3,5,0,3,3,0,2,0,0,2,0,0,1
4240,T,7,0,1,3,2,1,2,4,2,1,2,0,1,2,0,0,1
4241,dK,5,1,2,3,3,0,1,0,0,0,0,0,0,0,0,0,0
4243,,2,5,5,1,5,1,0,0,0,1,1,0,1,2,0,0,0
4244,ؐ,1,1,1,2,2,1,2,0,1,0,0,1,1,0,0,0,0
4245,,4,4,1,0,4,0,0,1,1,0,0,0,0,3,0,0,0
4246,쑽ߗR,2,1,4,1,1,0,1,0,0,0,1,0,0,1,0,0,0
4247,ꎓD,2,5,2,1,7,1,3,0,1,1,0,0,0,1,0,0,0
4248,{,2,0,0,2,0,0,0,0,0,0,0,0,0,0,0,0,0
4251,落u,5,2,2,0,3,1,0,3,2,0,1,0,0,0,0,1,0
4252,N,3,0,1,3,0,1,3,2,0,5,1,0,0,2,0,0,0
4253,^l,3,3,0,3,3,0,0,3,0,1,0,0,0,0,0,0,0
4254,쓇\i,3,0,1,2,4,4,1,2,3,2,2,0,1,0,0,0,0
4256,nӍ_i,4,1,1,0,7,1,3,3,1,2,3,0,1,4,0,0,4
4257,Ð쌒,5,0,1,3,4,1,2,0,0,3,0,0,0,1,0,1,0
4258,֍l,4,2,2,6,5,1,3,0,0,1,0,0,0,1,0,0,0
4259,^떾u,4,0,0,5,8,1,1,0,0,0,0,0,0,1,0,0,1
4260,zI,4,0,1,5,2,1,3,5,2,5,0,0,0,2,1,0,1
4261,Sb,1,3,0,2,3,3,5,2,1,5,4,0,0,4,0,3,0
4262,nM,2,0,1,0,6,0,2,7,2,2,1,0,0,2,1,0,0
4263,dY,3,0,1,4,6,0,1,1,3,1,0,0,1,1,0,0,0
4264,͕,2,0,0,3,4,4,11,4,1,0,1,0,1,2,0,0,0
4266,c@,2,0,1,2,4,2,0,0,1,0,1,0,0,4,0,0,1
4268,ar,2,2,1,1,0,0,1,0,0,0,0,0,0,0,0,0,0
4269,RT,3,0,0,1,2,2,1,6,2,2,6,1,0,3,1,1,1
4270,ݖ{YM,2,3,2,2,1,1,1,1,0,0,1,0,0,0,0,0,0
4271,,4,0,2,3,3,0,1,1,0,2,1,0,0,1,0,0,0
4272,LF,7,0,2,1,2,1,1,1,2,0,2,0,0,0,0,0,0
4273,,2,4,0,1,5,0,4,2,0,0,1,0,0,0,0,0,1
4274,F,1,1,3,2,3,1,0,0,0,3,0,0,3,0,0,0,0
4275,͂₩,1,7,1,2,0,1,0,0,0,1,0,0,0,0,0,0,0
4276,؏,3,0,1,1,4,7,1,3,1,7,5,0,0,1,0,0,1
4277,c,1,2,0,0,2,0,5,0,1,5,1,0,0,2,0,0,0
4278,r,2,3,5,2,9,2,2,9,2,7,4,0,3,3,0,3,0
4281,V喲,10,1,1,0,1,0,0,2,0,1,0,1,0,0,0,0,0
4283,ΈT,0,7,2,0,1,1,0,1,0,0,0,0,0,0,0,0,0
4286,c₩,7,1,3,1,7,0,2,3,2,1,2,0,0,0,0,0,1
4287,Mm,4,0,3,1,8,1,6,0,3,2,2,1,0,5,0,0,0
4288,ic[,6,0,2,0,5,5,6,2,3,9,2,0,3,1,0,3,0
4289,q,4,1,4,3,6,3,6,2,1,1,2,0,0,0,0,0,0
4290,c_,3,1,2,1,7,3,3,2,1,7,3,1,1,2,0,0,0
4292,T,2,0,2,1,4,1,3,4,2,4,2,0,0,0,0,0,2
4293,ؒq[,4,0,1,2,2,3,1,3,0,2,1,0,0,1,0,0,0
4294,ÉɋP,4,2,1,2,5,0,4,2,3,2,2,2,1,1,3,1,3
4295,⏮,4,0,1,3,2,1,6,5,1,5,1,0,4,2,0,0,0
4296,英T,1,2,1,1,4,0,2,2,4,2,1,0,0,2,0,0,0
4297,RcN,4,1,0,0,6,5,7,2,2,8,1,1,2,2,0,2,2
4298,{,4,1,2,2,1,3,6,2,0,2,0,0,0,0,0,0,0
4299,_,1,0,0,1,2,0,0,0,0,0,0,0,0,1,0,0,0
4300,,1,2,2,0,4,0,0,1,1,0,1,0,0,0,0,0,0
4301,֗T,3,0,2,1,3,0,0,1,2,0,1,0,1,0,0,0,0
4302,đ,5,1,3,4,5,1,0,0,1,0,2,0,1,2,0,1,1
4303,q,4,2,6,1,4,1,1,2,1,1,2,0,0,1,0,0,0
4304,菬S,1,0,0,1,5,1,1,1,2,1,0,0,0,2,0,0,0
4305,q,6,1,0,3,7,4,2,4,1,1,0,0,0,1,1,0,2
4306,Ȗr,1,1,4,0,1,3,2,2,1,3,0,1,1,0,0,0,0
4308,͑,2,0,3,1,3,3,3,3,1,1,1,0,1,1,0,0,1
4311,m,1,0,2,1,5,3,0,3,0,4,1,0,2,2,0,0,2
4313,qq,1,0,0,0,1,0,0,0,0,0,1,0,0,0,0,0,0
4314,؍KY,2,2,2,1,3,0,2,4,0,4,1,0,0,2,0,0,0
4315,RV,4,4,2,1,3,0,0,1,0,1,1,0,0,3,0,0,1
4317,ؑїF,5,1,0,3,2,2,1,0,0,0,0,0,0,0,0,0,1
4318,K,3,4,5,2,4,3,4,0,0,2,1,0,0,3,0,0,1
4319,O,1,2,0,1,5,0,2,3,4,1,0,0,0,1,2,0,0
4320,,4,1,2,0,5,2,2,6,1,1,3,1,0,3,1,0,1
4323,RcC,3,0,1,2,3,1,2,4,0,3,0,1,1,3,1,0,0
4324,CNuY,1,1,0,5,5,0,2,6,2,2,2,0,0,1,2,1,3
4325,Vo_i,2,2,4,2,4,1,1,1,1,0,1,1,0,4,0,0,1
4327,,10,2,3,3,3,0,2,1,0,0,0,0,0,0,0,0,0
4329,i,6,3,1,0,2,1,0,1,3,1,1,1,0,2,0,0,1
4330,ސ{[,0,0,0,0,3,2,4,1,0,1,1,0,1,1,0,0,1
4331,ODEl,1,0,2,1,2,3,2,3,4,2,2,0,0,0,0,0,1
4332,㏲,4,0,4,0,3,1,1,1,0,0,0,0,0,0,0,0,0
4333,cF,3,1,1,0,0,0,0,0,0,0,0,0,0,0,0,0,0
4335,я,6,0,2,1,5,2,4,1,1,6,3,1,1,3,0,0,1
4336,cn,4,0,1,2,4,4,0,0,2,2,2,1,0,0,0,0,0
4337,{^V,2,0,2,4,6,1,0,6,0,0,0,0,1,1,0,0,0
4339,[,3,0,2,0,4,0,0,1,0,0,1,0,0,0,0,0,0
4340,y,3,3,0,1,0,1,0,0,0,0,0,0,0,0,0,0,1
4342,JBu,0,1,2,0,1,1,1,3,0,5,1,0,1,3,0,1,1
4343,,3,3,0,3,0,1,1,0,0,0,1,0,0,1,0,0,1
4344,VcYj,2,1,0,0,8,2,1,3,0,2,4,0,1,2,1,0,4
4345,ڌ,2,3,0,1,4,8,0,3,1,1,1,0,0,2,0,0,0
4346,OcY,4,0,3,1,2,0,5,2,0,2,1,0,1,1,0,0,1
4347,JD,5,2,3,1,2,3,4,1,1,1,1,0,0,0,0,0,0
4348,{菧,0,2,0,1,8,2,4,1,1,0,0,0,0,3,1,0,0
4349,H,4,0,7,1,4,0,2,0,0,1,2,0,1,0,0,2,0
4350,茳u,3,1,2,2,3,2,3,2,1,4,1,1,0,0,0,3,0
4351,EM,1,0,0,1,4,2,2,3,1,1,7,1,1,1,1,0,1
4352,YY,5,1,1,4,3,2,3,3,1,3,3,0,3,0,0,1,1
4355,L,3,2,1,0,2,0,0,1,0,0,0,0,0,1,0,0,0
4356,ǖ,1,1,3,3,6,2,1,4,1,1,1,0,0,1,0,0,1
4357,ca,1,1,0,3,5,1,5,3,1,2,3,0,3,1,0,0,2
4358,{f,1,1,2,2,3,0,3,0,0,0,0,0,0,0,0,0,0
4359,쐹u,4,1,1,1,1,0,0,0,0,1,1,1,0,2,0,0,0
4360,iF,1,1,3,1,3,0,0,1,0,0,2,0,0,1,1,0,0
4361,ד,6,1,1,4,2,3,3,2,2,3,0,0,3,5,0,3,0
4362,yq,4,2,2,4,3,4,1,2,2,2,2,0,1,3,0,0,1
4363,F,2,0,1,3,1,2,6,1,1,0,1,1,0,0,0,0,0
4364,ri,2,0,1,1,6,3,3,4,0,7,1,1,1,0,1,0,0
4365,{^,5,0,1,1,2,5,3,0,0,5,3,1,2,1,1,0,0
4366,Oj,2,1,3,2,6,1,4,1,3,4,1,0,0,2,0,1,0
4367,RCH,2,2,1,4,2,1,1,0,0,0,0,0,0,0,0,0,0
4368,Rj,3,0,0,5,0,2,1,3,0,0,3,0,1,2,0,0,0
4369,O,0,0,0,0,3,1,0,5,1,2,1,1,1,2,0,0,1
4370,RB,1,0,4,3,6,2,4,3,2,1,1,0,6,4,0,0,0
4371,RM_,2,0,2,2,5,1,1,2,2,1,1,1,1,2,0,0,1
4372,cC,5,0,1,0,3,0,1,0,1,0,1,0,0,0,0,0,0
4373,ዷޔq,5,3,4,5,8,2,0,1,0,2,1,0,1,0,0,0,0
4374,ic`h,3,0,3,2,2,0,1,1,0,4,0,0,0,0,1,0,0
4375,Ɖm,2,1,1,2,0,1,3,2,1,2,1,0,0,4,0,0,0
4376,cO,0,0,1,4,4,1,1,3,1,0,1,0,1,2,0,0,0
4377,_{D,4,1,0,3,8,0,0,0,1,1,0,0,0,2,1,0,0
4379,KaG,0,2,2,0,1,0,3,7,0,0,1,1,0,3,0,0,1
4380,؏sC,4,1,1,0,4,0,0,0,0,1,0,0,0,0,0,0,0
4381,cHj,1,1,2,6,2,0,2,3,1,6,3,1,1,2,0,1,0
4382,Rq,4,1,0,2,1,0,0,0,0,0,1,1,0,0,0,0,0
4383,|cgs,2,1,1,2,5,1,3,1,2,0,0,0,1,0,0,0,0
4384,ߖ{,3,2,1,3,3,1,0,6,0,1,0,0,0,1,0,0,0
4385,ؗSq,2,3,2,0,2,2,0,1,0,0,1,0,1,0,0,0,0
4387,Rq,9,0,1,1,7,0,1,1,5,2,2,0,0,3,0,0,0
4388,VFG,3,2,3,0,6,1,5,4,1,0,2,1,0,2,0,1,0
4389,ɓq,11,1,0,4,2,0,1,0,0,4,0,0,0,1,0,0,1
4390,{|Y,4,5,1,2,1,1,0,0,0,0,0,0,0,0,0,0,1
4391,cSG,4,3,1,1,9,4,1,4,0,0,2,0,0,1,0,0,2
4393,cF,5,1,3,1,1,1,1,0,0,0,0,0,0,0,0,0,0
4394,iT,1,2,3,0,3,0,0,0,0,0,1,0,0,0,0,0,1
4395,͉j,6,0,1,2,5,1,1,1,1,6,2,0,0,2,0,0,0
4396,c,5,2,8,0,2,1,1,8,0,0,1,0,0,2,0,0,0
4397,,1,1,1,1,7,2,3,3,1,2,2,0,0,3,0,0,2
4398,DmY,4,0,2,0,8,1,3,5,2,5,4,0,0,5,0,1,2
4399,{b,3,2,3,0,1,0,1,0,1,1,1,0,1,2,0,0,1
4400,ތ,5,3,4,2,1,0,1,0,0,0,0,0,0,0,0,0,0
4401,ё,3,0,0,1,5,0,1,1,2,3,1,0,2,2,0,0,0
4402,qj,2,1,3,0,3,3,3,4,0,0,2,0,0,0,0,0,0
4403,؉囒,1,1,3,1,5,7,3,1,1,0,0,0,0,1,0,0,0
4404,݈,6,1,3,1,4,2,4,0,0,0,0,0,0,1,0,0,0
4405,엘,2,1,1,1,0,0,1,0,0,1,1,0,0,2,0,0,0
4406,Kj,4,2,2,2,0,2,1,1,0,0,0,0,0,1,0,0,1
4407,qO,4,1,1,3,3,0,1,0,0,0,0,0,0,0,0,0,0
4408,mȂ₩,0,0,0,0,0,0,0,0,0,0,0,0,0,0,0,0,0
4409,⌳_m,1,1,3,6,6,3,4,3,1,2,0,1,0,0,0,0,0
4410,,5,0,1,4,0,2,2,1,0,3,0,0,0,2,0,0,1
4411,cG,6,1,5,3,4,2,1,3,1,1,2,0,0,4,0,0,1
4413,,1,1,0,0,1,0,2,0,0,2,0,1,3,1,0,4,0
4414,V^,4,1,1,1,1,1,1,0,1,1,1,0,1,1,0,0,0
4415,o,3,1,1,6,3,6,10,8,2,11,0,0,3,2,0,8,0
4416,O,4,4,2,1,1,0,5,2,1,0,0,0,0,1,0,0,0
4417,,4,1,2,0,2,0,1,0,0,0,0,0,0,1,0,0,0
4418,II,1,1,2,4,7,1,2,4,0,3,1,0,0,2,3,0,0
4419,,1,4,6,0,3,2,0,3,0,3,0,0,0,0,0,0,1
4420,Ëv,4,0,0,2,3,1,3,0,0,3,2,0,1,0,0,0,1
4421,XL,1,0,2,2,1,0,1,0,0,0,1,0,0,0,0,0,0
4422,i䗺,6,1,1,4,3,4,2,2,0,1,0,0,0,3,0,1,0
4423,MF,2,0,0,5,2,0,0,1,1,2,1,1,0,1,0,0,1
4424,V,7,1,2,3,7,2,1,7,0,8,3,0,3,0,1,1,0
4425,䐴M,3,1,1,3,3,0,0,1,0,0,0,0,1,1,0,0,0
4427,`p,2,1,2,1,6,1,4,8,2,3,3,1,0,5,0,0,2
4428,LB,3,2,1,2,4,3,2,5,1,4,2,2,0,4,1,0,0
4429,Lcחm,7,1,1,1,2,0,0,2,0,0,2,0,0,1,0,0,0
4430,icG,6,2,4,4,3,4,7,1,1,4,2,0,0,3,0,0,0
4431,Β˗T,3,1,0,4,3,0,3,2,1,1,0,0,1,0,0,0,0
4432,͗,1,0,3,1,3,1,1,1,0,2,0,0,0,0,1,0,0
4433,B,4,1,2,3,5,1,3,3,0,3,4,0,0,1,0,0,0
4434,cCF,2,0,4,3,4,1,1,0,3,0,3,0,0,1,1,0,1
4435,B,2,1,1,0,5,1,0,1,0,0,1,0,0,1,0,0,1
4436,aJ,3,1,0,0,7,4,0,5,0,2,0,0,1,0,0,0,1
4437,c,4,0,1,2,8,2,5,3,1,2,4,0,0,2,0,0,0
4438,XY,5,1,4,5,3,3,1,4,0,3,2,1,2,0,0,0,1
4439,ߓF,2,1,3,1,1,2,0,0,0,2,0,0,1,0,0,0,0
4440,m,4,2,4,2,1,2,2,0,1,1,0,0,0,1,0,0,0
4441,iRy,2,1,4,3,10,2,1,5,2,1,3,0,0,4,0,0,0
4442,|,0,2,2,1,9,5,3,4,4,1,2,0,0,3,0,1,0
4443,ÓcTG,3,5,5,2,6,1,2,0,1,0,2,0,0,0,0,0,1
4444,ː,2,0,0,2,6,0,3,4,2,2,0,1,0,4,1,1,0
4445,{nP,3,0,1,2,3,2,1,5,0,2,3,0,0,4,0,0,0
4446,ac,6,0,4,3,6,4,4,5,0,7,1,0,1,3,0,1,1
4447,[얃ޔ,7,3,6,2,4,1,1,6,0,2,0,0,0,3,0,0,0
4448,،,1,0,1,0,2,2,1,1,0,1,0,0,0,2,1,1,0
4449,B,4,0,1,2,1,0,2,0,0,1,0,0,1,0,0,1,0
4450,ލ,0,0,3,2,7,5,2,5,1,1,2,1,1,4,0,0,1
4451,SY,6,0,3,5,5,4,4,1,1,1,1,0,1,3,0,1,1
4452,,6,2,2,1,2,1,2,0,0,3,1,0,0,1,0,1,0
4456,q,2,0,1,0,7,0,2,1,1,2,1,0,0,2,0,0,0
4457,_cB,1,2,3,1,1,0,1,0,0,1,0,1,0,0,0,0,1
4458,YO,6,1,7,1,2,3,1,1,2,1,1,1,1,0,0,0,0
4459,ЉT,5,1,3,4,4,2,1,2,2,1,2,1,3,1,2,0,0
4460,㓡ĔV,6,2,0,1,5,1,2,4,1,5,1,0,2,3,0,0,1
4461,cgG,2,4,2,2,1,0,0,0,1,0,1,0,0,0,0,0,0
4462,ĎR,2,3,1,4,2,1,1,0,0,0,1,0,0,2,0,0,2
4463,OύWK,2,1,0,2,5,0,1,3,1,0,0,0,0,2,0,0,0
4464,RFM,4,3,0,1,0,1,1,0,0,1,1,0,0,2,0,0,0
4465,吼,6,2,2,1,4,0,1,0,0,1,0,0,0,0,0,0,0
4466,CT,2,0,0,1,3,0,0,2,1,0,1,0,1,2,0,0,1
4467,n糏r,5,1,2,2,2,1,0,3,0,1,0,0,0,1,0,0,0
4468,rC,2,2,3,2,4,0,1,1,2,2,2,0,1,0,2,0,1
4469,yR,3,1,0,3,3,4,1,0,1,1,1,0,0,2,0,0,0
4470,cVC,5,0,0,1,4,2,2,5,3,1,1,0,1,2,1,0,1
4471,Vc׏,3,1,1,1,4,1,4,2,1,1,0,0,0,2,0,1,2
4472,L,4,0,3,1,5,2,4,8,4,0,0,1,0,0,0,1,0
4473,,3,2,4,1,5,1,5,0,1,3,1,0,1,1,0,0,0
4474,nӐ,5,2,1,2,3,1,2,0,0,1,1,0,0,1,0,0,0
4475,iSP,1,0,2,5,4,1,1,2,0,2,1,0,2,1,0,0,0
4477,mu,2,1,1,1,4,0,2,2,2,0,0,1,0,1,1,1,0
4478,N{,3,0,3,2,9,0,2,0,0,1,0,0,0,0,0,0,1
4479,^,3,0,0,1,1,1,1,0,0,1,0,0,1,0,0,0,0
4482,牮,0,1,3,2,10,2,2,3,2,3,0,0,0,1,2,1,0
4483,kPG,1,0,0,0,6,1,7,4,0,3,2,1,0,1,0,2,1
4484,ċG,1,2,0,1,3,0,1,0,0,0,0,0,0,0,0,0,0
4485,팴,3,0,1,2,1,2,5,0,0,1,2,0,0,2,0,0,1
4486,쑺,1,2,1,2,7,2,0,2,2,4,1,1,1,1,0,1,0
4487,Oi,8,1,0,3,1,0,4,1,0,0,1,0,0,1,0,0,0
4488,R,2,1,0,1,7,1,1,4,0,2,1,0,0,0,1,0,0
4489,mm,3,0,2,1,2,0,0,1,1,2,3,0,0,0,0,0,0
4491,c,8,3,4,2,3,1,0,3,0,1,1,1,0,1,0,0,1
4492,{Ga,3,1,0,0,3,3,1,3,1,1,2,0,1,0,0,2,0
4494,͍C,1,1,3,3,7,2,0,5,2,4,0,1,0,3,2,0,3
4495,XWY,4,1,1,0,1,0,2,2,0,4,0,0,1,0,0,0,0
4496,xw,2,1,2,3,2,1,6,2,0,6,0,0,1,1,0,3,1
4497,KI,3,0,4,1,8,1,3,12,2,1,1,1,0,2,0,0,2
4498,{{Ď,1,1,3,2,1,0,5,1,0,0,1,1,0,2,0,0,1
4499,^Rq,3,1,4,1,5,0,1,3,0,2,0,0,1,2,1,0,0
4500,RcN,2,1,0,6,5,1,5,1,0,4,2,0,0,6,1,3,1
4501,R,6,0,2,4,5,2,8,1,0,2,0,0,0,0,0,0,1
4502,G~,4,1,3,2,7,3,5,1,1,4,1,0,0,4,0,0,0
4503,^V,7,1,1,1,8,1,4,5,2,5,1,2,2,1,0,0,2
4504,Oc,4,2,1,1,3,6,1,4,0,3,2,1,2,3,0,0,3
4505,cl,1,3,0,1,3,0,2,0,1,5,2,0,3,1,0,1,1
4506,Bc,6,1,2,0,2,3,9,1,0,5,3,0,2,0,0,0,0
4508,ԑ,2,1,3,4,5,0,0,0,1,1,1,1,0,0,1,0,0
4509,^F,4,0,2,4,5,3,2,4,0,1,2,0,0,1,0,0,0
4511,l,10,1,1,0,1,3,3,0,0,1,0,0,0,2,0,0,0
4512,Nj,1,1,2,2,9,3,1,7,0,4,0,0,1,2,0,0,2
4513,͖^,4,1,1,3,2,2,3,0,2,0,1,0,0,1,1,0,0
4514,㞊Îk,2,0,0,2,14,2,2,4,1,3,1,1,1,1,0,1,0
4515,c_l,1,1,3,3,4,0,4,2,1,2,0,2,0,1,0,0,0
4516,O,2,0,2,0,4,4,1,4,2,3,2,0,1,1,0,0,1
4518,{F,4,1,0,4,6,1,1,2,2,1,0,0,1,4,0,0,0
4519,,7,0,1,3,1,0,2,0,0,7,1,0,0,1,0,1,0
4520,qF,4,2,2,1,1,1,3,2,0,2,1,0,0,2,0,0,1
4521,r,1,1,2,0,3,1,1,1,0,1,0,0,0,3,0,0,1
4522,VI,1,0,0,2,2,2,2,2,1,5,2,0,1,1,1,0,2
4523,C,2,0,0,2,4,4,7,2,3,0,0,0,0,1,0,1,0
4524,[Jm,1,2,1,1,7,1,1,4,2,0,0,0,0,3,0,0,2
4525,^qޒÎ,6,2,3,1,0,2,1,2,1,0,0,0,0,2,0,0,0
4526,rcYS,2,0,0,2,4,1,3,0,0,5,1,0,0,0,0,0,1
4527,S,4,2,3,0,2,0,2,0,0,1,0,0,0,0,0,0,0
4528,B,2,1,2,1,7,3,0,7,2,4,7,0,0,3,1,0,4
4529,`M,4,2,0,1,3,0,0,3,1,3,0,1,0,1,0,0,2
4530,쐶,1,0,0,3,2,7,5,0,0,1,1,0,0,0,1,0,1
4531,xq,2,0,2,1,5,3,2,2,1,2,0,0,0,3,0,0,1
4532,HN,2,0,2,0,5,1,6,4,0,2,4,1,1,1,1,0,1
4533,dЎ,5,0,1,6,2,1,4,0,0,7,1,0,0,1,0,0,0
4534,F,3,4,4,0,1,0,1,0,1,0,0,0,1,0,0,0,0
4535,kRN,6,0,1,3,5,4,2,2,1,6,0,0,2,2,1,3,2
4536,,5,1,2,0,4,0,3,0,0,0,2,0,0,0,0,0,0
4537,n糘a,2,0,0,1,6,3,2,7,3,2,3,1,2,2,0,1,2
4538,}uV,2,0,1,2,4,7,5,1,1,1,6,0,2,2,0,2,0
4539,qu,4,0,1,3,3,8,6,1,1,13,2,0,3,2,0,3,0
4540,,3,1,2,0,1,2,2,1,2,0,0,2,1,1,0,0,0
4543,d؋PF,5,0,0,3,4,0,3,5,1,1,0,0,0,0,0,0,2
4544,cuY,2,0,2,0,8,7,4,1,2,10,1,0,1,2,0,0,2
4545,c,4,0,0,0,10,0,3,2,0,2,2,1,1,1,1,0,1
4546,lc,2,3,3,2,10,2,3,3,2,1,1,1,1,0,0,0,2
4547,c,0,1,0,3,6,3,1,2,2,2,1,1,2,2,0,0,1
4549,ѕF,1,1,0,2,2,1,3,0,1,0,0,2,0,3,0,0,0
4550,Ή,5,1,2,0,3,1,0,2,0,0,1,1,0,1,0,0,0
4551,OV,5,2,1,2,4,0,3,3,0,2,1,0,0,2,0,0,1
4552,R,1,1,2,0,7,0,6,3,5,4,1,0,2,2,0,2,0
4553,،,2,0,2,1,7,1,0,5,1,0,0,0,0,0,0,0,1
4555,xi,0,1,2,2,5,1,1,3,0,0,2,0,0,1,0,0,0
4557,L,2,0,2,2,4,0,1,2,1,2,0,1,0,1,0,0,1
4558,{m,3,1,1,2,2,0,3,1,3,0,0,0,0,0,0,0,0
4560,iǁX,1,2,2,1,3,2,1,1,3,4,1,0,0,3,0,0,0
4561,Rđ,5,3,2,4,0,3,10,0,0,14,0,1,5,1,1,7,0
4562,{E,2,3,0,4,2,1,1,1,0,3,1,0,0,0,0,1,0
4563,V^V,4,2,4,3,0,0,0,0,0,0,1,0,1,2,0,0,1
4564,R{imY,5,1,4,1,2,0,3,1,0,3,0,0,0,0,0,0,0
4565,m,2,2,0,2,4,1,1,1,0,1,1,0,0,1,0,0,1
4566,ckl,2,0,1,1,7,2,2,9,1,4,2,1,2,1,1,0,1
4567,㑺TY,2,1,1,1,0,0,0,0,0,0,0,0,0,0,0,0,0
4568,A^,3,1,3,0,3,1,1,2,0,0,0,0,0,0,0,0,0
4569,VG,3,1,0,1,2,2,5,1,1,7,1,0,0,1,1,0,0
4570,Oc,2,3,1,2,9,1,2,5,1,3,3,0,2,4,0,2,0
4571,͍,2,2,0,3,5,6,6,0,0,16,2,0,9,2,0,6,5
4572,n,8,1,1,2,3,3,1,3,1,0,0,0,0,0,0,0,0
4573,,1,1,2,2,2,5,1,2,3,1,4,0,0,1,0,2,0
4574,,4,2,2,1,3,2,2,2,0,0,1,0,0,0,0,0,0
4575,˒˖MD,2,1,2,2,2,2,1,1,1,5,0,0,0,1,0,1,0
4578,RO,3,0,0,2,3,5,2,4,1,1,3,0,2,1,0,0,0
4579,Y,3,1,2,0,1,4,8,5,2,3,3,0,0,2,1,1,0
4580,Ja,3,0,2,1,3,2,4,3,0,3,2,0,2,4,0,0,0
4581,g,5,0,3,1,6,1,4,2,3,2,1,0,0,0,0,0,2
4583,ÓcSM,7,0,1,4,9,1,0,3,1,1,1,0,0,0,0,0,0
4584,l,1,0,2,0,5,2,3,2,1,4,2,3,2,3,0,1,2
4586,镔,3,2,0,1,6,2,1,5,2,1,0,0,0,2,0,0,0
4587,ؓcRG,4,0,4,1,5,1,1,3,1,0,1,0,0,1,0,0,0
4588,c,2,0,2,0,3,2,4,3,0,0,1,0,0,1,1,0,1
4589,ˉ,3,1,1,0,4,5,3,3,0,3,1,1,1,0,0,0,0
4590,n糗D,4,2,2,1,7,4,5,2,0,2,2,0,0,1,0,0,0
4592,эFO,3,3,3,0,1,0,0,0,0,0,0,0,0,0,0,0,1
4593,@i,2,1,1,0,2,5,1,2,0,2,0,0,0,0,0,0,0
4594,JS,5,1,2,1,9,0,4,1,1,4,2,0,0,3,1,0,1
4596,z,3,1,0,2,5,3,2,2,1,1,1,0,1,0,0,0,1
4598,F,4,2,4,4,6,2,6,5,2,0,1,1,0,0,1,0,0
4600,Y,3,4,4,1,5,2,4,4,1,0,0,0,5,2,0,4,1
4601,X쐳O,3,0,3,1,5,6,5,2,1,3,1,1,2,4,0,0,2
4603,J쏫,2,1,1,2,2,1,1,1,0,0,2,0,1,0,0,0,0
4604,␣T,3,0,2,1,5,1,2,1,4,1,4,0,0,3,0,0,1
4607,ߓcEY,3,0,2,6,1,2,2,3,0,0,2,2,1,1,0,1,1
4608,rČ,1,1,3,3,5,2,5,0,0,2,2,0,1,0,0,0,0
4610,C,4,4,2,4,1,9,4,0,2,8,1,0,3,0,0,3,0
4611,,2,0,1,0,0,3,8,2,1,1,3,0,0,0,0,0,0
4614,Αqms,2,1,1,1,7,0,3,4,2,4,3,2,0,1,0,0,0
4615,q֎j,2,3,1,2,1,0,0,0,1,0,0,0,0,0,0,0,0
4618,TNF,4,1,3,0,4,4,1,1,1,0,0,0,0,0,0,0,0
4619,cT,3,2,1,1,3,0,2,4,0,2,1,0,0,1,0,0,0
4623,kj,3,0,2,1,2,0,1,1,1,1,1,0,0,2,0,0,0
4624,c,5,0,0,2,6,1,7,1,0,7,0,0,3,2,0,0,2
4625,n粗TM,2,1,2,2,1,2,2,1,1,1,0,0,0,2,0,1,0
4626,ɓh,2,1,0,2,3,0,2,3,0,0,0,0,1,0,0,0,0
4627,؊,2,0,2,3,5,7,2,3,0,3,3,1,0,5,0,1,3
4630,il,3,1,2,5,3,3,3,5,1,0,2,0,1,2,0,0,0
4631,VpF,2,1,1,2,6,2,3,1,1,3,1,0,0,0,0,0,1
4632,uY,4,3,2,2,3,1,1,1,0,0,0,0,1,1,0,0,2
4633,Xq,4,1,1,2,1,1,0,0,1,1,1,1,0,1,0,0,0
4635,d͖,4,0,1,3,4,1,0,0,1,2,1,0,1,0,0,0,1
4636,ԒrC,0,2,1,1,0,1,3,0,0,1,0,0,0,0,0,0,0
4637,cF,5,1,1,2,3,1,4,2,1,4,0,0,0,2,0,0,0
4638,їɑ,1,1,1,2,3,0,2,0,0,0,1,0,0,1,0,0,0
4639,GEM,4,3,1,1,3,0,2,2,0,0,3,0,0,1,0,0,0
4640,Rml,2,0,2,1,4,1,4,1,0,0,1,0,1,2,0,0,1
4641,鑺,3,0,3,2,5,2,1,2,1,0,0,0,0,1,0,0,1
4642,ĊC,1,1,3,0,2,4,3,2,0,2,0,1,1,3,0,0,1
4643,ߍ]Č,1,0,1,0,2,0,3,2,0,4,1,0,0,1,0,0,1
4644,Rc,2,3,0,0,2,1,2,0,0,0,0,1,0,1,0,0,1
4645,㑺,2,0,1,1,7,3,0,3,3,4,3,0,0,3,1,0,0
4648,ؑ,1,1,2,2,2,0,2,2,0,1,0,1,1,0,0,0,0
4649,ac,2,2,5,1,2,1,1,5,2,1,1,0,0,1,0,0,1
4650,RY,1,0,3,2,6,5,4,5,0,4,1,0,2,0,1,0,1
4651,R,2,1,2,2,0,1,0,2,0,0,0,0,0,0,0,0,1
4652,s,9,3,1,5,3,2,3,0,0,12,0,0,1,2,0,4,0
4653,B,3,0,5,3,10,4,2,5,2,9,2,0,1,2,0,1,1
4654,cD,1,2,1,1,4,1,0,7,0,1,0,0,0,0,0,0,0
4656,,3,3,2,2,3,1,1,5,0,0,0,0,0,1,0,0,0
4659,؉đ,6,0,2,2,4,3,1,4,0,6,0,1,2,5,0,0,1
4660,FcM,4,2,1,3,5,0,1,1,0,0,0,0,0,0,0,0,0
4661,V,3,0,0,1,6,0,0,0,0,1,1,0,0,0,1,0,0
4662,ЎRY,0,4,1,2,0,0,0,1,0,0,0,0,0,0,0,0,0
4663,Rx,2,1,4,1,1,3,2,3,0,1,2,1,0,0,0,0,1
4664,W,5,2,0,5,0,1,2,1,0,0,1,0,0,0,0,0,0
4665,[,4,2,4,1,1,1,1,0,0,0,2,0,0,1,1,0,0
4666,}O,2,2,2,1,0,2,6,0,0,1,1,0,2,2,0,0,0
4669,,2,0,3,1,3,1,2,0,1,0,0,0,0,0,1,0,0
4672,牮n,9,0,1,0,1,2,4,0,0,0,1,0,1,0,0,2,0
4674,rcK,4,0,6,1,0,0,1,3,0,0,2,2,0,1,0,0,0
4675,Ǒ,3,0,2,3,1,1,1,2,0,1,1,0,0,1,0,1,1
4676,㓡V,2,1,2,0,2,4,1,1,1,1,3,0,0,1,0,0,1
4677,ЋKM,2,1,3,0,6,4,1,1,1,2,3,0,0,0,1,0,1
4678,],2,1,3,1,3,0,0,4,1,0,2,0,1,2,0,0,0
4679,Ac,2,1,1,1,1,3,5,0,0,1,1,0,2,1,0,0,2
4680,㓡,4,1,2,0,1,1,1,0,1,0,0,0,0,2,0,0,0
4681,c,2,0,1,3,2,0,2,0,1,2,1,0,0,1,0,0,0
4682,l,3,2,0,2,5,2,1,5,2,5,2,1,0,2,1,0,0
4683,c,2,0,0,0,3,0,3,1,0,1,1,0,0,1,0,1,0
4684,팴đ,2,0,1,1,7,0,3,0,0,2,0,0,0,0,0,0,0
4685,K,6,1,0,2,2,3,1,5,1,2,2,0,0,4,0,0,1
4686,ۖ,3,0,0,0,4,0,1,3,0,0,8,0,1,2,0,0,2
4688,iV,2,3,2,3,3,3,3,3,1,1,2,1,0,3,0,0,1
4689,Lc,0,1,0,0,1,3,1,0,1,1,0,0,0,1,0,0,1
4690,Η,1,1,0,2,8,0,3,0,1,0,0,0,0,0,1,0,0
4691,T,2,0,2,2,2,1,0,0,1,0,0,0,0,2,0,0,0
4692,rO,2,1,1,2,1,0,1,0,0,4,0,0,5,0,0,5,0
4693,_m,3,3,5,1,3,0,1,0,0,1,0,0,0,1,0,0,1
4694,c,2,1,2,0,2,2,1,0,1,0,0,1,0,0,0,0,0
4695,Y,8,1,2,0,3,1,0,2,0,2,1,0,0,0,0,0,0
4697,Oĕ,7,1,2,2,2,2,2,0,0,1,0,0,0,0,0,0,0
4700,qaV,2,0,2,1,8,0,1,2,3,1,3,1,1,1,1,0,2
4702,OYh,4,2,1,1,1,1,5,3,1,3,4,0,2,4,1,1,2
4703,Xi,1,1,1,2,6,2,3,4,0,4,0,0,0,2,0,0,0
4704,͖,1,2,1,1,3,1,2,3,1,1,3,0,0,3,0,0,1
4705,gE,0,2,2,0,3,3,0,2,0,1,3,0,0,1,0,0,0
4706,OYmN,2,4,5,2,7,1,2,2,1,3,0,1,0,2,1,0,0
4708,c,2,5,1,4,1,0,0,0,0,0,0,0,0,1,0,0,0
4709,,3,1,2,3,4,1,0,3,0,0,2,0,0,0,0,0,1
4710,c@,5,0,3,2,4,4,1,2,0,1,1,0,0,2,0,0,1
4711,OoBg,2,1,1,0,3,1,2,1,1,2,0,1,1,0,0,0,0
4713,_D,3,1,2,1,9,1,1,4,3,0,1,0,2,1,0,0,0
4714,쑽{Ǔ,3,5,3,0,2,0,1,1,0,0,0,0,0,0,0,0,0
4715,,6,1,0,2,5,2,3,3,0,5,2,1,0,2,0,0,0
4718,k쑾,0,1,6,1,7,0,2,2,1,2,2,0,1,3,0,0,1
4719,㞊,2,0,2,1,5,2,5,1,0,4,0,0,2,1,1,3,1
4720,Vԗ,0,2,2,1,2,0,3,0,2,0,0,0,0,0,1,0,0
4723,gF,8,2,4,2,5,3,0,1,0,2,1,0,2,2,0,0,1
4724,gcSM,4,1,2,0,0,0,0,0,0,0,0,0,0,0,0,0,0
4725,|,5,4,0,2,2,1,6,1,0,2,1,0,0,0,0,0,0
4726,cȂ,1,1,0,0,0,0,0,0,0,0,0,0,0,0,0,0,0
4727,T,0,2,1,2,1,1,0,0,0,0,0,0,0,1,0,0,0
4728,R,5,2,0,1,4,1,2,0,2,0,0,0,0,0,0,0,1
4729,jN,2,0,4,1,4,0,2,0,0,2,0,1,0,1,0,1,0
4730,y,1,2,4,1,1,0,0,4,1,0,1,0,0,1,0,0,0
4731,Ԗ쌓,1,3,1,0,3,0,3,1,0,1,0,0,2,2,0,1,0
4732,x{a,4,1,1,1,6,1,0,1,2,1,2,1,0,0,3,0,0
4733,Ԉr,3,1,2,2,7,0,3,0,0,3,1,0,1,1,0,1,1
4734,͓,6,1,3,2,5,5,2,4,1,2,4,0,0,1,1,0,2
4735,pRY,5,0,2,1,3,1,2,1,0,1,1,0,0,0,0,0,0
4736,qam,1,1,2,1,9,1,1,2,1,6,2,0,0,2,0,0,2
4737,|Mj,2,1,1,2,9,2,2,4,1,1,4,0,1,4,0,1,1
4738,WĎq,3,3,3,1,9,4,4,1,0,1,2,0,1,1,0,0,0
4739,W,1,2,4,0,9,1,3,3,1,3,0,0,0,2,0,0,1
4740,VB,3,2,2,2,2,0,0,2,0,0,0,0,0,1,0,0,0
4743,ؑmI,2,0,0,4,6,2,1,5,1,2,3,0,0,3,0,0,2
4744,ɓ,2,4,2,1,1,0,1,1,0,1,0,0,0,1,0,0,0
4746,哤c,2,1,2,1,4,0,0,3,0,2,3,0,0,3,1,0,0
4747,RːM,3,4,1,0,2,0,1,1,2,1,0,0,0,2,0,1,0
4748,n糗YN,4,0,2,4,8,2,8,5,0,2,1,0,1,3,0,0,1
4750,㏮,2,3,4,1,0,1,2,0,1,0,0,0,0,0,0,0,0
4752,,5,0,1,0,2,0,1,1,0,0,1,0,0,0,0,0,0
4753,Xƕv,3,3,1,1,2,3,4,3,0,4,0,0,2,1,0,1,1
4754,[,1,1,1,0,3,4,3,3,1,4,3,0,1,0,1,0,0
4757,RcS,3,0,1,0,4,1,0,2,3,0,2,0,1,7,1,0,2
4758,x~,1,2,2,0,0,2,2,2,2,0,2,0,0,3,0,0,0
4759,F,1,2,1,3,3,1,0,7,2,0,1,1,0,5,1,0,0
4760,RS,2,1,1,2,4,3,3,4,2,4,2,0,1,1,0,1,5
4761,RcW,0,0,0,3,3,2,2,4,4,1,4,0,0,1,0,0,1
4762,[jN,3,1,0,1,5,5,2,4,2,3,2,0,0,5,0,2,2
4764,rT,0,1,1,1,3,3,3,0,0,3,1,0,0,0,0,0,1
4765,cGq,3,0,2,0,2,3,5,1,1,1,2,0,4,0,0,1,1
4766,ΈFV,5,2,4,1,5,2,1,2,0,3,2,0,1,1,0,0,0
4769,nꍄ,1,1,2,2,4,0,0,0,3,4,1,1,1,0,1,0,0
4771,Ga,1,0,1,1,7,2,2,4,1,2,0,0,0,0,0,0,0
4772,ΊۊCn,7,1,2,2,4,0,0,1,1,5,3,0,0,5,0,0,2
4773,,2,4,2,2,0,3,2,3,1,4,2,0,0,0,0,0,0
4775,t^,0,0,4,0,0,0,1,1,0,0,0,0,0,0,0,0,0
4776,|ca,4,0,1,1,4,1,5,3,1,4,1,0,0,1,0,0,1
4778,[,5,2,2,2,3,1,1,4,0,0,0,0,0,1,0,0,0
4779,ɑq,2,1,0,5,1,0,2,0,0,1,0,0,0,0,0,0,1
4780,}CPc,1,0,1,3,1,0,0,0,0,1,0,0,0,0,0,0,0
4781,ډʗ,4,3,3,0,0,0,0,2,0,1,0,0,0,0,0,0,0
4782,l菀,5,2,4,1,9,2,2,0,1,1,1,0,0,0,0,0,0
4784,c^I,1,3,4,0,1,2,1,0,0,0,0,0,0,1,0,0,0
4785,ؔ,0,2,3,3,1,0,0,3,0,0,0,0,0,1,0,0,0
4786,,6,0,0,1,7,5,2,1,2,1,1,0,0,4,0,2,1
4787,ŖL,0,1,0,1,5,3,6,2,1,5,1,0,1,1,0,0,1
4788,rN,4,0,1,1,2,5,5,1,2,6,4,1,1,1,1,0,0
4789,ÉqV,1,1,0,2,1,3,0,0,1,1,2,0,0,0,0,0,0
4790,h,6,2,1,1,5,1,7,4,1,0,2,0,0,3,0,0,1
4791,V߂,3,1,2,1,5,0,3,1,0,4,1,0,0,1,0,0,1
4792,,8,0,2,0,0,2,0,2,0,0,0,0,0,0,0,0,0
4793,qG,4,2,2,2,8,1,2,5,2,0,1,1,0,0,0,0,0
4794,ac,7,1,2,2,5,7,8,1,0,13,3,0,3,1,0,3,0
4796,t,2,3,1,1,11,3,1,3,0,4,3,0,0,1,0,0,0
4797,R,4,1,0,0,3,4,1,2,2,4,0,0,1,1,1,1,0
4798,l^,3,0,3,1,7,1,2,1,0,2,2,0,1,4,0,0,3
4800,l,1,0,2,1,0,0,0,0,0,0,1,0,0,0,0,0,0
4803,ѓc,2,2,2,1,1,0,0,0,0,0,1,0,0,5,0,0,0
4804,cЂ,2,1,3,0,4,4,4,4,0,3,1,0,0,2,0,0,0
4808,,2,1,0,1,5,6,2,6,1,3,3,1,0,2,0,1,3
4809,O,3,0,1,0,5,0,0,3,1,1,2,0,0,2,0,0,1
4811,cCI,2,2,1,2,3,0,1,1,0,3,0,0,0,2,0,1,0
4812,YM,0,1,1,1,8,0,3,4,0,3,1,0,3,2,1,0,1
4813,{,6,0,3,1,3,0,1,0,0,3,0,0,1,2,0,0,0
4815,S,2,1,1,2,1,0,4,0,1,0,1,1,0,1,0,0,1
4816,C,5,0,0,2,4,2,5,0,0,2,1,0,2,1,0,0,2
4817,n糗,3,0,3,4,7,2,2,3,0,2,1,0,1,0,0,0,1
4818,r,3,0,0,1,2,1,1,2,1,4,0,0,1,2,0,0,0
4819,I{,1,2,5,1,4,7,2,2,2,1,1,0,0,1,0,0,0
4821,ȒW,1,2,4,1,4,0,2,0,1,1,1,0,0,2,0,1,0
4822,S,3,1,1,3,1,1,2,1,2,1,1,0,1,3,0,0,0
4823,,1,0,1,1,0,1,1,0,0,0,0,0,0,0,0,0,0
4824,^,1,2,2,0,11,6,2,3,1,1,2,0,1,2,0,0,0
4825,q仁X,0,0,0,0,1,0,2,1,1,3,2,0,0,3,1,0,1
4826,P,0,0,1,1,6,4,5,5,4,2,2,0,2,4,2,0,1
4828,R,4,0,0,0,4,2,1,4,2,3,5,0,3,5,0,0,0
4831,H쒼,1,0,0,5,5,1,1,4,0,1,1,0,0,2,0,0,0
4832,r,5,3,1,3,7,3,0,6,2,4,3,1,0,5,0,0,3
4834,l{T,1,2,0,1,2,0,1,0,0,2,0,0,0,0,0,0,0
4835,{,5,1,4,0,4,0,0,4,0,1,0,0,1,1,0,0,0
4836,J,3,1,1,2,2,1,1,0,0,2,3,0,0,2,0,0,0
4837,zS,3,2,0,1,3,0,1,2,0,0,1,0,0,1,0,0,0
4839,l{^,4,2,1,2,11,1,6,1,0,2,2,0,1,0,0,2,0
4840,؏G,4,1,1,3,1,4,0,0,0,2,0,1,0,1,0,0,0
4842,RV,2,0,3,2,3,0,1,1,1,0,0,1,1,0,0,0,0
4843,[bb,1,4,4,1,0,0,6,0,0,3,2,0,1,2,0,0,2
4844,ޕ,4,3,2,1,3,2,0,1,0,1,0,0,0,0,0,0,0
4845,Ocъ,3,0,4,1,4,2,4,0,2,2,2,0,1,2,0,0,0
4846,x,2,3,1,1,4,2,1,1,0,1,0,0,0,0,0,0,0
4847,Y,5,2,2,1,4,2,4,1,2,6,2,0,4,3,2,1,0
4848,JDm,4,1,2,3,9,4,4,4,2,3,2,1,1,2,0,1,3
4850,쒆ꕽ,3,1,1,4,2,1,2,2,0,4,2,0,0,1,1,0,2
4851,֍_,2,0,1,1,6,1,3,0,3,0,1,0,0,5,0,0,1
4852,쌴S,2,1,0,0,4,2,0,4,1,0,3,1,0,4,1,1,1
4853,O,2,5,4,1,4,2,2,0,0,1,1,0,0,1,0,0,0
4856,LcmY,2,1,2,0,9,4,2,7,0,4,1,1,0,2,0,0,3
4857,Ĕn,1,0,0,3,2,6,0,3,2,1,4,0,1,2,0,0,1
4861,cG,4,0,1,1,2,3,3,2,2,1,1,0,1,0,0,2,1
4863,OYTM,6,4,4,0,0,2,1,1,0,1,1,0,2,0,0,0,0
4864,I,4,1,3,0,4,0,2,0,0,0,1,0,0,0,0,0,1
4865,hi,3,1,2,2,1,0,0,2,0,0,0,0,0,1,0,0,0
4866,{p,3,2,3,1,3,1,1,1,0,1,1,0,2,2,0,0,1
4871,erGu,2,2,1,1,2,0,1,1,1,2,0,0,0,1,1,0,0
4872,RS,3,2,2,2,3,1,2,0,0,2,0,0,0,0,0,0,0
4873,,2,0,1,1,2,1,2,0,1,1,0,0,0,0,1,0,0
4874,rcޒÔ,5,2,7,2,2,0,2,0,1,1,0,0,0,0,0,0,0
4875,ˍN,4,2,1,1,4,0,3,0,2,0,0,0,0,0,0,0,0
4876,~،h,0,0,0,0,2,0,0,0,0,3,1,0,0,2,0,0,0
4877,Jꕽ,4,1,3,2,3,3,4,3,0,6,2,0,1,5,0,1,2
4878,疢,3,2,1,0,0,0,0,1,0,0,1,0,0,0,0,0,0
4879,RS,2,2,3,1,5,3,4,0,0,0,3,0,1,3,0,0,1
4880,VY,1,2,2,1,0,2,1,2,1,0,2,0,2,0,0,0,0
4881,h,1,0,0,0,0,0,0,0,1,0,0,0,0,0,0,0,0
4882,,0,2,0,1,0,0,0,1,0,0,0,0,0,0,0,0,0
4883,P,2,1,2,0,1,2,1,2,2,0,0,0,0,1,0,0,0
4884,Y^,1,0,2,2,6,4,3,3,2,7,1,0,0,1,0,0,3
4886,C],0,1,1,2,5,1,3,7,0,6,1,0,0,1,0,0,0
4887,xVS,2,0,3,1,7,2,3,4,0,5,0,0,4,2,0,0,0
4888,,3,1,0,1,5,4,1,0,5,1,2,0,0,5,0,0,1
4889,㓡,0,1,1,0,3,4,0,2,0,1,1,0,0,5,0,0,0
4890,ΐ,1,0,2,1,2,2,1,1,0,0,0,0,0,0,0,0,0
4891,,7,1,2,3,1,2,5,1,1,4,3,0,0,1,0,1,1
4892,ēc,1,3,0,1,4,0,5,2,0,1,0,0,0,0,0,0,0
4893,n糐^ޔ,3,0,2,1,4,1,3,1,0,3,0,0,0,0,0,0,0
4894,,3,1,2,4,3,0,0,2,0,3,2,1,2,0,0,0,0
4895,ԗY,0,0,2,2,0,1,0,0,0,1,0,0,0,2,0,0,2
4896,Ԗ{,2,1,1,2,1,1,2,0,0,0,0,0,1,0,0,0,0
4898,enh,0,0,2,1,1,1,1,0,0,1,0,0,0,0,0,0,0
4899,蕔^,4,0,1,0,3,1,2,0,0,1,3,0,2,0,0,0,0
4900,c[M,1,0,1,0,8,3,2,1,1,1,2,0,1,0,0,0,1
4902,RY,6,0,0,1,2,4,5,2,0,2,0,1,3,0,0,2,0
4903,gcN,2,0,1,0,9,2,2,6,1,2,4,0,0,6,0,0,1
4904,{B,2,1,3,2,4,2,3,2,1,1,0,0,0,1,0,0,0
4905,yˌ,0,1,2,3,6,0,0,0,0,1,0,0,0,0,0,0,0
4906,؉,3,0,2,4,3,3,2,3,0,2,0,0,1,2,0,1,0
4907,rC,2,0,3,2,4,7,2,3,3,8,3,0,2,2,0,3,3
4908,c,1,2,4,3,7,1,2,7,1,0,3,0,1,5,1,1,2
4909,,3,1,3,1,1,1,0,2,1,0,1,0,1,0,0,0,0
4910,ו,0,1,0,2,4,3,0,1,2,0,3,0,0,0,0,0,1
4911,Љn,5,1,2,0,1,0,0,2,1,1,0,0,0,0,0,0,1
4912,R,1,1,1,0,0,1,1,0,0,0,0,0,0,2,0,0,1
4914,gcT,3,0,1,0,10,1,2,7,1,3,2,0,0,2,1,0,2
4917,⋴Tn,1,1,4,2,0,0,0,2,0,0,0,0,0,0,0,0,0
4918,쓇Y,2,1,3,1,0,1,0,1,1,0,0,0,0,1,0,0,0
4919,gcČ,4,1,1,2,3,0,0,3,2,0,0,0,0,1,0,0,0
4924,k,3,3,2,0,0,1,1,0,0,0,0,0,0,0,0,0,0
4925,XIH,3,1,1,2,2,2,4,5,1,2,0,0,0,0,0,0,2
4926,gMm,4,0,3,5,5,3,2,1,1,2,3,0,3,3,0,1,0
4927,֖앶,7,1,2,2,4,2,2,1,2,1,0,1,0,1,0,0,0
4928,I鏠,2,0,1,2,10,2,2,7,3,1,3,0,0,4,0,0,3
4929,~[M,1,0,1,0,0,0,0,0,0,0,0,0,0,0,0,0,0
4930,I,1,3,0,0,3,1,3,1,0,5,0,0,2,0,0,4,0
4931,ؒJ,2,2,3,4,7,1,4,3,1,0,2,0,0,5,0,0,0
4932,VJq,2,1,2,0,9,1,4,6,1,3,3,2,2,5,0,1,0
4933,Љ,2,1,1,0,5,1,3,3,1,2,1,0,0,2,0,2,0
4934,Xēl,4,1,2,2,3,2,4,3,2,2,2,0,0,0,0,0,0
4936,˕~W,1,0,1,0,4,0,6,0,0,2,1,0,0,0,0,0,0
4938,,0,0,1,0,3,2,6,0,0,0,0,0,0,0,0,0,0
4939,{VPI,0,1,1,3,4,0,2,2,3,2,0,0,1,6,0,0,1
4940,ΗL,2,5,1,0,0,0,0,0,0,0,0,0,0,0,0,0,0
4941,S,2,1,0,3,1,1,1,2,0,0,1,0,0,0,0,0,0
4942,ēc,2,3,2,3,3,1,0,0,1,2,0,0,1,1,0,0,1
4943,؎,3,1,3,2,2,1,1,1,1,1,1,0,1,1,0,0,0
4944,cB,3,0,3,0,2,1,1,0,0,1,0,0,0,1,0,0,0
4945,㑺G,5,1,1,0,3,0,0,2,0,1,0,0,0,1,0,0,0
4946,Dz,0,2,1,0,0,1,0,0,0,0,0,0,0,0,0,0,0
4947,ԒؓE,3,6,0,1,1,2,0,0,0,0,0,0,0,1,0,1,0
4948,؏I,9,2,1,0,2,2,2,0,0,0,1,0,1,4,0,0,0
4949,cM,3,0,3,0,3,0,1,2,3,4,0,0,1,1,0,0,0
4950,,1,1,2,1,5,0,1,3,1,4,2,0,0,2,0,0,1
4951,Vcm,1,1,2,2,2,1,1,0,1,0,0,0,0,0,0,0,1
4952,g^,1,0,1,0,3,0,0,0,0,1,0,0,1,0,0,0,0
4953,,2,0,3,2,7,0,6,6,2,1,2,0,3,2,0,0,1
4954,Rs,2,0,0,1,1,0,0,0,0,0,0,0,0,0,0,0,0
4956,ꎓ叫,1,2,3,1,0,0,2,1,2,0,0,0,0,0,0,0,0
4957,|V,1,1,6,1,4,0,0,1,0,0,1,0,0,1,0,0,2
4958,aC`,1,1,2,3,5,2,1,1,1,2,3,0,0,3,1,1,0
4959,㒉,5,1,1,2,2,5,5,2,3,3,0,1,2,2,3,1,1
4960,쌳,3,0,2,1,6,4,4,6,3,5,3,0,2,5,0,0,0
4961,ޖ,1,0,2,2,6,3,4,0,1,1,3,0,0,0,0,0,2
4962,,2,2,1,1,3,4,3,4,0,2,1,0,1,1,0,0,0
4963,XS,1,2,2,0,13,0,7,0,0,1,1,0,1,2,1,0,1
4964,y,0,0,1,3,1,1,3,0,2,1,0,0,1,1,0,0,1
4965,,3,2,1,0,1,2,2,1,0,6,0,0,0,0,0,0,0
4966,cM,1,1,1,5,3,0,3,0,0,0,1,0,0,1,0,0,0
4967,@,2,1,1,2,5,3,1,4,1,2,1,0,0,3,0,0,2
4969,c,3,1,3,1,1,3,0,0,0,1,1,0,0,1,0,0,0
4970,䒬,1,0,0,0,0,0,0,0,0,0,0,0,0,0,0,0,0
4973,I,2,2,1,1,2,0,4,0,1,1,2,0,0,0,0,0,0
4974,䐐I,1,4,4,1,3,2,0,0,1,5,2,1,3,0,0,0,0
4976,R,6,2,1,1,9,2,3,6,1,7,2,0,0,4,0,1,0
4977,ns,2,1,2,0,1,2,2,5,0,4,1,0,1,2,0,0,2
4978,Rca,1,2,3,1,2,0,1,0,1,0,0,0,0,0,0,0,0
4979,얲l,3,0,3,2,2,0,1,1,1,1,0,0,0,0,0,0,0
4980,X؊,3,1,1,2,5,0,1,6,1,0,0,0,0,3,1,1,0
4981,qR֖,0,2,2,2,7,1,1,2,1,0,0,1,0,1,0,0,0
4982,,3,1,0,0,1,1,0,0,0,1,0,0,0,0,0,0,0
4983,Ocč,4,2,2,0,5,2,1,10,3,1,3,1,0,6,1,0,1
4984,X,1,2,1,1,1,2,1,0,0,1,2,0,0,1,0,0,0
4985,{,1,0,1,2,6,2,2,4,2,2,3,0,0,4,0,0,0
4986,RS,1,0,0,1,0,0,2,0,0,0,0,0,0,0,0,0,0
4987,qs,2,5,2,1,5,1,0,0,0,0,0,0,0,0,0,0,0
4988,c,1,2,2,2,0,2,0,1,1,1,2,0,1,2,0,0,0
4989,Ό,2,0,0,3,2,1,1,2,0,2,2,0,0,3,1,0,1
4990,cq,0,0,0,2,0,0,0,0,0,0,0,0,0,0,0,0,0
4991,@s,3,2,0,1,5,0,2,7,1,0,1,0,0,0,0,0,0
4992,Ač,2,1,0,1,4,1,1,0,1,0,2,1,1,2,0,0,0
4993,싞,0,1,0,0,0,0,0,0,0,0,0,0,0,0,0,0,0
4994,R{,0,3,1,1,4,0,0,0,1,0,0,0,1,0,0,0,0
4995,c糗,1,0,2,0,0,2,0,0,0,0,1,0,1,0,0,0,0
4997,_,0,4,1,0,0,0,0,0,0,1,0,0,0,0,0,0,0
4998,Ȃ,0,2,0,1,2,0,0,0,0,0,1,0,0,0,0,0,0
5000,{đY,4,0,2,1,3,1,0,1,0,0,0,0,0,0,0,0,0
5002,c,4,1,2,1,6,2,6,3,0,3,2,0,0,3,0,0,1
5003,cߐD,1,3,2,2,2,1,2,1,0,0,1,0,0,0,0,1,0
5004,͖,2,0,2,2,5,3,4,1,0,4,3,0,2,1,0,0,1
5005,ΓcMm,2,0,4,3,3,2,0,1,1,3,2,0,1,0,0,0,0
5006,vیGl,1,0,0,3,0,1,0,1,0,1,2,0,0,1,0,1,0
5007,ߓYY,4,2,2,4,2,0,0,0,0,0,1,0,0,0,0,0,0
5008,H,5,0,1,3,2,0,0,2,0,0,3,0,0,1,0,0,0
5009,ꗴV,6,1,0,2,2,1,1,2,2,1,1,0,0,1,0,0,0
5010,Fcĕ,5,1,2,1,1,0,2,0,1,8,0,0,0,0,0,0,0
5011,،\,0,1,1,1,1,2,0,0,0,0,0,0,0,1,0,0,0
5012,qА,1,0,3,1,4,6,1,2,2,1,1,0,0,3,0,0,1
5013,Rė,3,1,5,0,6,4,7,1,0,6,1,0,6,0,0,1,0
5014,Rl,1,3,6,0,3,0,0,3,1,3,2,0,0,1,0,0,0
5015,,2,2,0,1,5,3,4,0,2,2,1,0,0,2,0,0,1
5016,{cn,1,0,1,2,3,4,3,2,0,2,3,0,1,1,0,1,1
5017,Vc,0,2,5,2,8,3,0,6,2,3,1,0,1,3,0,0,0
5018,|,1,0,0,3,3,3,5,6,1,3,4,0,1,2,0,0,0
5019,ēcSb,3,3,2,1,2,1,1,0,0,0,1,0,0,0,0,1,1
5020,{E,8,0,2,2,0,1,4,1,0,1,0,0,0,1,0,1,0
5022,ɓ,7,2,0,0,1,1,0,1,0,1,1,0,0,0,1,0,0
5023,vi˕,1,2,2,0,6,2,2,0,2,0,1,0,1,2,1,0,0
5025,c,0,1,2,1,3,0,1,2,0,0,0,0,0,0,0,0,0
5026,͓,0,0,1,2,7,5,3,3,1,2,3,1,0,5,1,0,0
5027,dyE,8,1,0,0,5,2,2,1,0,0,0,1,1,0,0,0,0
5028,cˈY,4,1,3,0,9,2,8,3,1,5,1,0,2,0,0,1,1
5029,,4,0,0,2,3,3,2,2,0,1,2,0,0,1,1,0,1
5030,q,0,2,4,0,0,0,0,0,0,1,0,0,0,0,0,0,0
5031,nӋ,1,1,1,0,2,1,0,0,0,0,0,0,1,0,0,0,1
5032,JmD,1,1,3,1,6,1,2,0,0,1,1,0,0,2,0,0,0
5033,Fl,7,1,1,1,2,0,2,0,0,0,0,1,0,0,0,0,0
5034,ы`l,2,0,1,2,1,7,5,4,0,5,3,0,0,0,0,2,1
5035,ND,4,2,1,0,2,2,0,1,0,2,0,0,0,1,0,0,0
5036,cČ,7,1,0,1,0,2,0,2,0,6,0,0,0,4,1,0,0
5037,cՐe,3,1,2,1,6,2,2,3,2,1,0,0,0,1,0,0,1
5038,cq,3,0,0,0,3,1,1,1,2,4,1,0,0,0,0,0,0
5039,qcΏ,4,2,1,1,4,0,0,0,1,3,0,0,1,2,2,1,0
5041,rq⍹,2,2,0,3,2,3,2,0,0,6,0,0,1,0,0,2,0
5042,c,2,0,1,1,6,3,1,6,2,2,3,1,1,2,1,0,2
5043,,0,2,0,1,8,3,2,5,0,2,2,1,1,2,1,1,2
5044,n糌,3,3,1,0,4,2,1,5,0,3,4,0,0,1,0,0,1
5045,썁D,5,1,0,1,3,5,5,1,1,1,1,0,0,1,0,0,0
5046,RT,3,1,2,2,1,0,1,1,1,0,2,0,0,0,0,0,0
5047,Y,1,0,2,0,5,2,3,0,1,0,1,0,0,1,0,0,0
5048,N,2,2,4,0,1,1,1,1,0,0,0,0,0,0,0,0,0
5049,F,3,1,0,1,7,3,1,5,1,4,2,0,0,1,0,0,2
5050,؉Y,3,1,0,2,4,0,0,6,2,1,5,0,0,2,0,0,1
5051,{,2,0,1,3,3,3,1,3,1,2,2,1,0,2,0,0,1
5053,RL,2,1,2,1,2,1,2,1,1,0,0,0,0,1,0,0,0
5054,Xؑ,1,1,3,1,2,3,1,0,0,3,3,0,0,0,0,0,1
5055,͑,6,1,3,4,5,3,0,1,2,1,2,1,0,3,0,0,1
5056,,1,2,1,0,0,2,0,0,0,0,0,0,0,1,0,0,0
5057,cѓ,1,1,1,0,0,3,3,1,0,1,0,0,0,1,0,0,3
5058,O哹,1,1,1,2,5,0,3,2,0,0,2,0,0,3,0,1,0
5059,yc,0,1,0,2,1,0,0,0,0,0,0,0,0,0,0,0,0
5060,@,1,2,2,2,1,0,4,2,3,4,1,0,0,1,0,1,0
5061,x,3,2,2,0,2,0,0,1,0,0,0,0,0,2,0,0,0
5063,ˉ뎡,1,1,0,0,2,1,2,3,0,1,0,0,1,0,0,0,0
5064,i,2,1,0,0,4,3,2,5,1,1,2,0,0,0,0,0,1
5065,ɋvԗzD,5,0,2,0,1,0,1,0,0,0,2,1,0,1,0,1,0
5066,؍F,4,3,1,2,3,1,1,2,1,1,1,0,0,5,0,0,1
5067,Rc^,2,2,2,2,1,0,4,1,0,4,1,0,0,3,0,0,0
5068,Oc,3,1,0,0,4,7,7,2,0,6,2,1,3,0,0,2,1
5069,R菬t,2,1,3,2,0,2,5,1,1,2,0,0,0,2,0,0,0
5070,q,3,1,1,3,0,0,0,1,0,1,0,0,0,0,0,0,0
5071,쌩R,3,1,0,1,1,2,1,0,0,1,0,0,0,0,0,0,0
5073,㌴Y,3,2,8,0,3,0,0,0,0,0,1,0,0,0,0,0,0
5074,V,2,2,0,5,2,0,0,0,0,1,1,0,0,2,0,0,0
5075,G,3,0,0,2,5,2,2,3,1,3,1,0,1,1,0,0,2
5076,Ό,0,1,2,5,1,3,3,0,0,1,0,0,0,0,0,0,1
5077,,0,0,2,1,1,0,0,0,0,0,0,0,0,1,0,0,0
5078,Rg,1,0,1,1,0,1,0,0,0,0,0,0,0,0,0,0,0
5079,ΐ^,2,4,5,0,1,1,3,0,0,0,1,0,0,0,0,0,0
5081,,3,3,3,0,4,2,1,3,1,0,2,0,0,4,0,0,0
5082,F,3,0,0,1,6,1,3,1,0,1,1,0,0,2,0,0,0
5083,,2,3,3,1,2,0,3,2,0,0,0,0,0,3,0,1,0
5084,ia,1,1,1,1,6,3,3,3,4,3,1,0,1,4,2,0,3
5085,h,8,0,2,2,3,0,0,1,0,1,0,0,0,2,0,0,0
5086,{,3,2,4,3,0,1,5,0,0,2,1,0,0,0,0,0,0
5087,q,2,0,2,3,5,4,2,3,2,3,2,0,1,3,1,0,2
5088,lG,2,2,0,0,4,6,4,3,2,7,1,0,0,2,0,0,1
5089,Oc,3,0,4,1,3,1,3,3,2,0,2,1,0,1,0,0,1
5090,,2,1,3,1,2,2,3,0,0,3,0,0,0,0,0,0,0
5091,ז{q,2,0,2,0,3,2,1,1,0,3,2,0,1,2,0,0,0
5092,,1,4,1,0,0,3,3,3,1,3,1,0,1,0,0,1,0
5093,YC,0,0,1,0,1,2,1,1,0,0,0,0,0,2,0,0,0
5095,,0,2,1,0,2,2,0,2,0,0,1,2,0,4,0,0,0
5096,㌴,4,3,1,0,0,2,4,2,0,2,1,0,0,4,1,0,0
5098,],3,1,1,1,2,2,1,0,0,0,2,0,0,1,0,0,0
5100,In,2,0,1,0,0,0,2,0,0,2,0,0,0,0,0,0,0
5101,\,2,1,0,0,0,0,0,0,0,0,0,0,0,0,0,0,0
5102,cY,1,3,1,1,2,1,3,2,0,3,1,0,0,2,0,0,0
5103,œc,2,2,0,0,0,0,1,1,0,0,0,0,0,2,0,0,0
5104,Rc,0,1,2,2,3,1,4,0,0,0,0,0,0,1,0,2,5
5105,xc,1,1,8,4,5,0,0,1,0,1,2,1,0,2,1,0,0
5106,R,4,1,1,1,3,1,2,1,0,1,1,0,0,1,0,0,0
5107,{^L,2,2,0,0,0,0,1,0,0,2,0,0,0,0,0,0,0
5109,q,2,2,1,2,3,0,2,2,0,2,2,0,0,1,0,0,0
5110,R,3,0,2,1,0,4,3,1,1,2,0,0,0,2,0,0,1
5111,Oxl,3,1,3,1,1,3,2,0,2,3,1,0,0,0,0,0,0
5112,mP,2,4,2,2,4,7,1,4,2,3,5,0,1,2,0,1,1
5113,Ԗ,0,0,0,1,0,0,0,0,0,0,0,0,0,0,0,0,0
5114,эF,3,0,0,0,6,0,1,5,3,0,2,0,0,0,0,0,0
5115,D,4,0,1,2,5,1,0,2,0,2,2,0,1,1,0,3,0
5116,qC,0,1,0,0,0,0,0,0,0,0,0,0,0,0,0,0,0
5117,y,1,1,0,0,0,0,2,0,0,1,0,0,0,0,0,0,0
5118,cȂÂ,3,0,2,0,0,0,0,3,0,0,1,0,0,1,0,0,0
5120,R{N,1,1,2,0,3,0,1,3,1,1,0,0,0,1,0,0,0
5121,菼E,1,1,0,3,3,6,6,3,1,2,0,0,0,1,0,2,1
5122,n,4,1,1,3,2,1,1,0,0,2,0,0,0,1,0,1,0
5123,Rb,1,1,1,0,0,1,1,0,0,0,0,0,0,0,0,0,0
5124,눺,4,2,1,0,0,0,2,0,0,3,0,0,0,1,0,0,1
5125,Y,3,1,1,0,5,2,2,2,2,1,0,0,0,1,0,0,0
5126,RP,4,0,1,0,3,2,4,0,2,5,2,1,0,3,0,0,0
5127,cs,6,3,2,2,4,1,0,0,0,2,0,0,0,0,0,0,1
5128,؈uC,2,0,1,1,0,0,0,1,0,0,0,0,0,0,0,0,0
5129,R^q,1,6,4,0,7,1,3,0,2,3,1,1,0,1,0,0,0
5130,n,0,2,4,1,3,0,0,3,1,0,0,0,1,0,0,0,0
5131,]֍G,1,3,1,2,1,0,1,0,1,0,0,0,0,0,0,0,0
5132,,2,4,1,0,4,4,3,4,1,2,1,0,0,1,0,0,2
5133,xzYM,3,7,0,4,0,0,3,2,1,1,0,1,1,0,0,0,0
5134,匴ˏ,4,3,3,1,7,2,0,4,0,2,5,0,0,2,0,0,2
5135,q,1,4,3,1,3,2,1,3,2,1,0,0,0,3,0,0,1
5136,_ln,3,0,2,0,1,2,2,5,2,2,1,0,0,1,0,0,1
5137,쌴,0,0,1,0,1,1,1,2,1,5,0,0,1,1,0,1,0
5138,{听,2,0,2,0,0,0,0,1,0,0,0,0,0,0,0,0,0
5139,PG,2,1,1,0,3,1,1,4,1,2,2,0,2,0,0,0,1
5140,gcʔT,1,3,2,0,4,1,0,1,0,0,0,0,1,0,0,0,0
5141,V,4,0,1,2,9,3,3,3,1,6,1,0,2,2,1,0,2
5142,Z@,4,0,1,2,4,6,2,5,2,2,3,0,0,1,1,0,1
5143,ՊCS,0,3,4,2,4,1,0,1,0,0,0,0,0,0,0,0,0
5144,ʍ,2,1,2,0,2,1,0,1,1,0,0,0,0,0,0,0,0
5145,CP,2,2,1,1,4,3,3,0,1,2,4,0,0,0,0,0,3
5146,cʉ,5,2,1,2,7,0,0,0,0,2,1,0,1,1,0,0,0
5147,cE,8,0,2,0,0,0,2,0,0,8,1,0,0,1,0,1,0
5148,{,1,4,4,1,2,3,3,1,2,2,0,0,0,0,0,0,0
5150,{YI,3,1,2,3,6,6,2,2,2,5,1,0,3,1,0,1,4
5151,Rޏ,1,1,1,2,0,1,0,0,0,0,0,0,1,0,0,0,0
5152,ێRS,0,1,1,3,0,0,0,0,0,0,0,0,0,0,0,0,0
5153,ق̂,2,2,2,0,0,1,1,0,0,1,0,0,0,0,0,0,0
5154,h,5,1,3,2,2,1,4,0,1,3,0,0,0,1,0,1,0
5155,RC,1,0,0,0,1,0,1,0,0,0,0,0,0,0,0,0,0
5156,삳,2,2,2,1,3,1,2,0,1,1,1,0,0,2,0,0,0
5157,s쌒,3,1,4,0,3,0,1,0,0,1,3,0,2,3,0,0,0
5158,{eɑ,2,0,0,0,5,2,3,0,1,5,0,1,0,2,0,0,3
5159,}Ԍ,0,0,0,0,0,0,0,0,0,0,0,0,0,0,0,0,0
5160,Xl,5,0,1,0,2,1,1,1,0,2,1,0,0,0,0,0,0
5161,oʔS,3,1,4,1,8,2,2,3,1,5,1,0,5,1,0,1,1
5162,,3,1,4,0,1,1,1,0,0,0,0,0,0,0,0,0,0
5163,C,0,0,1,0,3,2,4,1,1,4,0,0,1,0,0,0,1
5164,Xc,2,4,2,0,0,0,0,1,0,0,0,0,0,0,0,0,0
5165,ш,3,3,1,1,1,1,1,0,3,1,1,0,0,0,0,0,0
5166,,1,0,1,1,3,2,3,2,1,3,1,0,0,0,0,1,0
5167,엳N,1,2,2,0,1,1,1,0,0,2,0,0,0,2,0,0,0
5168,rcȂ,0,1,0,0,0,0,0,0,0,0,0,0,0,0,0,0,0
5169,x{đ,0,1,1,1,0,0,0,0,0,0,0,0,0,1,0,0,0
5170,,1,2,3,0,0,0,0,3,2,0,0,0,0,1,0,1,0
5171,B,5,0,3,1,1,0,2,0,0,2,1,0,0,0,0,1,0
5172,cc,2,2,3,1,6,2,4,0,0,1,3,0,0,0,0,0,1
5173,J@,3,5,0,0,5,2,3,0,1,1,2,0,0,2,0,0,0
5174,G,1,0,1,0,2,4,6,4,1,0,1,0,1,3,0,0,1
5175,N,4,2,1,0,1,2,0,1,0,0,1,0,0,0,0,0,0
5176,Αq,0,1,1,0,0,0,1,0,0,0,0,0,0,0,0,0,0
5177,ё,2,5,3,0,2,0,0,0,0,0,0,0,0,0,0,0,0
5178,ԕ,4,1,3,1,1,0,0,0,0,0,0,0,0,0,0,0,0
5179,{P,0,0,3,2,0,0,0,0,0,0,0,0,0,0,0,0,0
5180,{і퍁,0,1,2,0,0,0,0,0,0,0,0,0,0,0,0,0,0
5181,Xq,3,0,2,1,4,0,2,3,0,3,1,0,0,2,0,0,1
5182,{,4,3,3,1,1,1,1,0,1,2,0,0,0,0,0,0,0
5183,F,2,0,1,1,1,2,1,2,0,3,1,0,0,0,0,0,0
5184,ђˋ,0,0,1,0,0,0,0,0,0,1,0,0,0,0,0,0,0
5185,D,2,1,1,4,2,1,2,0,0,0,0,0,0,2,0,1,0
5186,\,1,1,0,2,1,0,0,2,0,2,0,0,1,0,0,0,0
5187,╗,2,0,2,2,5,0,1,1,0,1,0,0,1,1,0,0,0
5188,仗,1,5,1,0,3,2,5,1,0,0,1,0,0,2,0,0,0
5189,,0,4,5,0,4,2,0,2,1,0,0,1,0,0,0,0,0
5190,匎V,4,0,0,2,0,2,1,1,1,1,1,0,0,0,0,0,0
5191,c],2,0,1,1,6,8,10,4,0,5,1,1,3,0,1,1,2
5192,D,0,3,3,0,0,0,0,0,0,0,0,0,0,0,0,0,0
5193,Ċ۔TG,1,1,2,0,0,3,5,0,0,2,1,0,0,0,0,1,0
5194,vۗC,2,5,4,1,2,1,0,2,0,1,1,0,0,2,0,0,0
5195,kJX,5,1,3,2,0,1,0,0,0,2,1,0,0,0,0,1,0
5196,kC,1,2,0,1,4,3,2,4,0,6,1,1,2,1,0,2,0
5197,m,2,0,1,1,3,1,4,3,0,5,2,0,0,3,0,0,0
5198,,0,2,5,0,2,1,1,0,1,2,1,0,0,2,0,1,0
5199,I,3,0,3,0,1,2,2,0,1,2,0,0,2,0,0,0,0
5200,,0,2,2,0,0,0,0,0,0,0,0,0,0,1,0,0,0
5201,@Y,2,1,1,0,2,1,4,2,0,2,1,0,0,0,0,0,1
5202,{,1,2,2,0,0,1,0,0,0,1,0,0,0,0,0,0,0
5203,_Չ,2,2,4,0,5,1,1,0,0,0,0,0,0,1,0,1,0
5204,FbL,2,1,3,0,1,0,2,0,0,1,0,0,0,0,0,0,0
5205,Y,3,0,2,1,4,3,1,1,0,2,3,0,0,2,0,0,0
5206,~˕,4,0,3,1,5,2,1,0,0,4,0,0,2,0,0,0,1
5207,Rh,1,1,0,0,1,1,1,0,2,2,0,0,1,0,0,1,0
5208,ǗI,3,3,2,0,0,1,0,0,0,2,2,0,0,1,0,0,0
5209,싞,1,0,2,0,0,0,0,0,0,0,0,0,0,0,0,0,0
5210,l,1,1,1,1,4,0,1,4,0,1,0,0,0,2,0,0,3
5211,x,2,1,2,1,1,0,0,1,0,0,0,0,0,1,0,0,0
5212,,0,1,2,1,2,1,2,0,0,1,0,0,0,0,0,0,0
5213,ǋI,2,2,4,2,2,5,4,2,1,1,0,0,0,1,2,0,1
5214,cGT,1,3,4,3,2,0,0,0,0,0,1,0,0,0,0,0,0
5215,Ίۏ,0,2,1,1,1,0,1,0,0,0,0,0,0,0,0,0,0
5216,J쐰,1,3,3,0,4,2,1,4,0,5,1,0,1,3,0,0,0
5217,ɐ,3,1,2,1,8,2,3,1,2,4,0,0,0,4,0,1,0
5218,Rc,2,1,4,1,6,2,1,1,0,1,2,0,0,0,1,0,0
5219,XaI,1,1,2,2,3,1,0,0,0,1,0,0,0,1,0,0,0
5220,ؘ@,1,1,2,0,3,8,7,2,0,2,4,0,1,1,0,1,0
5221,|ԗ,4,0,3,0,1,0,4,4,0,2,2,0,1,2,0,0,1
5222,Óc,3,2,0,1,2,2,0,2,0,3,1,0,0,1,0,0,0
5223,XF,1,3,2,0,4,0,0,1,1,0,0,0,0,3,0,0,0
5224,S,4,5,0,1,8,0,0,2,2,1,2,0,0,1,0,0,0
5225,֓,0,7,0,3,0,0,0,0,0,0,0,0,0,0,0,0,0
5226,crS,2,0,2,2,0,3,3,1,2,4,1,0,1,1,1,0,0
5227,쌴,1,3,1,0,0,0,0,0,0,1,0,0,0,1,0,0,0
5228,ю,2,1,2,0,5,4,2,2,1,0,2,1,0,0,0,0,0
5229,g쐰l,9,0,1,2,3,2,2,2,0,7,0,0,0,1,0,2,1
5230,Ό,1,3,3,1,1,0,0,0,0,0,0,0,0,0,0,0,1
5231,c,0,3,2,1,3,0,1,1,0,0,1,0,0,0,0,0,1
5232,Rn,3,3,2,3,0,1,1,1,0,2,1,0,0,1,0,0,0
5234,ˉzCl,4,0,1,0,5,2,3,1,1,6,1,1,3,2,0,1,0
5235,c,1,2,3,0,0,1,1,0,0,0,0,0,0,1,0,0,0
5236,{,0,0,0,0,0,0,1,0,1,1,0,0,0,1,0,0,1
5237,iǋ,0,1,0,1,0,0,2,1,1,0,0,0,1,0,0,0,0
5238,؍,4,0,3,0,1,1,1,0,0,2,0,0,0,3,1,0,0
5239,r,3,2,1,1,0,0,1,0,0,1,1,0,0,2,0,0,1
5240,,1,5,3,2,0,1,0,2,0,0,2,0,0,0,0,0,0
5241,cx,2,3,3,2,4,5,1,1,1,0,0,0,0,2,0,0,1
5242,ROl,2,2,1,1,1,0,0,0,0,0,0,0,0,0,0,0,0
5243,Onj,2,2,1,0,7,1,3,1,1,3,0,0,1,0,0,1,0
5244,c,3,1,1,0,2,0,0,0,0,0,0,0,0,0,0,0,0
5245,qx吽,3,1,0,0,3,0,1,0,0,1,0,0,0,0,0,0,0
5246,폫Y,3,2,3,1,3,1,4,1,0,2,3,0,1,2,0,0,0
5247,X,0,4,4,1,2,0,0,1,0,0,1,0,0,0,0,0,0
5248,{c,0,6,2,3,0,1,1,0,0,0,0,0,0,0,0,0,0
5249,Oؐl,3,4,0,0,2,0,0,1,0,1,2,0,0,1,0,0,0
5250,cL,0,2,1,0,0,0,0,0,0,1,1,0,0,0,0,0,0
5251,c,3,2,1,0,0,0,0,0,0,0,0,0,0,0,0,0,0
5252,rDl,3,2,0,2,3,1,4,3,1,2,2,0,0,2,0,0,1
5253,䑾,2,4,2,2,1,0,2,1,0,1,1,0,0,0,0,0,0
5254,Hc܊,0,2,1,1,0,1,0,1,0,0,0,0,0,1,0,0,0
5255,,0,0,2,2,5,2,1,4,2,2,0,1,1,4,0,1,1
5256,Rđ,1,2,1,1,5,5,2,5,0,2,3,1,1,3,0,0,0
5257,ۘБN,3,2,1,1,7,0,1,5,0,2,1,0,0,2,0,0,2
5258,{w,0,4,2,0,0,0,1,0,0,1,0,0,0,1,0,0,0
5259,c,3,6,2,0,0,0,0,0,0,1,0,0,0,0,0,0,0
5261,S,1,1,1,3,5,0,4,0,0,0,0,0,1,1,0,0,0
5262,؏͎i,2,4,3,0,0,0,0,0,0,0,0,0,0,1,0,0,0
5263,ԓcM,1,0,1,1,2,0,2,0,0,0,1,0,0,0,0,0,0
5264,o݂Љ,0,3,2,0,3,0,3,1,0,1,1,0,1,0,0,1,0
5265,AG,0,1,1,3,0,0,1,0,0,1,2,0,0,0,0,0,0
5266,ΓcEl,1,2,1,0,1,0,0,0,1,0,1,0,0,1,0,0,0
5267,Ζ{T,1,3,2,0,7,2,3,7,2,0,1,0,1,6,0,3,1
5268,R{K,0,3,0,2,0,1,1,0,0,0,0,0,1,0,0,0,1
5269,RW,3,0,0,2,2,1,2,2,1,2,0,0,1,2,0,0,3
5270,ʌ[,0,0,5,0,1,0,0,1,0,2,0,0,0,0,0,0,0
5271,Rz,2,3,0,0,1,0,0,0,0,2,0,0,0,1,0,0,1
5272,c^,0,2,2,2,0,4,0,0,0,1,0,0,0,0,0,0,0
5273,R,0,2,2,1,2,0,0,0,0,0,0,0,0,2,0,0,0
5274,Ԑ,0,4,3,1,2,1,0,2,0,1,0,0,0,1,0,0,1
5275,c~,0,1,2,1,0,1,0,0,0,1,1,0,0,2,1,1,1
5276,哇T,1,4,1,2,0,1,2,0,1,1,0,0,1,1,0,0,0
5277,㖢s,2,2,0,1,2,1,1,1,0,4,0,0,0,1,0,0,0
5278,cx,0,1,0,0,4,1,3,5,2,3,0,0,0,2,1,0,0
5279,ΓnĈY,4,0,3,1,2,0,6,0,1,1,4,0,1,0,0,0,0
5280,A,1,2,1,1,2,0,0,0,1,0,1,0,0,1,0,0,0
5281,y,2,5,3,1,1,1,3,2,1,1,0,0,1,1,0,0,1
5282,{,1,0,0,1,0,0,1,0,0,2,0,0,0,0,0,1,0
5283,Aؔ,0,0,1,1,0,0,0,0,1,1,0,0,0,0,0,0,0
5284,Î芡O,0,2,0,0,0,0,0,0,0,0,1,0,0,1,0,0,0
5285,ї,0,1,2,0,0,0,0,0,0,1,1,0,0,1,0,0,0
5286,,0,1,2,1,2,0,3,1,0,1,0,0,0,0,0,0,0
5287,DJ,1,3,1,0,0,0,0,0,1,0,0,0,0,1,0,0,0
5288,@,1,1,1,0,0,0,0,0,0,0,0,0,0,0,0,0,0
5289,ϘҋI,1,2,2,0,0,0,0,0,1,0,1,0,0,0,0,0,0
5290,{^,1,0,2,0,0,0,0,0,0,0,0,0,0,0,0,0,0
5291,O,0,0,0,0,0,0,0,0,0,0,0,0,0,2,0,0,0
5292,E,1,5,2,1,0,0,1,0,0,2,0,0,0,0,0,0,0
5293,蕐,0,2,0,1,0,0,1,1,0,0,1,1,0,1,0,0,1
5294,Lcː,1,1,3,1,1,1,1,0,0,0,0,0,0,0,0,0,0
5295,c,1,0,2,2,1,0,0,0,0,0,0,0,0,0,1,0,0
5296,icy,0,0,0,0,0,0,1,1,1,0,2,0,0,0,0,1,0
5297,ʔJ,0,0,0,0,0,0,0,0,0,0,0,0,0,0,0,0,0
5298,Jl,1,2,0,2,1,1,0,0,2,2,1,0,2,4,1,1,1
5299,ۓ֊,0,1,0,0,1,0,1,0,1,1,0,0,1,0,0,0,0
5300,cCl,0,3,1,0,0,0,1,0,0,2,0,0,0,0,0,0,1
5301,≺Il,0,0,6,0,0,1,2,0,1,1,0,0,1,1,0,0,1
5302,H`,0,1,0,0,0,0,0,0,0,0,0,0,0,0,0,1,0
5303,y,3,1,1,0,4,0,1,1,2,2,0,0,0,1,0,0,0
5304,c,0,0,0,0,0,0,0,0,0,0,0,0,0,0,0,0,0
5305,ɓx,0,2,0,1,0,0,0,0,0,0,0,0,0,0,0,0,0
5306,͓I,0,2,1,0,0,0,0,0,0,1,0,0,0,0,0,0,0
5307,xičƐl,1,6,1,1,1,0,3,1,1,0,0,0,0,0,0,0,0
5308,XC,0,0,0,1,0,0,1,0,0,0,0,0,0,0,0,0,1
5309,XY,0,0,0,0,0,0,0,0,0,0,0,0,0,0,0,0,0
5310,y,0,0,0,0,0,0,0,0,0,0,0,0,0,0,0,0,0
5311,ы,0,1,0,0,0,0,0,0,0,2,1,0,0,0,0,1,0
5312,ӊsl,0,0,0,0,0,0,0,0,0,0,0,0,0,0,0,0,0
5313,ؗB,0,0,0,0,0,0,0,0,0,1,0,0,0,0,0,0,1
5314,]ډ,0,0,0,0,0,0,0,0,0,0,0,0,0,0,0,0,0
5315,䗃,1,2,0,0,0,0,1,0,0,2,0,0,0,0,1,0,0
5316,,0,0,0,0,0,0,0,0,1,0,2,0,1,1,0,0,0
5317,G,0,0,0,0,0,0,0,0,0,0,1,0,0,1,0,0,0
5318,͓n,0,0,0,0,0,0,0,0,0,1,0,0,0,1,0,0,0
5319,ߓDl,0,1,0,0,0,0,0,0,0,1,0,0,0,2,0,1,0
5320,q,0,0,0,0,0,0,0,0,1,0,0,0,0,0,0,0,0
5321,FDP,1,1,0,1,2,0,1,0,0,0,0,0,0,1,0,0,0
5322,ݐ^D,0,0,0,0,0,0,0,0,0,1,0,0,0,0,0,0,0
5323,z,1,1,1,0,0,0,0,1,1,0,0,0,1,0,0,0,2
5324,c,0,0,0,0,0,0,0,0,0,0,0,0,0,0,0,0,0
5325,F,0,0,0,0,0,0,0,0,0,1,0,0,0,2,0,0,2
5326,O,0,0,0,0,0,0,0,0,0,0,0,0,0,1,0,0,1
5327,ca,0,0,0,0,0,0,0,0,0,0,0,0,0,0,0,0,0
5328,dl,0,0,0,0,0,0,0,0,0,0,0,0,0,0,0,0,0
5329,ql,0,0,0,0,0,0,0,0,0,1,0,0,0,1,0,0,2
5330,͓V,0,0,0,1,0,0,0,0,1,3,2,0,1,5,0,0,0
5331,i,0,2,0,2,0,1,2,0,0,2,0,0,0,1,0,0,1
5332,yP,0,1,1,0,0,2,0,0,0,0,0,0,0,1,0,0,0
5333,Rq,0,0,0,0,0,0,0,0,0,0,0,0,0,1,0,0,1
5334,~tVS,0,0,0,0,0,0,0,0,0,0,0,0,0,0,0,0,0
5335,Xz,0,0,0,0,0,0,0,0,0,0,1,0,0,0,1,0,0
5336,n,0,0,0,0,0,0,0,0,0,0,0,0,0,0,0,0,0
5337,oF,0,0,0,0,0,0,1,0,0,2,1,0,0,1,0,0,1
5338,P,0,0,0,0,0,0,0,0,0,0,0,0,0,0,0,0,0
5339,ΈL,0,0,0,0,0,0,0,0,0,0,0,1,0,0,0,0,0
5340,]䕑,0,0,0,0,0,0,0,0,0,0,0,0,0,1,0,0,0
5341,Rx,0,0,0,0,0,0,0,0,0,0,0,0,0,0,0,0,0
5342,S,0,0,0,0,0,0,0,0,0,0,0,0,0,0,0,0,0
5343,ї牛,0,0,0,0,0,0,0,0,0,0,0,0,0,0,0,0,1
5344,J,0,0,0,0,0,0,0,0,0,0,0,0,1,0,0,0,0
5345,qrP,0,0,0,0,0,0,0,0,0,0,0,0,0,0,0,0,0
5346,[,0,0,0,0,0,0,0,0,0,0,0,0,0,0,0,0,0
5347,V,0,0,0,0,0,0,0,0,0,0,0,0,0,0,0,0,0
5348,ъÔJ,0,0,0,0,0,0,0,0,0,0,0,0,0,0,0,0,0
5349,{t,0,0,0,0,0,0,0,0,0,0,0,0,0,0,0,0,0
5350,ԑǉ,0,0,0,0,0,0,0,0,0,0,0,0,0,1,0,0,0
5351,ꎓ,0,0,0,0,0,0,0,0,1,0,0,0,0,0,0,0,1
5352,u,0,0,0,0,0,0,0,0,0,0,0,0,0,0,0,0,0
5353,s,0,0,0,0,0,0,0,0,0,0,0,0,0,0,1,0,0
5354,n粗Yl,0,0,0,0,0,0,0,0,0,0,0,0,0,0,0,0,0
5355,䑾N,0,0,0,0,0,0,0,0,0,0,0,0,0,1,0,0,0
5356,Jg,0,0,0,0,0,0,0,0,0,1,0,0,0,0,1,0,0
5357,c,0,0,0,0,0,0,0,0,0,0,0,0,0,0,0,0,0
5358,{ǎ,0,0,0,0,0,0,0,1,0,0,0,0,0,0,0,0,0
5359,,0,0,0,0,0,0,0,0,0,0,0,0,1,0,0,0,0
5360,䝔,0,0,0,0,0,0,0,0,0,0,0,0,0,0,0,0,0
5361,A|,0,0,0,0,0,0,0,0,0,0,0,0,0,0,0,0,0
5362,,0,0,0,0,0,0,0,0,0,0,0,0,0,0,0,0,0
5363,R{M,0,0,0,0,0,0,0,0,0,0,0,0,0,0,0,0,0
5364,q剛,0,0,0,0,0,0,0,0,0,0,0,0,0,0,0,0,0
5365,Αޓ,0,0,0,0,0,0,0,0,0,0,0,0,0,0,0,0,0
5366,׋,0,0,0,0,0,0,0,0,0,0,0,0,0,0,0,0,0
5367,ԏ獁,0,0,0,0,0,0,0,0,0,0,0,0,0,0,0,0,0
5368,{SV,0,0,0,0,0,0,0,0,0,0,0,0,0,0,0,1,0
5369,⑿,0,0,0,0,0,0,0,0,0,0,0,0,0,0,0,0,0
5370,G,0,0,0,0,0,0,0,0,0,0,0,0,0,0,0,0,0
5371,D,0,0,0,0,0,0,0,0,0,0,0,0,0,0,0,0,0
5372,㉪I,0,0,0,0,0,0,0,0,0,0,0,0,0,0,0,0,0
5373,zK,0,0,0,0,0,0,0,0,0,0,0,0,0,0,0,0,0
5374,؎R吹,0,0,0,0,0,0,0,0,0,0,0,0,0,0,0,0,0
5375,,0,0,0,0,0,0,0,0,0,0,0,0,0,0,0,0,0
5376,gcS,0,0,0,0,0,0,0,0,0,0,0,0,0,0,0,0,0
5377,˗䉤,0,0,0,0,0,0,0,0,0,0,0,0,0,0,0,0,0
5378,،,0,0,0,0,0,0,0,0,0,0,0,0,0,0,0,0,0
5379,A喾,0,0,0,0,0,0,0,0,0,0,0,0,0,0,0,0,0
5380,c,0,0,0,0,0,0,0,0,0,0,0,0,0,0,0,0,0
5381,LR],0,0,0,0,0,0,0,0,0,0,0,0,0,0,0,0,0
5382,RS,0,0,0,0,0,0,0,0,0,0,0,0,0,0,0,0,0
5383,,0,0,0,0,0,0,0,0,0,0,0,0,0,0,0,0,0
5384,˗,0,0,0,0,0,0,0,0,0,0,0,0,0,0,0,0,0
5385,ؕA,0,0,0,0,0,0,0,0,0,0,0,0,0,0,0,0,0
5386,ċʗ,0,0,0,0,0,0,0,0,0,0,0,0,0,0,0,0,0
5387,˓cC特,0,0,0,0,0,0,0,0,0,0,0,0,0,0,0,0,0
5388,Ds,0,0,0,0,0,0,0,0,0,0,0,0,0,0,0,0,0
5389,bǋՔ,0,0,0,0,0,0,0,0,0,0,0,0,0,0,0,0,0
5390,,0,0,0,0,0,0,0,0,0,0,0,0,0,0,0,0,0
5391,oa,0,0,0,0,0,0,0,0,0,0,0,0,0,0,0,0,0
