o^ԍ,I薼,ST
2014,ː,0.19303030303030302
2538,N,0.20794117647058824
2878,xROK,0.18368
3024,`,0.16128205128205128
3054,kKT,0.17366666666666666
3070,RWO,0.15461538461538463
3072,c,0.179
3075,T,0.17240963855421687
3081,{T,0.18386666666666668
3105,RT,0.16884615384615384
3107,dT,0.18827586206896552
3156,qǏ,0.17844155844155846
3158,j,0.15905263157894736
3159,]W,0.15443037974683543
3161,ÏP`,0.1903809523809524
3175,nӐ瑐,0.159
3176,J,0.17414141414141415
3188,q,0.1811627906976744
3202,Oi_,0.19471910112359553
3207,ca,0.21068181818181816
3211,kqO,0.18484848484848485
3212,T{E,0.16461538461538464
3224,IRɗm,0.1752808988764045
3226,YcM`,0.19929411764705884
3232,RRI,0.1701666666666667
3233,,0.14896103896103896
3246,쐭F,0.16102941176470587
3251,Θaj,0.1979090909090909
3256,OpNj,0.14530612244897959
3257,c,0.11800000000000001
3265,F,0.16242424242424244
3268,X,0.1913235294117647
3273,Γc,0.181125
3277,VE,0.1626315789473684
3280,_,0.17500000000000002
3282,r{P,0.1847872340425532
3284,n粐LY,0.18395833333333333
3286,Ⓦ,0.1624
3289,~,0.19
3290,qJaM,0.1691304347826087
3293,{RIp,0.1963855421686747
3294,쒆`,0.16611111111111113
3297,ی,0.1887878787878788
3300,qK,0.1392248062015504
3302,J엢],0.17454545454545453
3303,nӖL,0.18151260504201683
3304,G쌫,0.16873949579831934
3305,M,0.1823809523809524
3306,cI,0.17378378378378379
3313,{g,0.19830188679245284
3315,Lm,0.16021978021978023
3319,R`,0.15247422680412373
3327,쒷F,0.16731182795698926
3333,۔`F,0.16274725274725274
3334,pЂƂ,0.20180851063829786
3339,,0.16676923076923078
3340,rc,0.16578947368421051
3346,{{TV,0.1755223880597015
3349,gcY,0.1610344827586207
3350,{j,0.15604651162790698
3352,Wi,0.15919999999999998
3353,Oc,0.1909375
3355,JcD,0.271
3357,zq,0.19705882352941176
3361,_,0.1889873417721519
3362,ԓmu,0.19266666666666668
3370,ؓ,0.20412499999999997
3372,V,0.20953125
3377,˓cC,0.21461538461538462
3381,Fs,0.1616883116883117
3385,n糖rL,0.16903508771929823
3388,_Y,0.16693181818181818
3392,XMY,0.18109589041095892
3401,c,0.18988235294117647
3406,pv,0.17902439024390243
3411,r㗲s,0.1847058823529412
3412,ؔ,0.17400000000000002
3414,qG,0.15013333333333334
3415,,0.16223214285714288
3419,I,0.22379310344827588
3422,Kj,0.1545631067961165
3427,LK,0.19519999999999998
3430,plC,0.17782608695652175
3432,{F,0.17991071428571428
3434,M,0.18983870967741934
3435,cb,0.15066666666666667
3436,K,0.13114583333333332
3439,啽_j,0.16347826086956524
3441,yN,0.18776699029126215
3442,{pi,0.1642528735632184
3444,,0.1529
3445,j,0.21
3448,RGY,0.19605263157894737
3454,,0.15752808988764044
3455,J{Ki,0.1795
3458,,0.17614035087719299
3459,aT,0.16420454545454546
3461,n粓N,0.1864179104477612
3462,|^i,0.2012857142857143
3463,ÍNu,0.1960759493670886
3467,XOs,0.16918032786885245
3470,VcF,0.16482758620689655
3471,ԕa,0.17402777777777778
3473,ΐ^,0.15080882352941177
3474,O,0.16975609756097562
3475,{va,0.18100000000000002
3477,ߓ,0.1872340425531915
3478,cMx,0.17228260869565218
3482,qҎu,0.16458333333333333
3484,œc_,0.16506666666666667
3489,q,0.1514018691588785
3497,㓡_,0.18212121212121213
3499,sN,0.1355813953488372
3501,㏸,0.14612244897959184
3502,n糉p,0.1728409090909091
3503,mj,0.17629213483146067
3505,Rc,0.1525892857142857
3507,O,0.18425925925925923
3508,vxO,0.20546875
3509,,0.14851851851851852
3514,RS,0.15777777777777777
3516,gl,0.1811764705882353
3517,M,0.1436036036036036
3518,qc,0.21484848484848484
3519,ycGK,0.15416666666666665
3523,c,0.17432835820895523
3527,Y,0.17094736842105265
3528,}FIb,0.22365384615384618
3532,ēc,0.17797297297297296
3535,nC,0.21017543859649124
3536,F돺,0.18866666666666668
3538,er,0.17970873786407768
3539,q,0.17232558139534884
3541,Oi,0.14065420560747663
3542,I,0.18119402985074629
3543,c,0.16289719626168225
3544,LcP,0.16444444444444445
3546,u,0.18430379746835443
3548,c׎j,0.13612403100775192
3550,sz,0.15848214285714285
3551,c,0.17722222222222223
3553,rmu,0.1910344827586207
3554,,0.17747747747747747
3556,cMY,0.1468478260869565
3557,ca,0.16
3558,R{_,0.1787878787878788
3562,RaF,0.17695238095238097
3563,珸,0.16620967741935483
3564,K[,0.1575675675675676
3565,{,0.2028
3566,Yp,0.19662162162162164
3567,g,0.193
3568,ؑG,0.1767857142857143
3569,ci,0.1904040404040404
3572,cF,0.19463917525773194
3574,_Ni,0.1724175824175824
3576,,0.1674468085106383
3577,_,0.1412987012987013
3578,cY,0.1774736842105263
3579,Dq,0.15573170731707317
3580,RI,0.19859154929577463
3581,؈,0.1951086956521739
3582,g쏺j,0.1676842105263158
3583,VqT,0.1628888888888889
3584,X؉p,0.1811627906976744
3587,cM,0.1703225806451613
3589,,0.1744318181818182
3590,_J,0.13495652173913042
3591,㓡F`,0.18326530612244898
3596,͏N,0.16599999999999998
3600,nO,0.19564102564102565
3602,,0.17558441558441557
3604,q,0.22452054794520548
3605,琬,0.1736986301369863
3606,k_M,0.18350000000000002
3611,F,0.15246913580246912
3612,n܋`,0.14534883720930233
3613,pJ,0.14972972972972973
3614,JK,0.16443298969072165
3615,c,0.15479166666666666
3616,^,0.1676923076923077
3617,|cL,0.1963529411764706
3618,C䂩,0.1688235294117647
3619,J[,0.20284313725490197
3620,MZRs,0.18430232558139534
3621,V쏻v,0.17022988505747128
3623,[^,0.14313131313131314
3627,b,0.18226666666666666
3629,󌩏,0.14514851485148514
3630,ci,0.1497872340425532
3631,cYN,0.18500000000000003
3635,Γc,0.17822222222222223
3637,Va,0.18676767676767678
3641,ꐣ,0.15508928571428574
3642,ˍ_,0.18935897435897436
3643,ēcO,0.17612244897959184
3645,Ǔc爟,0.12735849056603774
3647,ɓY,0.14896551724137932
3652,XE,0.2169736842105263
3653,i쌫,0.1901010101010101
3654,cj,0.17576576576576577
3655,{m,0.1934375
3656,FP,0.19083333333333333
3659,Yl,0.18848101265822786
3660,Je,0.17493975903614456
3661,u,0.18520408163265303
3662,댳,0.16293577981651378
3663,؎RaK,0.16789473684210526
3664,،,0.1821276595744681
3674,݌bq,0.1759090909090909
3679,ѓO,0.16475728155339806
3680,Xё,0.2146590909090909
3681,RJ,0.16085106382978726
3682,ؓc,0.1972093023255814
3684,U,0.1788073394495413
3685,rPN,0.1705263157894737
3686,ˍF,0.13973913043478262
3687,ԓca,0.1692957746478873
3690,͍OO,0.17892156862745098
3692,|,0.16238636363636363
3696,F,0.19525252525252523
3697,엳i,0.10666666666666667
3699,xil,0.2009677419354839
3701,吼m,0.16134146341463415
3702,匓~,0.17333333333333334
3703,,0.1757142857142857
3704,{߂,0.21565217391304348
3708,Mi,0.1585858585858586
3710,gi׍O,0.17386363636363636
3711,]{^,0.16233333333333333
3712,Ǎ,0.1459493670886076
3713,ɓ,0.13103773584905662
3714,,0.17805194805194807
3715,q,0.1743076923076923
3716,ΓnS,0.12049504950495049
3717,ԏ[G,0.1444
3718,ɒB,0.18726190476190477
3719,҉h,0.16807692307692307
3721,cr,0.13125
3722,G,0.185
3726,jъ,0.15954545454545455
3730,Di,0.17326530612244898
3731,_Fv,0.17577464788732394
3736,{,0.1827027027027027
3737,㕽^,0.17112244897959183
3740,Vi,0.16966666666666666
3741,,0.1856179775280899
3742,{nGF,0.1771764705882353
3743,є,0.1546788990825688
3744,G,0.13
3745,{N,0.16070707070707071
3746,l,0.1769291338582677
3747,Ǐt,0.1504
3748,,0.1757377049180328
3752,Fy׏A,0.1615
3757,aG,0.18544117647058822
3761,R{Y,0.16020618556701033
3769,|PF,0.17347222222222222
3771,܉@,0.12634146341463415
3772,aF,0.16752688172043012
3773,×_Y,0.17185185185185184
3775,[,0.18153846153846154
3776,䌒,0.18493975903614457
3777,,0.19318181818181818
3778,B,0.18760869565217392
3779,cK,0.12000000000000001
3780,JqV,0.15085714285714286
3783,Z`,0.15031578947368424
3784,Fa,0.1692957746478873
3787,V쐽,0.19260000000000002
3788,{O,0.12587628865979383
3790,B,0.18093333333333333
3792,c,0.19266666666666665
3793,^,0.15936507936507938
3796,쓹b,0.1605982905982906
3797,,0.22366666666666665
3800,qG,0.1546753246753247
3801,ܔcE,0.15362068965517242
3802,X܂,0.15882352941176472
3804,nC,0.16999999999999998
3805,pV,0.13614457831325302
3807,N,0.1812222222222222
3808,HcY,0.16188235294117648
3809,gc,0.15430379746835443
3811,Γc͉,0.15079646017699114
3812,R萹i,0.16670212765957446
3813,,0.15711111111111112
3814,qMu,0.18987654320987654
3820,~tY,0.15375
3822,T,0.17504761904761904
3825,{Y,0.12744444444444444
3826,cC,0.15017543859649124
3827,O,0.1747887323943662
3828,ΐV,0.18397590361445781
3831,TM,0.16580246913580246
3832,cN,0.1718888888888889
3833,ҔP,0.1304950495049505
3834,א얾l,0.20124999999999998
3837,HRL,0.14761904761904762
3838,ɓ[O,0.13098484848484848
3839,썇i,0.16372093023255815
3841,XؘaL,0.16767241379310344
3842,쑾Y,0.18792682926829268
3843,VWO,0.17316831683168318
3845,Jq,0.18964705882352942
3848,㑏,0.14200000000000002
3849,F,0.13846153846153847
3850,ms,0.14623188405797102
3851,XcF,0.1834090909090909
3852,V,0.1683478260869565
3853,萳,0.18598039215686274
3854,g쌳_,0.1315151515151515
3855,FC,0.21492307692307694
3857,g,0.19305084745762713
3859,BV,0.14391304347826087
3860,{_M,0.19037974683544304
3863,CVV׍s,0.16186046511627908
3866,؎R,0.1426530612244898
3867,Y,0.1754237288135593
3868,`h,0.18213483146067416
3869,ڑu,0.1721111111111111
3870,Y,0.1667741935483871
3871,rcT,0.1837037037037037
3872,cs,0.21166666666666667
3873,ʕ{,0.1644186046511628
3874,R{v,0.15100917431192662
3875,Aǈ,0.17897727272727273
3876,Ґl,0.1528846153846154
3878,Ӗ{u,0.17
3880,󌩏@F,0.19481012658227848
3881,Y,0.15094117647058825
3882,Vcq,0.164296875
3883,R,0.14833333333333334
3885,vc,0.16300970873786408
3888,R{pu,0.1512222222222222
3889,{Y,0.20768115942028986
3891,J,0.17925
3892,NK,0.16903614457831326
3893,萳,0.1840816326530612
3895,x{T,0.18622222222222223
3896,cm,0.1636904761904762
3897,p,0.142375
3898,c,0.13619469026548672
3900,fq,0.18230000000000002
3901,cK,0.20369047619047617
3904,XMm,0.1721311475409836
3905,VFa,0.15482142857142858
3906,юRWO,0.18903508771929825
3907,z,0.17415094339622642
3908,dl,0.14435483870967744
3909,X؍NK,0.10943396226415095
3910,mK,0.17239583333333333
3911,ؖ,0.1769607843137255
3912,쌴,0.14178947368421052
3915,ɖJ\,0.1742857142857143
3918,[䗘,0.16244897959183674
3920,ؐ,0.19
3921,쑺P,0.20420289855072463
3922,,0.18266666666666667
3928,ьbS,0.18054794520547945
3929,ۖ쐾,0.15375
3930,ݖ{,0.16623529411764706
3931,藳,0.18236363636363634
3932,rc_,0.17758620689655172
3933,Rn,0.1666315789473684
3934,Mr,0.1552136752136752
3935,ÓOY,0.17966101694915254
3939,nӐ^,0.15684931506849314
3940,юR,0.15385416666666665
3941,rc_,0.12337500000000001
3942,c,0.15916666666666665
3943,O,0.14714285714285716
3944,RT,0.15886363636363637
3945,^,0.20070588235294115
3946,ԊP,0.15408695652173912
3947,{,0.17397727272727273
3948,咬,0.20252747252747252
3949,oW,0.16291666666666668
3950,ΐNG,0.15477272727272728
3951,ΐgM,0.1835344827586207
3952,Vau,0.1316161616161616
3953,uga,0.1515277777777778
3955,cp,0.18786516853932583
3956,V,0.161875
3957,JO,0.1935632183908046
3959,؈N,0.1310891089108911
3960,enF,0.11089887640449439
3961,J,0.16416666666666666
3963,cG,0.1593069306930693
3964,{nm,0.20595238095238097
3965,k,0.14168141592920355
3966,ԏ,0.18811965811965814
3967,ؖ΍,0.19972602739726028
3968,JM,0.1575609756097561
3973,藘m,0.2003883495145631
3974,[RS,0.16341463414634147
3975,쎛qm,0.14410714285714285
3976,c\,0.16
3977,R{m,0.1855421686746988
3978,ꎓm,0.14365853658536587
3981,WL,0.19428571428571428
3982,c,0.17327272727272727
3983,{,0.16916666666666666
3984,,0.1531818181818182
3986,La,0.17164835164835165
3987,㓡@,0.14183673469387756
3988,Ð쐽V,0.15565656565656566
3989,F{p,0.2081818181818182
3990,VF,0.14719626168224298
3992,֌qv,0.14884210526315791
3993,i䐹,0.16931034482758622
3994,,0.18637254901960787
3995,dNV,0.12912087912087913
3996,HRV,0.1460747663551402
3997,kk,0.15223076923076923
3998,y,0.16567567567567568
3999,떾,0.1638095238095238
4000,{,0.17115702479338843
4002,ÌG,0.14365853658536584
4003,\,0.18670454545454546
4004,R{_,0.1620618556701031
4005,,0.17945945945945946
4006,E,0.18464285714285714
4007,ēcF,0.12250000000000001
4009,ш,0.1316
4010,zqƍ_,0.19076923076923077
4011,xVIq,0.18659574468085105
4012,LT,0.15383561643835617
4013,F,0.14186046511627906
4014,Љb,0.19072164948453607
4015,O엳,0.15943661971830986
4016,VY,0.15223529411764705
4017,,0.17188034188034187
4019,},0.17055555555555554
4020,㐴l,0.16579545454545455
4022,ҒYI,0.15380434782608696
4023,ēcFa,0.16870588235294118
4024,T,0.1561
4025,R{K,0.18054054054054053
4027,]G,0.164468085106383
4028,cM,0.13582417582417583
4030,X^,0.14626168224299066
4031,ѓ,0.18984375
4033,ɓg,0.14036363636363636
4034,,0.19365591397849463
4035,]_,0.2053211009174312
4036,c@,0.16988095238095238
4037,ʕ{K,0.1722950819672131
4039,S,0.16746666666666668
4040,A,0.14396396396396396
4041,ъ,0.2325
4042,ۉT,0.15584070796460175
4043,˖{Nb,0.16483516483516483
4044,_i,0.13874999999999998
4045,XؗT,0.15556701030927836
4046,J[i,0.21571428571428572
4047,gi_,0.16699999999999998
4049,r쌒,0.17120689655172414
4050,cߎq,0.14800000000000002
4051,֊,0.16670212765957446
4052,×,0.1811764705882353
4053,V],0.17453333333333332
4054,qV,0.17028169014084507
4055,gcrF,0.15095238095238095
4056,pP,0.15077922077922076
4057,䌫,0.16521739130434782
4058,얖q,0.2120909090909091
4059,VF,0.14860215053763443
4060,cꐶ,0.15223684210526317
4061,Gl,0.12972727272727272
4062,㓡z,0.16
4063,sm,0.13958333333333334
4064,cĎu,0.1697674418604651
4065,cKq,0.17034482758620692
4066,{,0.15926605504587155
4067,i䌹,0.17557251908396945
4068,KcqT,0.16990000000000002
4069,R{C,0.18215189873417723
4071,É珻,0.18928571428571428
4072,Xi~,0.14533333333333334
4073,勴Y,0.1434959349593496
4074,,0.13910891089108912
4075,쎟Y,0.13766666666666666
4076,cČ,0.1982142857142857
4077,ic,0.19322916666666667
4078,nӎjV,0.19785714285714284
4079,oFT,0.15504065040650405
4080,RNi,0.11147058823529413
4081,͐,0.1934065934065934
4082,_落,0.18796296296296297
4083,E,0.15019047619047618
4084,R,0.16401960784313727
4085,T,0.22577777777777777
4086,{d,0.15563380281690142
4089,K,0.15743362831858407
4090,,0.12660714285714286
4092,,0.16041666666666668
4093,gc@O,0.21519607843137253
4094,^,0.18901234567901234
4095,,0.15000000000000002
4096,΋F,0.15642857142857144
4097,ђnJl,0.22206349206349207
4098,V,0.22339285714285714
4099,giY,0.16363636363636364
4100,ci,0.17851351351351352
4102,vc[i,0.15085714285714286
4103,RPf,0.22782051282051283
4104,؉z,0.17123076923076924
4105,,0.18623529411764705
4106,Nk,0.2005263157894737
4108,g,0.13574999999999998
4109,JÍKG,0.12523809523809523
4110,Va,0.16693333333333332
4111,c,0.1872072072072072
4112,vېMY,0.18513513513513513
4113,ؑ_m,0.19821782178217823
4114,[VB,0.1750943396226415
4116,cl,0.18314606741573033
4117,Aqш,0.19731958762886598
4118,F~,0.15144736842105264
4119,DJB,0.18417910447761193
4120,ѐA_,0.19059523809523812
4121,xiC,0.14940677966101695
4122,K,0.17650943396226415
4123,אTq,0.17882978723404255
4124,rcY,0.15685393258426966
4128,Mv,0.14876543209876544
4129,F씎V,0.1635185185185185
4131,Ly,0.17482758620689656
4133,j,0.16938144329896906
4134,RM,0.16045454545454546
4136,]Ė,0.16103896103896104
4137,NGO,0.13771428571428573
4138,rS,0.17634146341463416
4139,O,0.15793478260869565
4140,wu,0.16
4142,a,0.18943548387096776
4143,YcWk,0.16282051282051282
4144,Βˋv,0.15808080808080807
4145,Vw,0.2516867469879518
4146,GI,0.16240963855421686
4150,RcY,0.12325
4151,͗_j,0.18256880733944952
4152,[TY,0.18509433962264152
4154,XO,0.18540816326530615
4155,suY,0.17011494252873563
4156,lFu,0.17058823529411765
4158,؏YY,0.18964285714285714
4159,㗴,0.18
4161,_F,0.14772151898734176
4162,|{,0.19866666666666666
4163,RTi,0.17688679245283018
4164,iߖ,0.1862921348314607
4166,gcgY,0.13819148936170214
4167,ЉG,0.14920454545454545
4168,ΖMV,0.16719298245614037
4169,cLC,0.18806451612903227
4171,|Ki,0.1736697247706422
4172,XWj,0.15509433962264152
4173,J,0.1975
4174,ԍr,0.14623762376237623
4175,Kו,0.15654205607476634
4176,F,0.15276595744680851
4177,ݐk,0.15985714285714284
4179,LC,0.15575757575757576
4180,Ga,0.18208955223880596
4181,Ԗ{Ď,0.18583333333333332
4182,gcam,0.15430379746835443
4183,F퐶,0.12676470588235295
4184,n粗YY,0.16447058823529412
4186,쎞,0.1625
4188,vcqV,0.13999999999999999
4189,㍄,0.1708888888888889
4190,L,0.16043010752688172
4191,ԉH,0.18457627118644068
4193,͕,0.15541353383458648
4195,Ok,0.12983333333333333
4196,cY,0.16657534246575342
4197,Y,0.18542857142857141
4199,k쏁,0.13938053097345132
4200,쏮l,0.18298969072164947
4201,|F,0.17232558139534884
4202,c\_,0.1729
4203,qNT,0.1578313253012048
4204,ēc,0.25935483870967746
4205,R,0.12530120481927712
4207,,0.12903225806451613
4208,OYi,0.14938775510204083
4209,cO,0.15530973451327434
4210,N,0.18443396226415096
4211,c,0.15298850574712644
4213,dxL,0.16849462365591397
4214,їS,0.16123287671232875
4215,g˔V,0.15576271186440677
4216,h,0.158859649122807
4218,gp,0.16440677966101694
4219,{,0.17881720430107526
4220,[am,0.1627956989247312
4224,勴h,0.19189189189189187
4225,y疾,0.1705813953488372
4226,c_i,0.14157894736842105
4227,BT,0.17058823529411762
4228,gcTY,0.18178947368421053
4229,sG,0.2018390804597701
4230,_蒼,0.13773722627737228
4231,ؗT,0.16848484848484846
4232,}Y,0.1717910447761194
4233,TRK,0.17338842975206611
4234,쑊Oi,0.15924731182795698
4236,q,0.12409090909090909
4237,L,0.165607476635514
4238,œ,0.12653061224489795
4239,|cC,0.17308510638297872
4240,T,0.1552212389380531
4241,dK,0.1614423076923077
4243,,0.15826086956521737
4244,ؐ,0.13904109589041097
4245,,0.18158536585365853
4246,쑽ߗR,0.1785542168674699
4247,ꎓD,0.15807228915662652
4248,{,0.18318840579710147
4251,落u,0.21125
4252,N,0.175125
4253,^l,0.16793103448275862
4254,쓇\i,0.14310679611650487
4256,nӍ_i,0.1312280701754386
4257,Ð쌒,0.1493846153846154
4258,֍l,0.18442477876106195
4259,^떾u,0.15125
4260,zI,0.16935779816513763
4261,Sb,0.15460526315789475
4262,nM,0.14901960784313725
4263,dY,0.16388349514563105
4264,͕,0.15836065573770491
4266,c@,0.1475
4268,ar,0.163974358974359
4269,RT,0.16043010752688172
4270,ݖ{YM,0.18177777777777776
4271,,0.15577777777777777
4272,LF,0.15267326732673267
4273,,0.19252525252525252
4274,F,0.14882978723404255
4275,͂₩,0.20175
4276,؏,0.14560439560439561
4277,c,0.15928571428571428
4278,r,0.12089430894308945
4281,V喲,0.16518987341772154
4283,ΈT,0.18345454545454545
4286,c₩,0.15346534653465346
4287,Mm,0.15338709677419354
4288,ic[,0.126
4289,q,0.12689999999999999
4290,c_,0.13320754716981134
4292,T,0.13595505617977527
4293,ؒq[,0.16177083333333334
4294,ÉɋP,0.16182926829268293
4295,⏮,0.13234782608695653
4296,英T,0.12341176470588236
4297,RcN,0.1018
4298,{,0.1766086956521739
4299,_,0.14194444444444446
4300,,0.2046376811594203
4301,֗T,0.15371794871794872
4302,đ,0.15571428571428572
4303,q,0.19056603773584904
4304,菬S,0.13
4305,q,0.15415584415584416
4306,Ȗr,0.19658536585365854
4308,͑,0.17074766355140186
4311,m,0.16911764705882354
4314,؍KY,0.14114285714285715
4315,RV,0.17875
4317,ؑїF,0.1951851851851852
4318,K,0.15990291262135922
4319,O,0.16272727272727275
4320,,0.11692307692307694
4323,RcC,0.16387755102040819
4324,CNuY,0.13542056074766357
4325,Vo_i,0.16310344827586207
4327,,0.2034
4329,i,0.16894736842105265
4330,ސ{[,0.11344262295081967
4331,ODEl,0.16258426966292136
4332,㏲,0.17123076923076924
4335,я,0.1221698113207547
4336,cn,0.15725490196078432
4337,{^V,0.12091836734693877
4339,[,0.19677777777777777
4340,y,0.32
4342,JBu,0.18770491803278688
4343,,0.17925373134328357
4344,VcYj,0.14623853211009175
4345,ڌ,0.1614423076923077
4346,OcY,0.1836111111111111
4347,JD,0.15517857142857142
4348,{菧,0.1769090909090909
4349,H,0.15234567901234566
4350,茳u,0.12902439024390244
4351,EM,0.1512
4352,YY,0.1271604938271605
4355,L,0.20773333333333333
4356,ǖ,0.16016666666666665
4357,ca,0.1708910891089109
4358,{f,0.21000000000000002
4359,쐹u,0.12801724137931034
4360,iF,0.179
4361,ד,0.14290322580645162
4362,yq,0.11980769230769231
4363,F,0.15892561983471074
4364,ri,0.13563380281690143
4365,{^,0.1847169811320755
4366,Oj,0.14950000000000002
4367,RCH,0.2157692307692308
4368,Rj,0.17772277227722771
4369,O,0.17912087912087912
4370,RB,0.16818181818181815
4371,RM_,0.14164383561643834
4372,cC,0.15629032258064515
4373,ዷޔq,0.19327102803738316
4374,ic`h,0.16746666666666668
4375,Ɖm,0.163135593220339
4376,cO,0.16969072164948454
4377,_{D,0.17137254901960786
4379,KaG,0.16686956521739132
4380,؏sC,0.16627906976744186
4381,cHj,0.1579047619047619
4382,Rq,0.17285714285714285
4383,|cgs,0.1609090909090909
4384,ߖ{,0.16285714285714287
4385,ؗSq,0.2115909090909091
4387,Rq,0.16297619047619047
4388,VFG,0.1646078431372549
4389,ɓq,0.18326530612244898
4390,{|Y,0.17074074074074075
4391,cSG,0.15764705882352942
4393,cF,0.19847222222222222
4394,iT,0.16532467532467532
4395,͉j,0.16765306122448978
4396,c,0.20373626373626372
4397,,0.12745901639344262
4398,DmY,0.1379611650485437
4399,{b,0.16707317073170733
4400,ތ,0.19367647058823528
4401,ё,0.14907216494845363
4402,qj,0.1775
4403,؉囒,0.14545454545454545
4404,݈,0.20029126213592233
4405,엘,0.18602739726027398
4406,Kj,0.1622340425531915
4407,qO,0.19228813559322036
4408,mȂ₩,0.21333333333333335
4409,⌳_m,0.14364406779661015
4410,,0.19081081081081083
4411,cG,0.16664062500000001
4413,,0.16647058823529412
4414,V^,0.17454545454545453
4415,o,0.13370967741935486
4416,O,0.16269999999999998
4417,,0.2044155844155844
4418,II,0.143625
4419,,0.15716216216216217
4420,Ëv,0.16717171717171717
4421,XL,0.1795918367346939
4422,i䗺,0.18896551724137933
4423,MF,0.18310810810810813
4424,V,0.15762376237623762
4425,䐴M,0.16746835443037975
4427,`p,0.14491666666666667
4428,LB,0.13759615384615384
4429,Lcחm,0.17704081632653063
4430,icG,0.17108333333333334
4431,Β˗T,0.16140000000000002
4432,͗,0.16781818181818184
4433,B,0.17752577319587629
4434,cCF,0.16869158878504673
4435,B,0.1849425287356322
4436,aJ,0.15541284403669725
4437,c,0.15471698113207547
4438,XY,0.1287037037037037
4439,ߓF,0.16698924731182796
4440,m,0.17206521739130434
4441,iRy,0.12582608695652175
4442,|,0.1655
4443,ÓcTG,0.21077777777777776
4444,ː,0.1413793103448276
4445,{nP,0.12548076923076923
4446,ac,0.14165217391304347
4447,[얃ޔ,0.1567741935483871
4448,،,0.188
4449,B,0.15494382022471911
4450,ލ,0.1508411214953271
4451,SY,0.16636363636363635
4452,,0.16858695652173913
4456,q,0.16417721518987344
4457,_cB,0.17156626506024097
4458,YO,0.15241379310344827
4459,ЉT,0.11577586206896552
4460,㓡ĔV,0.14628099173553719
4461,cgG,0.16924050632911394
4462,ĎR,0.18383561643835616
4463,OύWK,0.1743478260869565
4464,RFM,0.20246153846153847
4465,吼,0.17811764705882355
4466,CT,0.18555555555555556
4467,n糏r,0.14023809523809522
4468,rC,0.1388888888888889
4469,yR,0.1751948051948052
4470,cVC,0.15045454545454545
4471,Vc׏,0.1655045871559633
4472,L,0.15804878048780488
4473,,0.14393258426966293
4474,nӐ,0.170625
4475,iSP,0.15452631578947368
4477,mu,0.14495412844036698
4478,N{,0.1667857142857143
4479,^,0.1812280701754386
4482,牮,0.15196261682242992
4483,kPG,0.1493220338983051
4484,ċG,0.20333333333333334
4485,팴,0.1545744680851064
4486,쑺,0.16403846153846152
4487,Oi,0.1854945054945055
4488,R,0.15320754716981133
4489,mm,0.17085365853658535
4491,c,0.18415584415584416
4492,{Ga,0.1726984126984127
4494,͍C,0.14275510204081632
4495,XWY,0.1550632911392405
4496,xw,0.1752808988764045
4497,KI,0.12526881720430108
4498,{{Ď,0.17553191489361702
4499,^Rq,0.15600000000000003
4500,RcN,0.14119658119658118
4501,R,0.1521818181818182
4502,G~,0.1435714285714286
4503,^V,0.11875
4504,Oc,0.14237113402061857
4505,cl,0.155
4506,Bc,0.13552380952380952
4508,ԑ,0.18689655172413794
4509,^F,0.18144144144144145
4511,l,0.19516129032258064
4512,Nj,0.15583333333333332
4513,͖^,0.17193548387096774
4514,㞊Îk,0.17451127819548873
4515,c_l,0.17789473684210524
4516,O,0.1501123595505618
4518,{F,0.16028846153846155
4519,,0.15758620689655173
4520,qF,0.15818181818181817
4521,r,0.16844155844155845
4522,VI,0.13717391304347828
4523,C,0.13833333333333334
4524,[Jm,0.11883495145631068
4525,^qޒÎ,0.14011904761904762
4526,rcYS,0.15936170212765957
4527,S,0.18012345679012345
4528,B,0.15831932773109245
4529,`M,0.14505747126436783
4530,쐶,0.1602816901408451
4531,xq,0.14772151898734176
4532,HN,0.1565979381443299
4533,dЎ,0.16523255813953489
4534,F,0.19634146341463415
4535,kRN,0.1287912087912088
4536,,0.17084112149532713
4537,n糘a,0.11631578947368422
4538,}uV,0.1494285714285714
4539,qu,0.135
4540,,0.1359493670886076
4543,d؋PF,0.19767441860465115
4544,cuY,0.16932773109243696
4545,c,0.12653225806451612
4546,lc,0.15712962962962962
4547,c,0.15434782608695652
4549,ѕF,0.19468354430379747
4550,Ή,0.16595744680851063
4551,OV,0.17696969696969697
4552,R,0.15410526315789475
4553,،,0.15436781609195402
4555,xi,0.1874418604651163
4557,L,0.1617105263157895
4558,{m,0.18789999999999998
4560,iǁX,0.13880434782608694
4561,Rđ,0.20142857142857143
4562,{E,0.20759036144578313
4563,V^V,0.1889873417721519
4564,R{imY,0.18738461538461537
4565,m,0.16971014492753625
4566,ckl,0.14551724137931035
4567,㑺TY,0.22783783783783784
4568,A^,0.13956521739130434
4569,VG,0.15223880597014924
4570,Oc,0.1326
4571,͍,0.17191489361702128
4572,n,0.1456818181818182
4573,,0.13958762886597936
4574,,0.18514285714285716
4575,˒˖MD,0.1481578947368421
4578,RO,0.15764150943396227
4579,Y,0.15839080459770113
4580,Ja,0.15690909090909091
4581,g,0.1347967479674797
4583,ÓcSM,0.1622093023255814
4584,l,0.12315789473684212
4586,镔,0.12731481481481483
4587,ؓcRG,0.16131868131868132
4588,c,0.1556179775280899
4589,ˉ,0.1678494623655914
4590,n糗D,0.15123456790123457
4592,эFO,0.17349397590361446
4593,@i,0.1783116883116883
4594,JS,0.1494059405940594
4596,z,0.15932773109243697
4598,F,0.16123711340206187
4600,Y,0.1336111111111111
4601,X쐳O,0.14380530973451328
4603,J쏫,0.14728155339805826
4604,␣T,0.14370786516853934
4607,ߓcEY,0.17415254237288136
4608,rČ,0.13712
4610,C,0.1726315789473684
4611,,0.1569767441860465
4614,Αqms,0.13107843137254901
4615,q֎j,0.2208450704225352
4618,TNF,0.16865671641791047
4619,cT,0.196027397260274
4623,kj,0.17410714285714285
4624,c,0.17716666666666667
4625,n粗TM,0.15037037037037038
4626,ɓh,0.198
4627,؊,0.14833333333333332
4630,il,0.1658181818181818
4631,VpF,0.13030927835051548
4632,uY,0.19677777777777777
4633,Xq,0.15454545454545454
4635,d͖,0.14333333333333334
4636,ԒrC,0.1784313725490196
4637,cF,0.16545454545454547
4638,їɑ,0.18782608695652175
4639,GEM,0.1781818181818182
4640,Rml,0.1514285714285714
4641,鑺,0.19493975903614458
4642,ĊC,0.15294117647058825
4643,ߍ]Č,0.15307692307692308
4644,Rc,0.15186046511627907
4645,㑺,0.15415094339622643
4648,ؑ,0.1635897435897436
4649,ac,0.14359223300970875
4650,RY,0.15914893617021278
4651,R,0.17507246376811594
4652,s,0.1463076923076923
4653,B,0.15980952380952382
4654,cD,0.14721649484536084
4656,,0.15636363636363637
4659,؉đ,0.13959349593495937
4660,FcM,0.20287878787878788
4661,V,0.21078125
4662,ЎRY,0.24916666666666668
4663,Rx,0.15191011235955057
4664,W,0.1838961038961039
4665,[,0.1791111111111111
4666,}O,0.157816091954023
4669,,0.18072289156626506
4672,牮n,0.19383561643835617
4674,rcK,0.157196261682243
4675,Ǒ,0.13530303030303029
4676,㓡V,0.14505263157894735
4677,ЋKM,0.14137254901960783
4678,],0.16920454545454547
4679,Ac,0.17714285714285716
4680,㓡,0.20267441860465116
4681,c,0.17418604651162792
4682,l,0.12938053097345134
4683,c,0.114
4684,팴đ,0.1788095238095238
4685,K,0.12727272727272726
4686,ۖ,0.165632183908046
4688,iV,0.13542056074766357
4689,Lc,0.1803921568627451
4690,Η,0.16127659574468084
4691,T,0.1661797752808989
4692,rO,0.13623376623376623
4693,_m,0.19194444444444445
4694,c,0.18359375
4695,Y,0.18281250000000002
4697,Oĕ,0.18106382978723404
4700,qaV,0.15588709677419357
4702,OYh,0.143875
4703,Xi,0.15225225225225225
4704,͖,0.16294117647058823
4705,gE,0.1364130434782609
4706,OYmN,0.17247787610619467
4708,c,0.20181818181818184
4709,,0.17989999999999998
4710,c@,0.1527848101265823
4711,OoBg,0.14519480519480518
4713,_D,0.15433333333333335
4714,쑽{Ǔ,0.17942857142857144
4715,,0.12898876404494383
4718,k쑾,0.16378947368421054
4719,㞊,0.1449438202247191
4720,Vԗ,0.1844927536231884
4723,gF,0.16819444444444442
4724,gcSM,0.19318181818181818
4725,|,0.1971111111111111
4726,cȂ,0.1514285714285714
4727,T,0.1623529411764706
4728,R,0.18876404494382024
4729,jN,0.17166666666666666
4730,y,0.2016326530612245
4731,Ԗ쌓,0.15390625
4732,x{a,0.12513761467889908
4733,Ԉr,0.15433333333333335
4734,͓,0.16241379310344828
4735,pRY,0.17746478873239435
4736,qam,0.125125
4737,|Mj,0.15537634408602152
4738,WĎq,0.16194690265486728
4739,W,0.1475229357798165
4740,VB,0.20012500000000003
4743,ؑmI,0.14359223300970875
4744,ɓ,0.21600000000000003
4746,哤c,0.18857142857142858
4747,RːM,0.17910714285714288
4748,n糗YN,0.13300884955752212
4750,㏮,0.17293478260869566
4752,,0.18083333333333332
4753,Xƕv,0.15860759493670884
4754,[,0.14454545454545456
4757,RcS,0.1475
4758,x~,0.19578947368421054
4759,F,0.158411214953271
4760,RS,0.11811965811965812
4761,RcW,0.12794871794871795
4762,[jN,0.12440944881889765
4764,rT,0.16999999999999998
4765,cGq,0.1443103448275862
4766,ΈFV,0.12608247422680413
4769,nꍄ,0.12162500000000001
4771,Ga,0.1588
4772,ΊۊCn,0.10842696629213483
4773,,0.18284313725490195
4775,t^,0.1972093023255814
4776,|ca,0.16346666666666668
4778,[,0.17988636363636365
4779,ɑq,0.16166666666666668
4780,}CPc,0.1756666666666667
4781,ډʗ,0.1738805970149254
4782,l菀,0.16598039215686275
4784,c^I,0.19533333333333333
4785,ؔ,0.18814285714285714
4786,,0.13505376344086023
4787,ŖL,0.1566153846153846
4788,rN,0.15537037037037038
4789,ÉqV,0.17491803278688525
4790,h,0.15981981981981982
4791,V߂,0.15684782608695652
4792,,0.17500000000000002
4793,qG,0.1575892857142857
4794,ac,0.12151260504201682
4796,t,0.15770833333333334
4797,R,0.15146341463414634
4798,l^,0.13236842105263158
4803,ѓc,0.1886813186813187
4804,cЂ,0.20656249999999998
4808,,0.1719327731092437
4809,O,0.15931034482758621
4811,cCI,0.1651578947368421
4812,YM,0.16931034482758622
4813,{,0.19829268292682928
4815,S,0.1805
4816,C,0.15191011235955057
4817,n糗,0.1737113402061856
4818,r,0.11727272727272726
4819,I{,0.1598901098901099
4821,ȒW,0.1997727272727273
4822,S,0.1878787878787879
4823,,0.13609756097560977
4824,^,0.1360377358490566
4825,q仁X,0.131875
4826,P,0.13984251968503938
4828,R,0.138
4831,H쒼,0.12161290322580645
4832,r,0.15710144927536232
4834,l{T,0.17090909090909093
4835,{,0.152
4836,J,0.17202380952380952
4837,zS,0.1889473684210526
4839,l{^,0.1374766355140187
4840,؏G,0.18121951219512195
4842,RV,0.17337078651685392
4843,[bb,0.1725287356321839
4844,ޕ,0.18577777777777776
4845,Ocъ,0.148
4846,x,0.17326315789473684
4847,Y,0.12202020202020201
4848,JDm,0.15401785714285715
4850,쒆ꕽ,0.1246875
4851,֍_,0.1395876288659794
4852,쌴S,0.16666666666666666
4853,O,0.2052
4856,LcmY,0.14581632653061224
4857,Ĕn,0.1725609756097561
4861,cG,0.17244897959183672
4863,OYTM,0.13430232558139535
4864,I,0.16142857142857145
4865,hi,0.18605633802816904
4866,{p,0.14654761904761907
4871,erGu,0.18394736842105264
4872,RS,0.18960000000000002
4873,,0.20237500000000003
4874,rcޒÔ,0.13815789473684212
4875,ˍN,0.1855952380952381
4876,~،h,0.17376470588235293
4877,Jꕽ,0.1446987951807229
4878,疢,0.17529411764705882
4879,RS,0.15773809523809523
4880,VY,0.14728971962616821
4881,h,0.1943478260869565
4882,,0.21444444444444444
4883,P,0.14142857142857143
4884,Y^,0.13142857142857142
4886,C],0.1566265060240964
4887,xVS,0.14423529411764704
4888,,0.17103448275862068
4889,㓡,0.13215909090909092
4890,ΐ,0.15227848101265823
4891,,0.16518867924528302
4892,ēc,0.1656842105263158
4893,n糐^ޔ,0.17733333333333334
4894,,0.178
4895,ԗY,0.16135135135135134
4896,Ԗ{,0.18739130434782608
4898,enh,0.18395348837209302
4899,蕔^,0.1748780487804878
4900,c[M,0.1691919191919192
4902,RY,0.1792222222222222
4903,gcN,0.155
4904,{B,0.17525252525252527
4905,yˌ,0.19822916666666668
4906,؉,0.16511627906976745
4907,rC,0.14559139784946237
4908,c,0.1487912087912088
4909,,0.16952941176470587
4910,ו,0.17324324324324325
4911,Љn,0.13523809523809524
4914,gcT,0.1286
4917,⋴Tn,0.18724137931034482
4918,쓇Y,0.14947368421052631
4919,gcČ,0.1381081081081081
4924,k,0.18106382978723404
4925,XIH,0.12986301369863015
4926,gMm,0.15421052631578946
4927,֖앶,0.1567826086956522
4928,I鏠,0.1719090909090909
4930,I,0.1416842105263158
4931,ؒJ,0.16137404580152673
4932,VJq,0.14604166666666665
4933,Љ,0.1482258064516129
4934,Xēl,0.15990099009900988
4936,˕~W,0.16214285714285714
4938,,0.19556818181818184
4939,{VPI,0.14543209876543212
4940,ΗL,0.16548387096774192
4941,S,0.2038709677419355
4942,ēc,0.1581012658227848
4943,؎,0.15555555555555556
4944,cB,0.16451612903225804
4945,㑺G,0.15745098039215685
4946,Dz,0.215
4947,ԒؓE,0.18609195402298853
4948,؏I,0.1733333333333333
4949,cM,0.16532608695652176
4950,,0.18928571428571428
4951,Vcm,0.15038961038961038
4952,g^,0.1868421052631579
4953,,0.1601639344262295
4956,ꎓ叫,0.17475409836065575
4957,|V,0.17470085470085472
4958,aC`,0.148018018018018
4959,㒉,0.16375
4960,쌳,0.1615294117647059
4961,ޖ,0.14727272727272728
4962,,0.17683673469387756
4963,XS,0.15133333333333332
4965,,0.19409638554216868
4966,cM,0.14685393258426965
4967,@,0.14744444444444443
4969,c,0.17958904109589044
4970,䒬,0.1825
4973,I,0.19753424657534246
4974,䐐I,0.14583333333333334
4976,R,0.15721739130434784
4977,ns,0.17693333333333333
4978,Rca,0.17736842105263156
4979,얲l,0.19031746031746033
4980,X؊,0.15457943925233644
4981,qR֖,0.16927536231884058
4982,,0.17549019607843136
4983,Ocč,0.17028301886792455
4984,X,0.17400000000000002
4985,{,0.15283464566929134
4987,qs,0.1860344827586207
4988,c,0.14986666666666668
4989,Ό,0.1422549019607843
4990,cq,0.23448979591836736
4991,@s,0.17885416666666668
4992,Ač,0.16546875
4994,R{,0.185
4995,c糗,0.1937777777777778
4997,_,0.1835483870967742
5000,{đY,0.13477272727272727
5002,c,0.15385542168674698
5003,cߐD,0.19156626506024096
5004,͖,0.1568965517241379
5005,ΓcMm,0.15
5006,vیGl,0.16210526315789475
5007,ߓYY,0.18831460674157305
5008,H,0.14390804597701148
5009,ꗴV,0.14860215053763443
5010,Fcĕ,0.14894736842105263
5011,،\,0.2067857142857143
5012,qА,0.12119565217391305
5013,Rė,0.16956521739130434
5014,Rl,0.1330864197530864
5015,,0.14742424242424243
5016,{cn,0.13816091954022988
5017,Vc,0.15096153846153848
5018,|,0.17353535353535354
5019,ēcSb,0.1739622641509434
5020,{E,0.1498611111111111
5022,ɓ,0.18441176470588236
5023,vi˕,0.15701492537313433
5025,c,0.15863636363636366
5026,͓,0.15380281690140846
5027,dyE,0.1597752808988764
5028,cˈY,0.16273504273504272
5029,,0.155
5030,q,0.19555555555555557
5031,nӋ,0.19014925373134328
5032,JmD,0.17024999999999998
5033,Fl,0.18252525252525253
5034,ы`l,0.1423529411764706
5035,ND,0.2047692307692308
5036,cČ,0.1586021505376344
5037,cՐe,0.18854368932038837
5038,cq,0.1876530612244898
5039,qcΏ,0.16954022988505746
5041,rq⍹,0.18597222222222223
5042,c,0.11857142857142858
5043,,0.15955752212389382
5044,n糌,0.17106382978723406
5045,썁D,0.1777906976744186
5046,RT,0.17733333333333334
5047,Y,0.16765432098765432
5048,N,0.19541176470588234
5049,F,0.1661842105263158
5050,؉Y,0.14903225806451612
5051,{,0.16252525252525252
5053,RL,0.19083333333333333
5054,Xؑ,0.14617977528089887
5055,͑,0.16375
5057,cѓ,0.1605
5058,O哹,0.16432835820895522
5059,yc,0.14704545454545453
5060,@,0.1714
5061,x,0.17025974025974025
5063,ˉ뎡,0.18660714285714283
5064,i,0.15329268292682927
5065,ɋvԗzD,0.1565263157894737
5066,؍F,0.16545454545454547
5067,Rc^,0.16902439024390242
5068,Oc,0.15148760330578515
5069,R菬t,0.15266666666666664
5070,q,0.18149253731343284
5071,쌩R,0.1622222222222222
5073,㌴Y,0.17468354430379748
5074,V,0.1765
5075,G,0.1758
5076,Ό,0.18284090909090908
5077,,0.1459375
5078,Rg,0.20972222222222223
5079,ΐ^,0.20505882352941177
5081,,0.18510204081632653
5082,F,0.1881720430107527
5083,,0.15609756097560976
5084,ia,0.12723214285714285
5085,h,0.1902061855670103
5086,{,0.18951807228915662
5087,q,0.16361702127659575
5088,lG,0.16570093457943927
5089,Oc,0.15927710843373494
5090,,0.1821686746987952
5091,ז{q,0.17794117647058824
5092,,0.14405940594059408
5093,YC,0.16688311688311688
5095,,0.14577319587628867
5096,㌴,0.1269811320754717
5098,],0.16271428571428573
5100,In,0.19666666666666666
5102,cY,0.20545454545454545
5103,œc,0.18838709677419355
5104,Rc,0.1702
5105,xc,0.1722093023255814
5106,R,0.21316326530612245
5107,{^L,0.16825396825396824
5109,q,0.14202531645569622
5110,R,0.16163636363636363
5111,Oxl,0.16344444444444445
5112,mP,0.16755725190839693
5113,Ԗ,0.20470588235294118
5114,эF,0.16848837209302325
5115,D,0.15633928571428574
5117,y,0.20772727272727273
5118,cȂÂ,0.21484848484848484
5120,R{N,0.1693939393939394
5121,菼E,0.1365
5122,n,0.15573529411764706
5123,Rb,0.16936507936507936
5124,눺,0.1466304347826087
5125,Y,0.1636144578313253
5126,RP,0.18264367816091956
5127,cs,0.18811111111111112
5128,؈uC,0.22548387096774195
5129,R^q,0.17730769230769233
5130,n,0.18371134020618557
5131,]֍G,0.1878125
5132,,0.15177083333333333
5133,xzYM,0.16873417721518988
5134,匴ˏ,0.1310989010989011
5135,q,0.15186813186813186
5136,_ln,0.13723809523809524
5137,쌴,0.14532608695652174
5138,{听,0.20515151515151517
5139,PG,0.203
5140,gcʔT,0.18812500000000001
5141,V,0.12244186046511629
5142,Z@,0.13193548387096773
5143,ՊCS,0.1940506329113924
5144,ʍ,0.21059999999999998
5145,CP,0.1571153846153846
5146,cʉ,0.16864077669902913
5147,cE,0.1321276595744681
5148,{,0.18658536585365854
5150,{YI,0.1519298245614035
5151,Rޏ,0.26382978723404255
5152,ێRS,0.2533333333333333
5153,ق̂,0.18295774647887325
5154,h,0.1625
5155,RC,0.17174603174603176
5156,삳,0.17623655913978495
5157,s쌒,0.16934782608695653
5158,{eɑ,0.15623853211009175
5160,Xl,0.14800000000000002
5161,oʔS,0.12932773109243698
5162,,0.18953488372093025
5163,C,0.1798780487804878
5164,Xc,0.2448936170212766
5165,ш,0.1875
5166,,0.17355263157894738
5167,엳N,0.1525301204819277
5170,,0.1532
5171,B,0.1586842105263158
5172,cc,0.16999999999999998
5173,J@,0.166
5174,G,0.15473684210526317
5175,N,0.25325000000000003
5176,Αq,0.19115384615384615
5177,ё,0.20371794871794874
5178,ԕ,0.20683333333333334
5179,{P,0.17075
5180,{і퍁,0.19209302325581395
5181,Xq,0.1471578947368421
5182,{,0.1795
5183,F,0.1656842105263158
5184,ђˋ,0.19938775510204082
5185,D,0.15633663366336634
5186,\,0.16712500000000002
5187,╗,0.19067961165048544
5188,仗,0.19323529411764706
5189,,0.2108888888888889
5190,匎V,0.21492753623188407
5191,c],0.12487999999999999
5192,D,0.19678571428571429
5193,Ċ۔TG,0.17126436781609194
5194,vۗC,0.15650943396226416
5195,kJX,0.17140625
5196,kC,0.16141304347826085
5197,m,0.11771084337349397
5198,,0.18404761904761907
5199,I,0.15984615384615386
5200,,0.181
5201,@Y,0.1932911392405063
5203,_Չ,0.155
5205,Y,0.16305555555555556
5206,~˕,0.1352
5207,Rh,0.20205128205128206
5208,ǗI,0.1462121212121212
5209,싞,0.1957142857142857
5210,l,0.1511392405063291
5211,x,0.17059999999999997
5212,,0.16258426966292136
5213,ǋI,0.19540229885057472
5214,cGT,0.19768115942028985
5215,Ίۏ,0.16466666666666668
5216,J쐰,0.15833333333333335
5217,ɐ,0.1485217391304348
5218,Rc,0.14722222222222223
5219,XaI,0.1553061224489796
5220,ؘ@,0.14446808510638298
5221,|ԗ,0.16436619718309858
5222,Óc,0.16223300970873789
5223,XF,0.20038461538461538
5224,S,0.15805309734513273
5225,֓,0.25033333333333335
5226,crS,0.16010309278350518
5227,쌴,0.15707317073170732
5228,ю,0.15203703703703705
5229,g쐰l,0.1664102564102564
5230,Ό,0.19604166666666667
5231,c,0.19708333333333336
5232,Rn,0.13903225806451613
5234,ˉzCl,0.17054945054945053
5235,c,0.19674698795180726
5236,{,0.1880952380952381
5237,iǋ,0.1828358208955224
5238,؍,0.1808421052631579
5239,r,0.175
5240,,0.17132075471698113
5241,cx,0.15551020408163266
5242,ROl,0.19235294117647062
5243,Onj,0.1701639344262295
5244,c,0.18702702702702703
5245,qx吽,0.18407766990291263
5246,폫Y,0.17815217391304347
5247,X,0.18746987951807229
5248,{c,0.17847457627118643
5249,Oؐl,0.15476190476190477
5250,cL,0.224390243902439
5251,c,0.20192982456140351
5252,rDl,0.1567816091954023
5253,䑾,0.16157894736842104
5254,Hc܊,0.21527272727272728
5255,,0.16140625
5256,Rđ,0.15794871794871795
5257,ۘБN,0.17803030303030304
5258,{w,0.18318840579710147
5259,c,0.18742268041237112
5261,S,0.17666666666666667
5262,؏͎i,0.19194444444444445
5263,ԓcM,0.19147058823529411
5264,o݂Љ,0.16379310344827586
5265,AG,0.16722772277227724
5266,ΓcEl,0.25086956521739134
5267,Ζ{T,0.1454330708661417
5268,R{K,0.17421052631578948
5269,RW,0.15095652173913043
5270,ʌ[,0.17244444444444443
5271,Rz,0.1627027027027027
5272,c^,0.16072289156626507
5273,R,0.17386363636363636
5274,Ԑ,0.18037037037037038
5275,c~,0.17971428571428572
5276,哇T,0.17227722772277226
5277,㖢s,0.1660576923076923
5278,cx,0.1656140350877193
5279,ΓnĈY,0.14620689655172414
5280,A,0.20777777777777778
5281,y,0.14134146341463413
5282,{,0.20396825396825397
5283,Aؔ,0.23106382978723403
5284,Î芡O,0.1625
5285,ї,0.18211764705882352
5286,,0.16585714285714284
5287,DJ,0.15489795918367347
5288,@,0.2541509433962264
5289,ϘҋI,0.18035398230088495
5290,{^,0.1725
5291,O,0.2424390243902439
5292,E,0.2103846153846154
5293,蕐,0.17984126984126983
5294,Lcː,0.160561797752809
5295,c,0.22196721311475412
5296,icy,0.2157317073170732
5297,ʔJ,0.22228260869565217
5298,Jl,0.17317460317460318
5299,ۓ֊,0.16179487179487181
5300,cCl,0.18395833333333333
5301,≺Il,0.18158536585365853
5302,H`,0.3066129032258065
5303,y,0.16243589743589743
5304,c,0.25882352941176473
5305,ɓx,0.19641509433962265
5306,͓I,0.21345454545454545
5307,xičƐl,0.1786111111111111
5308,XC,0.2169491525423729
5309,XY,0.1790625
5310,y,0.2203125
5311,ы,0.2080851063829787
5312,ӊsl,0.20950000000000002
5313,ؗB,0.1801219512195122
5314,]ډ,0.20461538461538462
5315,䗃,0.16808988764044944
5316,,0.17053333333333334
5317,G,0.21514851485148515
5318,͓n,0.192803738317757
5319,ߓDl,0.17372093023255814
5320,q,0.17710843373493979
5321,FDP,0.17772727272727273
5322,ݐ^D,0.19597222222222221
5323,z,0.19789473684210526
5324,c,0.20086206896551725
5325,F,0.13883720930232557
5326,O,0.18767857142857142
5327,ca,0.21047619047619048
5328,dl,0.1791304347826087
5329,ql,0.1711594202898551
5330,͓V,0.1632183908045977
5331,i,0.15079365079365079
5332,yP,0.16195121951219513
5333,Rq,0.21634920634920637
5334,~tVS,0.19919540229885055
5335,Xz,0.19349397590361445
5336,n,0.22698795180722892
5337,oF,0.15794117647058825
5338,P,0.16064102564102564
5339,ΈL,0.17619718309859156
5340,]䕑,0.20901234567901233
5341,Rx,0.25547619047619047
5342,S,0.1969642857142857
5343,ї牛,0.1746031746031746
5344,J,0.15521739130434783
5345,qrP,0.22872093023255816
5346,[,0.21052631578947367
5347,V,0.19314285714285714
5348,ъÔJ,0.19384615384615383
5349,{t,0.22282608695652173
5350,ԑǉ,0.16892857142857146
5351,ꎓ,0.1703076923076923
5352,u,0.18000000000000002
5353,s,0.19150943396226416
5354,n粗Yl,0.21
5355,䑾N,0.1985714285714286
5356,Jg,0.17640625000000001
5357,c,0.21909090909090911
5358,{ǎ,0.20074074074074075
5359,,0.2037735849056604
5360,䝔,0.20565217391304347
5361,A|,0.1901818181818182
5362,,0.1865217391304348
5363,R{M,0.22716981132075473
5364,q剛,0.21543478260869567
5365,Αޓ,0.2438
5366,׋,0.23476190476190475
5367,ԏ獁,0.1993617021276596
5368,{SV,0.1726470588235294
5369,⑿,0.20372549019607844
5370,G,0.24089285714285716
5371,D,0.1988135593220339
5372,㉪I,0.19127659574468087
5373,zK,0.233125
5374,؎R吹,0.18958333333333333
5375,,0.2197560975609756
5376,gcS,0.1732
5377,˗䉤,0.15594594594594594
5378,،,0.20755555555555555
5379,A喾,0.22773584905660377
5380,c,0.24431818181818182
5381,LR],0.1604761904761905
5382,RS,0.20872727272727273
5383,,0.21307692307692308
5384,˗,0.244375
5385,ؕA,0.1930769230769231
5386,ċʗ,0.1954
5387,˓cC特,0.24019607843137256
5388,Ds,0.18160714285714286
5389,bǋՔ,0.19271186440677968
5390,,0.20152173913043478
5391,oa,0.21036363636363636
